Successfully assembled to ./sdk/intuitionos/iexec/runtime_builder.ie64 (127808 bytes)

--- Listing ---
         = 0000000000000001  IOS_VERSION_MAJOR  equ 1
         = 0000000000000010  IOS_VERSION_MINOR  equ 16
         = 0000000000000007  IOS_VERSION_PATCH  equ 7
         = 000000004D534F49  IOSM_MAGIC               equ 0x4D534F49
         = 0000000000000001  IOSM_SCHEMA_VERSION      equ 1
         = 0000000000000001  IOSM_KIND_LIBRARY        equ 1
         = 0000000000000002  IOSM_KIND_DEVICE         equ 2
         = 0000000000000003  IOSM_KIND_HANDLER        equ 3
         = 0000000000000004  IOSM_KIND_RESOURCE       equ 4
         = 0000000000000005  IOSM_KIND_COMMAND        equ 5
         = 0000000000000000  IOSM_OFF_MAGIC           equ 0
         = 0000000000000004  IOSM_OFF_SCHEMA_VERSION  equ 4
         = 0000000000000008  IOSM_OFF_KIND            equ 8
         = 0000000000000009  IOSM_OFF_RESERVED0       equ 9
         = 000000000000000A  IOSM_OFF_VERSION         equ 10
         = 000000000000000C  IOSM_OFF_REVISION        equ 12
         = 000000000000000E  IOSM_OFF_PATCH           equ 14
         = 0000000000000010  IOSM_OFF_NAME            equ 16
         = 0000000000000030  IOSM_OFF_FLAGS           equ 48
         = 0000000000000034  IOSM_OFF_MSG_ABI_VERSION equ 52
         = 0000000000000038  IOSM_OFF_BUILD_DATE      equ 56
         = 0000000000000048  IOSM_OFF_COPYRIGHT       equ 72
         = 0000000000000078  IOSM_OFF_RESERVED2       equ 120
         = 0000000000000020  IOSM_NAME_SIZE           equ 32
         = 0000000000000010  IOSM_BUILD_DATE_SIZE     equ 16
         = 0000000000000030  IOSM_COPYRIGHT_SIZE      equ 48
         = 0000000000000080  IOSM_SIZE                equ 128
         = 00000000494F5331  IOSM_NOTE_TYPE           equ 0x494F5331
         = 0000000000000001  SYS_ALLOC_MEM     equ 1
         = 0000000000000002  SYS_FREE_MEM      equ 2
         = 0000000000000004  SYS_MAP_SHARED    equ 4
         = 0000000000000005  SYS_CREATE_TASK   equ 5
         = 000000000000000B  SYS_ALLOC_SIGNAL  equ 11
         = 000000000000000C  SYS_FREE_SIGNAL   equ 12
         = 000000000000000D  SYS_SIGNAL        equ 13
         = 000000000000000E  SYS_WAIT          equ 14
         = 000000000000000F  SYS_CREATE_PORT   equ 15
         = 0000000000000010  SYS_FIND_PORT     equ 16
         = 0000000000000011  SYS_PUT_MSG       equ 17
         = 0000000000000012  SYS_GET_MSG       equ 18
         = 0000000000000013  SYS_WAIT_PORT     equ 19
         = 0000000000000014  SYS_REPLY_MSG     equ 20
         = 000000000000001A  SYS_YIELD         equ 26
         = 000000000000001B  SYS_GET_SYS_INFO  equ 27
         = 000000000000001C  SYS_MAP_IO        equ 28
         = 0000000000000021  SYS_DEBUG_PUTCHAR equ 33
         = 0000000000000022  SYS_EXIT_TASK     equ 34
         = 0000000000000023  SYS_EXEC_PROGRAM  equ 35
         = 0000000000000024  SYS_OPEN_LIBRARY  equ 36
         = 0000000000000026  SYS_HWRES_OP      equ 38
         = 0000000000000027  SYS_BOOT_MANIFEST equ 39
         = 0000000000000028  SYS_BOOT_HOSTFS   equ 40
         = 0000000000000029  SYS_BOOT_ELF_EXEC equ 41
         = 000000000000002A  SYS_QUOTA_SET_LIMIT equ 42
         = 000000000000002B  SYS_CLOSE_LIBRARY equ 43
         = 000000000000002C  SYS_ADD_LIBRARY   equ 44
         = 000000000000002D  SYS_OPEN_LIBRARY_EX equ 45
         = 000000000000002E  SYS_M16_COPY_MODULE_NAME equ 46
         = 000000000000002F  SYS_M16_LIBRARY_LOAD_RESULT equ 47
         = 0000000000000030  SYS_SET_RESIDENT equ 48
         = 0000000000000031  SYS_M16_EXPUNGE_RESULT equ 49
         = 0000000000000032  SYS_ADD_HANDLER  equ 50
         = 0000000000000033  SYS_ADD_DEVICE   equ 51
         = 0000000000000034  SYS_ADD_RESOURCE equ 52
         = 0000000000000000  ERR_OK            equ 0
         = 0000000000000001  ERR_NOMEM         equ 1
         = 0000000000000002  ERR_BADHANDLE     equ 2
         = 0000000000000003  ERR_BADARG        equ 3
         = 0000000000000004  ERR_NOTFOUND      equ 4
         = 0000000000000005  ERR_PERM          equ 5
         = 0000000000000006  ERR_AGAIN         equ 6
         = 0000000000000007  ERR_TOOLARGE      equ 7
         = 0000000000000008  ERR_EXISTS        equ 8
         = 0000000000000009  ERR_FULL          equ 9
         = 000000000000000A  ERR_QUOTA         equ 10
         = 000000000000000B  ERR_LIB_VERSION   equ 11
         = 000000000000000C  ERR_UNSUPPORTED   equ 12
         = 0000000000000001  BOOT_ELF_EXEC_FLAG_TRUSTED_INTERNAL equ 0x1
         = 0000000000000001  MODCLASS_LIBRARY  equ 1
         = 0000000000000002  MODCLASS_DEVICE   equ 2
         = 0000000000000003  MODCLASS_HANDLER  equ 3
         = 0000000000000004  MODCLASS_RESOURCE equ 4
         = 0000000000000001  MAPF_READ         equ 0x01
         = 0000000000000002  MAPF_WRITE        equ 0x02
         = 0000000000000001  MMU_CTRL_ENABLE   equ 0x01
         = 0000000000000002  MMU_CTRL_SUPER    equ 0x02
         = 0000000000000004  MMU_CTRL_SKEF     equ 0x04
         = 0000000000000008  MMU_CTRL_SKAC     equ 0x08
         = 0000000000000010  MMU_CTRL_SUA      equ 0x10
         = 0000000000000009  FAULT_SKEF        equ 9
         = 000000000000000A  FAULT_SKAC        equ 10
         = 0000000000000000  FAULT_NOT_PRESENT equ 0
         = 0000000000000001  FAULT_READ_DENIED equ 1
         = 0000000000000002  FAULT_WRITE_DENIED equ 2
         = 0000000000000003  FAULT_EXEC_DENIED equ 3
         = 0000000000000004  FAULT_USER_SUPER  equ 4
         = 0000000000000005  FAULT_PRIV        equ 5
         = 0000000000000006  FAULT_SYSCALL     equ 6
         = 0000000000000007  FAULT_MISALIGNED  equ 7
         = 0000000000000008  FAULT_TIMER       equ 8
         = 0000000000000000  SYSINFO_TOTAL_PAGES equ 0
         = 0000000000000001  SYSINFO_FREE_PAGES  equ 1
         = 0000000000000002  SYSINFO_TICK_COUNT  equ 2
         = 0000000000000003  SYSINFO_CURRENT_TASK equ 3
         = 0000000000000004  SYSINFO_QUOTA_CURRENT equ 4
         = 0000000000000005  SYSINFO_QUOTA_LIMIT   equ 5
         = 0000000000000006  SYSINFO_PORT_NAME_BY_INDEX equ 6
         = 0000000000000008  SYSINFO_GUEST_RAM_PAGES equ 8
         = 000000000007D000  KERN_PAGE_TABLE   equ 0x07D000
         = 000000000008D000  KERN_DATA_BASE    equ 0x08D000
         = 00000000000A0000  KERN_STACK_TOP    equ 0x0A0000
         = 0000000000000000  KD_CURRENT_TASK   equ 0
         = 0000000000000008  KD_TICK_COUNT     equ 8
         = 0000000000000010  KD_NUM_TASKS      equ 16
         = 0000000000000018  KD_NONCE_COUNTER  equ 24
         = 0000000000000020  KD_NAME_SCRATCH   equ 32
         = 00000000000000FF  MAX_TASKS         equ 255
         = 0000000000000040  KD_TASK_BASE      equ 64
         = 0000000000000020  KD_TASK_STRIDE    equ 32
         = 0000000000000000  KD_TASK_PC        equ 0
         = 0000000000000008  KD_TASK_USP       equ 8
         = 0000000000000010  KD_TASK_SIG_ALLOC equ 16
         = 0000000000000014  KD_TASK_SIG_WAIT  equ 20
         = 0000000000000018  KD_TASK_SIG_RECV  equ 24
         = 000000000000001C  KD_TASK_STATE     equ 28
         = 000000000000001D  KD_TASK_WAITPORT  equ 29
         = 000000000000001E  KD_TASK_GPR_SAVED equ 30
         = 000000000000001F  KD_TASK_TEARFLAGS equ 31
         = 0000000000000000  TASK_READY        equ 0
         = 0000000000000001  TASK_RUNNING      equ 1
         = 0000000000000002  TASK_WAITING      equ 2
         = 0000000000000003  TASK_FREE         equ 3
         = 0000000000000001  SIGF_PORT         equ 1
         = 0000000000000002  SIGF_MODDEAD      equ 2
         = 00000000000000FF  WAITPORT_NONE     equ 0xFF
         = 000000000000FFFF  SIG_SYSTEM_MASK   equ 0xFFFF
         = 0000000000002020  KD_PTBR_BASE      equ 8224
         = 0000000000002818  KD_PORT_BASE          equ 10264
         = 00000000000000A8  KD_PORT_STRIDE        equ 168
         = 0000000000000020  KD_PORT_INLINE_MAX    equ 32
         = 0000000000000020  KD_PORT_MAX           equ 32
         = 0000000000000004  KD_PORT_FIFO_SIZE     equ 4
         = 000000000000C8C8  KD_PORT_OFLOW_HDR        equ 51400
         = 0000000000000000  KD_PORT_OFLOW_FIRST_PPN  equ 0
         = 0000000000000002  KD_PORT_OFLOW_TOTAL      equ 2
         = 0000000000000004  KD_PORT_OFLOW_PAGES      equ 4
         = 0000000000000006  KD_PORT_OFLOW_RESV       equ 6
         = 000000000000C8D0  KD_TASK_LAYOUT_BASE      equ 51408
         = 0000000000000038  KD_TASK_LAYOUT_STRIDE    equ 56
         = 0000000000000000  KD_TASK_CODE_BASE        equ 0
         = 0000000000000008  KD_TASK_STACK_BASE       equ 8
         = 0000000000000010  KD_TASK_DATA_BASE        equ 16
         = 0000000000000018  KD_TASK_CODE_PAGES       equ 24
         = 000000000000001C  KD_TASK_STACK_PAGES      equ 28
         = 0000000000000020  KD_TASK_DATA_PAGES       equ 32
         = 0000000000000024  KD_TASK_LAYOUT_FLAGS     equ 36
         = 0000000000000028  KD_TASK_LAYOUT_STARTUP   equ 40
         = 0000000000000030  KD_TASK_LAYOUT_PT_BASE   equ 48
         = 0000000000000001  TASK_LAYOUT_FLAG_STACK_GUARD equ 0x00000001
         = 0000000000000002  TASK_LAYOUT_FLAG_TRUSTED_INTERNAL equ 0x00000002
         = 0000000000010098  KD_TASK_IMG_BITMAP       equ 65688
         = 0000000000000040  KD_TASK_IMG_BITMAP_SZ    equ 64
         = 00000000000100D8  KD_TASK_PT_BITMAP        equ 65752
         = 0000000000000040  KD_TASK_PT_BITMAP_SZ     equ 64
         = 0000000000010118  KD_TASK_PUBID_BASE       equ 65816
         = 0000000000000004  KD_TASK_PUBID_STRIDE     equ 4
         = 0000000000010518  KD_TASKID_NEXT           equ 66840
         = 0000000000010520  KD_ASLR_STATE            equ 66848
         = 00000000FFFFFFFF  TASK_PUBID_FREE          equ 0xFFFFFFFF
         = 0000000000010650  KD_MODULE_TABLE          equ 67152
         = 0000000000000050  KD_MODULE_ROW_STRIDE     equ 80
         = 0000000000000010  KD_MODULE_MAX            equ 16
         = 0000000000000000  KD_MODULE_NAME           equ 0
         = 0000000000000020  KD_MODULE_STATE          equ 32
         = 0000000000000024  KD_MODULE_GENERATION     equ 36
         = 0000000000000028  KD_MODULE_VERSION        equ 40
         = 000000000000002A  KD_MODULE_REVISION       equ 42
         = 000000000000002C  KD_MODULE_CLASS          equ 44
         = 0000000000000030  KD_MODULE_OWNING_TASK    equ 48
         = 0000000000000034  KD_MODULE_PUBLIC_PORT    equ 52
         = 0000000000000038  KD_MODULE_OPEN_COUNT     equ 56
         = 000000000000003C  KD_MODULE_FLAGS          equ 60
         = 0000000000000040  KD_MODULE_WAITERS_HEAD   equ 64
         = 0000000000000048  KD_MODULE_DEADLINE_TICK  equ 72
         = 0000000000000000  M16_MODSTATE_UNLOADED    equ 0
         = 0000000000000001  M16_MODSTATE_LOADING     equ 1
         = 0000000000000002  M16_MODSTATE_ONLINE      equ 2
         = 0000000000000003  M16_MODSTATE_FAILED      equ 3
         = 0000000000000004  M16_MODSTATE_EXPUNGING   equ 4
         = 0000000000000020  M16_EXPUNGE_GRACE_TICKS  equ 32
         = 0000000000000001  MODF_RESIDENT           equ 0x00000001
         = 0000000000000002  MODF_COMPAT_PORT        equ 0x00000002
         = 0000000000000004  MODF_ASLR_CAPABLE       equ 0x00000004
         = 000000004D313645  LIB_OP_EXPUNGE          equ 0x4D313645
         = 0000000000010C68  KD_MODULE_WAITER_ROWS    equ 68712
         = 0000000000000018  KD_MODULE_WAITER_STRIDE  equ 24
         = 0000000000000010  KD_MODULE_WAITER_MAX     equ 16
         = 0000000000000000  KD_MODULE_WAITER_TASK    equ 0
         = 0000000000000004  KD_MODULE_WAITER_MINVER  equ 4
         = 0000000000000006  KD_MODULE_WAITER_SIGBIT  equ 6
         = 0000000000000008  KD_MODULE_WAITER_OUTCOME equ 8
         = 000000000000000C  KD_MODULE_WAITER_AUX     equ 12
         = 0000000000000010  KD_MODULE_WAITER_NEXT    equ 16
         = 0000000000010DE8  KD_MODULE_OPEN_ROWS      equ 69096
         = 0000000000000010  KD_MODULE_OPEN_ROW_STRIDE equ 16
         = 0000000000000020  KD_MODULE_OPEN_ROW_MAX   equ 32
         = 0000000000000000  KD_MODULE_OPEN_ROW_TASK  equ 0
         = 0000000000000004  KD_MODULE_OPEN_ROW_INDEX equ 4
         = 0000000000000008  KD_MODULE_OPEN_ROW_GEN   equ 8
         = 000000000000000C  KD_MODULE_OPEN_ROW_COUNT equ 12
         = 0000000000010FE8  KD_MODULE_PATH_SCRATCH   equ 69608
         = 000000000000C0BC  KD_DOSLIB_PUBID          equ 49340
         = 0000000000010B50  KD_BOOT_MANIFEST_BASE       equ 68432
         = 0000000000000028  KD_BOOT_MANIFEST_STRIDE     equ 40
         = 0000000000000007  KD_BOOT_MANIFEST_COUNT      equ 7
         = 0000000000000002  KD_BOOT_MANIFEST_BOOT_COUNT equ 2
         = 0000000000000000  KD_BOOT_MANIFEST_ID         equ 0
         = 0000000000000004  KD_BOOT_MANIFEST_FLAGS      equ 4
         = 0000000000000008  KD_BOOT_MANIFEST_PTR        equ 8
         = 0000000000000010  KD_BOOT_MANIFEST_SIZE       equ 16
         = 0000000000000018  KD_BOOT_MANIFEST_NAME       equ 24
         = 0000000000000020  KD_BOOT_MANIFEST_GTAG       equ 32
         = 0000000000000024  KD_BOOT_MANIFEST_PPN_LO     equ 36
         = 0000000000000026  KD_BOOT_MANIFEST_PPN_HI     equ 38
         = 000000000000000A  BOOT_MANIFEST_ID_CONSOLE    equ 10
         = 000000000000000B  BOOT_MANIFEST_ID_DOSLIB     equ 11
         = 000000000000000C  BOOT_MANIFEST_ID_SHELL      equ 12
         = 000000000000000D  BOOT_MANIFEST_ID_HWRES      equ 13
         = 000000000000000E  BOOT_MANIFEST_ID_INPUT      equ 14
         = 000000000000000F  BOOT_MANIFEST_ID_GRAPHICS   equ 15
         = 0000000000000010  BOOT_MANIFEST_ID_INTUITION  equ 16
         = 0000000000000001  BOOT_MANIFEST_FLAG_TRUSTED_INTERNAL equ 0x1
         = 0000000000000000  QUOTA_KIND_PAGES     equ 0
         = 0000000000000001  QUOTA_KIND_PORTS     equ 1
         = 0000000000000002  QUOTA_KIND_WAITERS   equ 2
         = 0000000000000003  QUOTA_KIND_SHMEM     equ 3
         = 0000000000000004  QUOTA_KIND_GRANTS    equ 4
         = 0000000000000005  QUOTA_KIND_COUNT     equ 5
         = 0000000000000010  KD_QUOTA_ROW_STRIDE    equ 16
         = 0000000000000004  KD_QUOTA_ROW_SHIFT     equ 4
         = 0000000000000000  KD_QUOTA_CUR_PAGES     equ 0
         = 0000000000000002  KD_QUOTA_CUR_PORTS     equ 2
         = 0000000000000004  KD_QUOTA_CUR_WAITERS   equ 4
         = 0000000000000006  KD_QUOTA_CUR_SHMEM     equ 6
         = 0000000000000008  KD_QUOTA_CUR_GRANTS    equ 8
         = 0000000000010638  KD_QUOTA_PAGE_PPN      equ 67128
         = 000000000001063A  KD_QUOTA_LIMIT_PAGE_PPN equ 67130
         = 000000000001063C  KD_QUOTA_LIMITS_BASE   equ 67132
         = 0000000000000400  QUOTA_DEFAULT_PAGES    equ 1024
         = 0000000000000020  QUOTA_DEFAULT_PORTS    equ 32
         = 0000000000000010  QUOTA_DEFAULT_WAITERS  equ 16
         = 0000000000000800  QUOTA_DEFAULT_SHMEM    equ 2048
         = 0000000000000200  QUOTA_DEFAULT_GRANTS   equ 512
         = 000000000000C8CE  KD_TASK_EXIT_HOOK_PPN       equ (KD_PORT_OFLOW_HDR + KD_PORT_OFLOW_RESV)
         = 0000000000000018  KD_TASK_EXIT_HOOK_STRIDE    equ 24
         = 0000000000000004  KD_TASK_EXIT_HOOK_MAX       equ 4
         = 0000000000000000  KD_TASK_EXIT_HOOK_BASE      equ 0
         = 0000000000000000  KD_TASK_EXIT_HOOK_KIND      equ 0
         = 0000000000000004  KD_TASK_EXIT_HOOK_TARGET    equ 4
         = 0000000000000008  KD_TASK_EXIT_HOOK_RECORD    equ 8
         = 0000000000000010  KD_TASK_EXIT_HOOK_STATUS    equ 16
         = 0000000000000014  KD_TASK_EXIT_HOOK_LASTSEQ   equ 20
         = 0000000000000000  TASK_EXIT_HOOK_NONE         equ 0
         = 0000000000000001  TASK_EXIT_HOOK_RECORDER     equ 1
         = 00000000FFFFFFFF  TASK_EXIT_HOOK_TARGET_ANY   equ 0xFFFFFFFF
         = 0000000000000060  KD_TASK_EXIT_SEQ            equ 96
         = 0000000000000000  TASK_EXIT_REC_COUNT         equ 0
         = 0000000000000008  TASK_EXIT_REC_SEQ           equ 8
         = 0000000000000010  TASK_EXIT_REC_SLOT          equ 16
         = 0000000000000018  TASK_EXIT_REC_PUBID         equ 24
         = 0000000000000020  TASK_EXIT_REC_REASON        equ 32
         = 0000000000000028  TASK_EXIT_REC_STATE         equ 40
         = 0000000000000001  TASK_EXIT_REASON_NORMAL     equ 1
         = 0000000000000002  TASK_EXIT_REASON_FAULT      equ 2
         = 0000000000000003  TASK_EXIT_REASON_INTERNAL   equ 3
         = 0000000000000001  TASK_TEARFLAG_HOOKS_RAN     equ 0x01
         = 0000000000000010  KD_PORT_PAGE_HDR_SZ   equ 16
         = 0000000000000000  KD_PORT_PAGE_NEXT     equ 0
         = 0000000000000018  KD_PORT_ROWS_PER_PG   equ 24
         = 0000000000000000  KD_PORT_VALID     equ 0
         = 0000000000000001  KD_PORT_OWNER     equ 1
         = 0000000000000002  KD_PORT_COUNT     equ 2
         = 0000000000000003  KD_PORT_HEAD      equ 3
         = 0000000000000004  KD_PORT_TAIL      equ 4
         = 0000000000000005  KD_PORT_FLAGS     equ 5
         = 0000000000000008  KD_PORT_NAME      equ 8
         = 0000000000000028  KD_PORT_MSGS      equ 40
         = 0000000000000001  PF_PUBLIC         equ 1
         = 0000000000000020  PORT_NAME_LEN     equ 32
         = 0000000000000000  KD_MSG_TYPE       equ 0
         = 0000000000000004  KD_MSG_SRC        equ 4
         = 0000000000000008  KD_MSG_DATA0      equ 8
         = 0000000000000010  KD_MSG_DATA1      equ 16
         = 0000000000000018  KD_MSG_REPLY_PORT equ 24
         = 000000000000001A  KD_MSG_SHARE_HDL  equ 26
         = 0000000000000020  KD_MSG_SIZE       equ 32
         = 000000000000FFFF  REPLY_PORT_NONE   equ 0xFFFF
         = 0000000000800000  USER_PT_BASE      equ 0x800000
         = 0000000000600000  USER_CODE_BASE    equ 0x600000
         = 0000000000601000  USER_STACK_BASE   equ 0x601000
         = 0000000000602000  USER_DATA_BASE    equ 0x602000
         = 0000000000010000  USER_SLOT_STRIDE  equ 0x10000
         = 00000000000000C0  USER_CODE_SIZE    equ 192
         = 0000000000000600  USER_CODE_VPN_BASE  equ 0x600
         = 0000000000000010  USER_VPN_STRIDE     equ 0x10
         = 0000000000000800  USER_PT_PAGE_BASE   equ 0x800
         = 0000000000000A00  USER_PT_PAGE_END    equ 0xA00
         = 0000000000000020  USER_PT_SLOT_PAGES  equ 32
         = 0000000000020000  USER_PT_STRIDE      equ 0x20000
         = 0000000000600000  USER_IMAGE_BASE      equ USER_CODE_BASE
         = 0000000000800000  USER_IMAGE_END       equ USER_PT_BASE
         = 0000000000000200  USER_IMAGE_PAGES     equ 512
         = 0000000000000200  USER_PT_REGION_PAGES equ 512
         = 0000000000000001  PTE_P             equ 0x01
         = 0000000000000002  PTE_R             equ 0x02
         = 0000000000000004  PTE_W             equ 0x04
         = 0000000000000008  PTE_X             equ 0x08
         = 0000000000000010  PTE_U             equ 0x10
         = 0000000000000020  PTE_A             equ 0x20
         = 0000000000000040  PTE_D             equ 0x40
         = 0000000000001000  MMU_PAGE_SIZE      equ 0x1000
         = 000000000000000C  MMU_PAGE_SHIFT     equ 12
         = 000000000000000C  PTE_PPN_SHIFT      equ 12
         = 0000000000000034  PTE_PPN_BITS       equ 52
         = 0000000000000006  PT_LEVELS          equ 6
         = 0000000000000007  PT_TOP_BITS        equ 7
         = 0000000000000009  PT_NODE_BITS       equ 9
         = 000000000000007F  PT_TOP_INDEX_MASK  equ 0x7F
         = 00000000000001FF  PT_NODE_INDEX_MASK equ 0x1FF
         = 0000000000001000  PT_NODE_SIZE_BYTES equ 0x1000
         = 00000000000F2400  SYSINFO_TOTAL_RAM_LO   equ 0xF2400
         = 00000000000F2404  SYSINFO_TOTAL_RAM_HI   equ 0xF2404
         = 00000000000F2408  SYSINFO_ACTIVE_RAM_LO  equ 0xF2408
         = 00000000000F240C  SYSINFO_ACTIVE_RAM_HI  equ 0xF240C
         = 0000000000000400  PT_CURSOR_OFFSET   equ 0x400
         = 0000000000000408  PT_SLOT_END_OFFSET equ 0x408
         = 0000000000010000  KERN_PT_STRIDE     equ 0x10000
         = 0000000000002000  MMU_NUM_PAGES      equ 8192
         = 0000000000000180  KERN_PAGES         equ 384
         = 000000000000007D  KERN_IMAGE_PAGE_END equ (KERN_PAGE_TABLE >> MMU_PAGE_SHIFT)
         = 000000000000007D  KERN_PT_PAGE_BASE equ (KERN_PAGE_TABLE >> MMU_PAGE_SHIFT)
         = 000000000000008D  KERN_PT_PAGE_END  equ (KERN_DATA_BASE >> MMU_PAGE_SHIFT)
         = 000000000000008D  KERN_DATA_PAGE_BASE equ (KERN_DATA_BASE >> MMU_PAGE_SHIFT)
         = 000000000000009E  KERN_STACK_GUARD_PAGE equ ((KERN_STACK_TOP >> MMU_PAGE_SHIFT) - 2)
         = 000000000000009F  KERN_STACK_PAGE_BASE  equ ((KERN_STACK_TOP >> MMU_PAGE_SHIFT) - 1)
         = 00000000000000A0  KERN_STACK_PAGE_END equ (KERN_STACK_TOP >> MMU_PAGE_SHIFT)
         = 000000000009F000  KERN_STACK_CANARY_ADDR equ (KERN_STACK_PAGE_BASE << MMU_PAGE_SHIFT)
         = 000000004B535443  KERN_STACK_CANARY_VALUE equ 0x4B535443
         = 0000000000000000  KERNEL_STACK_CANARY_ENABLED set 0
         = 0000000000000001  STACK_GUARD_PAGES  equ 1
         = 0000000000000000  MEMF_ANY          equ 0x00000
         = 0000000000000001  MEMF_PUBLIC       equ 0x00001
         = 0000000000000002  MEMF_GUARD        equ 0x00002
         = 0000000000010000  MEMF_CLEAR        equ 0x10000
         = 0000000000001200  ALLOC_POOL_BASE   equ 0x1200
         = 0000000000000E00  ALLOC_POOL_PAGES  equ 3584
         = 0000000000A00000  USER_DYN_BASE     equ 0xA00000
         = 0000000001200000  USER_DYN_END      equ 0x1200000
         = 0000000000000300  USER_DYN_PAGES    equ 768
         = 0000000000000060  TASK_STARTUP_SIZE        equ 96
         = 0000000000000001  TASK_STARTUP_VERSION     equ 1
         = 0000000000000001  TASK_STARTUP_FLAG_CREATE equ 0x1
         = 0000000000000002  TASK_STARTUP_FLAG_EXEC   equ 0x2
         = 0000000000000004  TASK_STARTUP_FLAG_BOOT   equ 0x4
         = 0000000000000008  TASK_STARTUP_FLAG_TRUSTED_INTERNAL equ 0x8
         = 0000000000000000  TASKSB_VERSION      equ 0x00
         = 0000000000000004  TASKSB_SIZE         equ 0x04
         = 0000000000000008  TASKSB_TASK_ID      equ 0x08
         = 000000000000000C  TASKSB_FLAGS        equ 0x0C
         = 0000000000000010  TASKSB_CODE_BASE    equ 0x10
         = 0000000000000018  TASKSB_CODE_PAGES   equ 0x18
         = 0000000000000020  TASKSB_DATA_BASE    equ 0x20
         = 0000000000000028  TASKSB_DATA_PAGES   equ 0x28
         = 0000000000000030  TASKSB_STACK_BASE   equ 0x30
         = 0000000000000038  TASKSB_STACK_PAGES  equ 0x38
         = 0000000000000040  TASKSB_BOOT_DOS_SHELL_RELPATH equ 0x40
         = 0000000000000020  TASKSB_BOOT_DOS_SHELL_RELPATH_MAX equ 32
         = 0000000000003D18  KD_PAGE_BITMAP    equ 15640
         = 0000000000000320  KD_PAGE_BITMAP_SZ equ 800
         = 0000000000004038  KD_REGION_TABLE       equ 16440
         = 0000000000000010  KD_REGION_STRIDE      equ 16
         = 0000000000000008  KD_REGION_INLINE_MAX  equ 8
         = 0000000000000080  KD_REGION_TASK_SZ     equ 128
         = 0000000000000008  KD_REGION_MAX         equ 8
         = 000000000000C0C8  KD_REGION_OVERFLOW_HEAD equ 49352
         = 0000000000000008  KD_REGION_OFLOW_STRIDE  equ 8
         = 0000000000000000  KD_REGION_OFLOW_FIRST_PPN equ 0
         = 0000000000000002  KD_REGION_OFLOW_TOTAL   equ 2
         = 0000000000000004  KD_REGION_OFLOW_PAGES   equ 4
         = 0000000000000006  KD_REGION_OFLOW_RESV    equ 6
         = 0000000000000010  KD_REGION_PAGE_HDR_SZ equ 16
         = 0000000000000000  KD_REGION_PAGE_NEXT   equ 0
         = 00000000000000FF  KD_REGION_ROWS_PER_PG equ 255
         = 0000000000000000  KD_REG_VA         equ 0
         = 0000000000000004  KD_REG_PPN        equ 4
         = 0000000000000006  KD_REG_PAGES      equ 6
         = 0000000000000008  KD_REG_TYPE       equ 8
         = 0000000000000009  KD_REG_SHMID      equ 9
         = 000000000000000A  KD_REG_FLAGS      equ 10
         = 0000000000000000  REGION_FREE       equ 0
         = 0000000000000001  REGION_PRIVATE    equ 1
         = 0000000000000002  REGION_SHARED     equ 2
         = 0000000000000003  REGION_IO         equ 3
         = 000000000000BFB8  KD_SHMEM_TABLE        equ 49080
         = 0000000000000010  KD_SHMEM_STRIDE       equ 16
         = 0000000000000010  KD_SHMEM_INLINE_MAX   equ 16
         = 0000000000000010  KD_SHMEM_MAX          equ 16
         = 000000000000C8C0  KD_SHMEM_OFLOW_HDR        equ 51392
         = 0000000000000000  KD_SHMEM_OFLOW_FIRST_PPN  equ 0
         = 0000000000000002  KD_SHMEM_OFLOW_TOTAL      equ 2
         = 0000000000000004  KD_SHMEM_OFLOW_PAGES      equ 4
         = 0000000000000006  KD_SHMEM_OFLOW_RESV       equ 6
         = 0000000000000010  KD_SHMEM_PAGE_HDR_SZ  equ 16
         = 0000000000000000  KD_SHMEM_PAGE_NEXT    equ 0
         = 00000000000000FF  KD_SHMEM_ROWS_PER_PG  equ 255
         = 0000000000000000  KD_SHM_VALID      equ 0
         = 0000000000000001  KD_SHM_REFCOUNT   equ 1
         = 0000000000000002  KD_SHM_CREATOR    equ 2
         = 0000000000000003  KD_SHM_FLAGS      equ 3
         = 0000000000000004  KD_SHM_PPN        equ 4
         = 0000000000000006  KD_SHM_PAGES      equ 6
         = 0000000000000008  KD_SHM_NONCE      equ 8
         = 0000000000000040  IEXEC_HEARTBEAT_INTERVAL equ 64
         = 0000000034364549  IMG_MAGIC_LO      equ 0x34364549
         = 00000000474F5250  IMG_MAGIC_HI      equ 0x474F5250
         = 0000000000000020  IMG_HEADER_SIZE   equ 32
         = 0000000000000000  IMG_OFF_MAGIC     equ 0
         = 0000000000000008  IMG_OFF_CODE_SIZE equ 8
         = 000000000000000C  IMG_OFF_DATA_SIZE equ 12
         = 0000000000000010  IMG_OFF_FLAGS     equ 16
         = 0000000000000018  PROGTAB_ENTRY_SIZE equ 24
         = 0000000000000000  PROGTAB_OFF_PTR    equ 0
         = 0000000000000008  PROGTAB_OFF_SIZE   equ 8
         = 0000000000000020  CLOCK_INTERVAL    equ 32
         = 0000000000000003  PROGTAB_BOOT_COUNT equ 3
         = 00000000000000F0  TERM_IO_PAGE      equ 0xF0
         = 0000000000000C00  DATA_ARGS_OFFSET  equ 3072
         = 0000000000000100  DATA_ARGS_MAX     equ 256
         = 0000000000000000  CON_MSG_CHAR      equ 0
         = 0000000000000002  CON_MSG_READLINE  equ 2
         = 0000000000000120  MSG_GET_IOSM      equ 0x120
         = 0000000000000121  MSG_LIST_RESIDENTS equ 0x121
         = 0000000000000122  EXEC_MSG_ATTACH_HANDLER equ 0x122
         = 0000000000000123  EXEC_MSG_DETACH_HANDLER equ 0x123
         = 0000000000000124  EXEC_MSG_OPEN_DEVICE    equ 0x124
         = 0000000000000125  EXEC_MSG_CLOSE_DEVICE   equ 0x125
         = 0000000000000126  EXEC_MSG_OPEN_RESOURCE  equ 0x126
         = 0000000000000127  EXEC_MSG_CLOSE_RESOURCE equ 0x127
         = 0000000000000128  EXEC_MSG_LIST_RESIDENT_INVENTORY equ 0x128
         = 0000000080000000  EXEC_REPLY_FLAG         equ 0x80000000
         = 0000000056495352  RSIV_MAGIC              equ 0x56495352
         = 0000000000000001  RSIV_VERSION            equ 1
         = 0000000000000020  RSIV_HEADER_SIZE        equ 32
         = 0000000000000040  RSIV_RECORD_SIZE        equ 64
         = 0000000000000001  RSIV_FLAG_TRUNCATED     equ 0x00000001
         = 0000000000000001  DOS_OPEN          equ 1
         = 0000000000000002  DOS_READ          equ 2
         = 0000000000000003  DOS_WRITE         equ 3
         = 0000000000000004  DOS_CLOSE         equ 4
         = 0000000000000005  DOS_DIR           equ 5
         = 0000000000000006  DOS_RUN           equ 6
         = 0000000000000007  DOS_LOADSEG       equ 7
         = 0000000000000008  DOS_UNLOADSEG     equ 8
         = 0000000000000009  DOS_RUNSEG        equ 9
         = 000000000000000A  DOS_ASSIGN        equ 10
         = 000000000000000B  DOS_LOADLIB       equ 11
         = 0000000000000320  DOS_OP_PARSE_MANIFEST equ 0x320
         = 0000000000000000  DOS_PMP_PATH_OFF      equ 0
         = 0000000000000104  DOS_PMP_PATH_MAX      equ 260
         = 0000000000000110  DOS_PMP_IOSM_OFF      equ 272
         = 0000000000000190  DOS_PMP_RC_OFF        equ 400
         = 0000000000000321  DOS_RESIDENT_ADD    equ 0x321
         = 0000000000000322  DOS_RESIDENT_REMOVE equ 0x322
         = 0000000000000323  DOS_RESIDENT_LIST   equ 0x323
         = 0000000000000000  DOS_RCMD_NAME_OFF   equ 0
         = 0000000000000104  DOS_RCMD_NAME_MAX   equ 260
         = 0000000000000104  DOS_RCMD_RC_OFF     equ 260
         = 0000000000000110  DOS_RCMD_IOSM_OFF   equ 272
         = 00000000494C4352  DOS_RCLI_MAGIC      equ 0x494C4352
         = 0000000000000001  DOS_RCLI_VERSION    equ 1
         = 0000000000000020  DOS_RCLI_HDR_SIZE   equ 32
         = 0000000000000040  DOS_RCLI_REC_SIZE   equ 64
         = 0000000000000001  DOS_RCLI_FLAG_TRUNCATED equ 0x00000001
         = 0000000000000000  DOS_ASSIGN_LIST          equ 0
         = 0000000000000001  DOS_ASSIGN_QUERY         equ 1
         = 0000000000000002  DOS_ASSIGN_SET           equ 2
         = 0000000000000003  DOS_ASSIGN_LAYERED_QUERY equ 3
         = 0000000000000004  DOS_ASSIGN_ADD           equ 4
         = 0000000000000005  DOS_ASSIGN_REMOVE        equ 5
         = 0000000000000020  DOS_ASSIGN_LAYERED_TGT_SZ equ 32
         = 0000000000000004  DOS_ASSIGN_OVERLAY_MAX    equ 4
         = 0000000000000000  DOS_MODE_READ     equ 0
         = 0000000000000001  DOS_MODE_WRITE    equ 1
         = 0000000000000000  DOS_OK            equ 0
         = 0000000000000001  DOS_ERR_NOTFOUND  equ 1
         = 0000000000000002  DOS_ERR_BADARG    equ 2
         = 0000000000000003  DOS_ERR_FULL      equ 3
         = 0000000000000004  DOS_ERR_BADHANDLE equ 4
         = 0000000000000006  DOS_ERR_NOMEM     equ 6
         = 000000004C474553  DOS_SEGLIST_MAGIC      equ 0x4C474553
         = 0000000000000000  DOS_SEGLIST_NEXT       equ 0
         = 0000000000000008  DOS_SEGLIST_OFF_MAGIC  equ 8
         = 000000000000000C  DOS_SEGLIST_OFF_COUNT  equ 12
         = 0000000000000010  DOS_SEGLIST_OFF_ENTRY  equ 16
         = 0000000000000018  DOS_SEGLIST_HDR_SZ     equ 24
         = 0000000000000028  DOS_SEG_ENTRY_SZ     equ 40
         = 0000000000000065  DOS_SEGLIST_MAX_ENTRIES equ 101
         = 0000000000000000  DOS_SEG_OFF_MEMVA    equ 0
         = 0000000000000008  DOS_SEG_OFF_TARGET   equ 8
         = 0000000000000010  DOS_SEG_OFF_FILESZ   equ 16
         = 0000000000000018  DOS_SEG_OFF_MEMSZ    equ 24
         = 0000000000000020  DOS_SEG_OFF_PAGES    equ 32
         = 0000000000000024  DOS_SEG_OFF_FLAGS    equ 36
         = 000000005345444C  M14_LDESC_MAGIC       equ 0x5345444C
         = 0000000000000001  M14_LDESC_VERSION     equ 1
         = 0000000000000030  M14_LDESC_SIZE        equ 48
         = 0000000000000020  M14_LDESC_SEG_SIZE    equ 32
         = 0000000000000000  M14_LDESC_OFF_MAGIC   equ 0
         = 0000000000000004  M14_LDESC_OFF_VERSION equ 4
         = 0000000000000008  M14_LDESC_OFF_SIZE    equ 8
         = 000000000000000C  M14_LDESC_OFF_SEGCNT  equ 12
         = 0000000000000010  M14_LDESC_OFF_ENTRY   equ 16
         = 0000000000000018  M14_LDESC_OFF_STACKPG equ 24
         = 0000000000000020  M14_LDESC_OFF_SEGTBL  equ 32
         = 0000000000000000  M14_LDSEG_OFF_SRCPTR  equ 0
         = 0000000000000008  M14_LDSEG_OFF_SRCSZ   equ 8
         = 0000000000000010  M14_LDSEG_OFF_TARGET  equ 16
         = 0000000000000018  M14_LDSEG_OFF_PAGES   equ 24
         = 000000000000001C  M14_LDSEG_OFF_FLAGS   equ 28
         = 0000000000000020  DOS_NAME_LEN      equ 32
         = 0000000000000010  DOS_META_HDR_SZ   equ 16
         = 0000000000000030  DOS_META_ENTRY_SZ equ 48
         = 0000000000000055  DOS_META_PER_PAGE equ 85
         = 0000000000000000  DOS_META_OFF_NAME equ 0
         = 0000000000000020  DOS_META_OFF_VA   equ 32
         = 0000000000000028  DOS_META_OFF_SIZE equ 40
         = 000000000000002C  DOS_META_OFF_RESV equ 44
         = 0000000000000010  DOS_HND_HDR_SZ    equ 16
         = 0000000000000008  DOS_HND_ENTRY_SZ  equ 8
         = 00000000000001FE  DOS_HND_PER_PAGE  equ 510
         = 0000000000000010  DOS_EXT_HDR_SZ    equ 16
         = 0000000000000FF0  DOS_EXT_PAYLOAD   equ 4080
         = 0000000000000000  DOS_EXT_OFF_NEXT  equ 0
         = 0000000000000100  INPUT_OPEN        equ 0x100
         = 0000000000000101  INPUT_CLOSE       equ 0x101
         = 0000000000000102  INPUT_EVENT       equ 0x102
         = 0000000000000001  IE_KEY_DOWN       equ 1
         = 0000000000000002  IE_KEY_UP         equ 2
         = 0000000000000003  IE_MOUSE_MOVE     equ 3
         = 0000000000000004  IE_MOUSE_BTN      equ 4
         = 0000000000000000  INPUT_ERR_OK      equ 0
         = 0000000000000001  INPUT_ERR_BUSY    equ 1
         = 0000000000000002  INPUT_ERR_BADARG  equ 2
         = 0000000000000200  GFX_ENUMERATE_ADAPTERS equ 0x200
         = 0000000000000201  GFX_GET_ADAPTER_INFO   equ 0x201
         = 0000000000000202  GFX_ENUMERATE_MODES    equ 0x202
         = 0000000000000203  GFX_GET_MODE_INFO      equ 0x203
         = 0000000000000204  GFX_OPEN_DISPLAY       equ 0x204
         = 0000000000000205  GFX_CLOSE_DISPLAY      equ 0x205
         = 0000000000000206  GFX_REGISTER_SURFACE   equ 0x206
         = 0000000000000207  GFX_UNREGISTER_SURFACE equ 0x207
         = 0000000000000208  GFX_PRESENT            equ 0x208
         = 0000000000000001  GFX_FMT_RGBA32    equ 1
         = 0000000000000001  GFX_CAP_RGBA32    equ 0x0001
         = 0000000000000000  GFX_ERR_OK        equ 0
         = 0000000000000001  GFX_ERR_BUSY      equ 1
         = 0000000000000002  GFX_ERR_BAD_MODE  equ 2
         = 0000000000000003  GFX_ERR_BAD_HANDLE equ 3
         = 0000000000000004  GFX_ERR_BAD_FORMAT equ 4
         = 0000000000000300  INTUITION_OPEN_WINDOW   equ 0x300
         = 0000000000000301  INTUITION_CLOSE_WINDOW  equ 0x301
         = 0000000000000302  INTUITION_DAMAGE        equ 0x302
         = 0000000000000310  IDCMP_MOUSEMOVE       equ 0x310
         = 0000000000000311  IDCMP_MOUSEBUTTONS    equ 0x311
         = 0000000000000312  IDCMP_RAWKEY          equ 0x312
         = 0000000000000313  IDCMP_CLOSEWINDOW     equ 0x313
         = 0000000000000314  IDCMP_ACTIVEWINDOW    equ 0x314
         = 0000000000000315  IDCMP_INACTIVEWINDOW  equ 0x315
         = 0000000000000000  INTUI_ERR_OK          equ 0
         = 0000000000000001  INTUI_ERR_BUSY        equ 1
         = 0000000000000002  INTUI_ERR_BADARG      equ 2
         = 0000000000000003  INTUI_ERR_BADHANDLE   equ 3
         = 0000000000000004  INTUI_ERR_NOMEM       equ 4
         = 0000000000000010  INTUI_WIN_TITLE_H     equ 16
         = 0000000000000002  INTUI_WIN_BORDER      equ 2
         = 0000000000000010  INTUI_CLOSE_GADGET_W  equ 16
         = 000000000000C0B8  KD_HWRES_TASK         equ 49336
         = 000000000000C0C0  KD_GRANT_TABLE_HDR    equ 49344
         = 0000000000000000  KD_GRANT_HDR_FIRST_PPN equ 0
         = 0000000000000002  KD_GRANT_HDR_TOTAL    equ 2
         = 0000000000000004  KD_GRANT_HDR_PAGES    equ 4
         = 0000000000000006  KD_GRANT_HDR_RESV     equ 6
         = 0000000000000008  KD_GRANT_HDR_SIZE     equ 8
         = 0000000000000000  KD_GRANT_PAGE_NEXT    equ 0
         = 0000000000000010  KD_GRANT_PAGE_HDR_SZ  equ 16
         = 0000000000000010  KD_GRANT_ROW_SIZE     equ 16
         = 00000000000000FF  KD_GRANT_ROWS_PER_PG  equ 255
         = 0000000000000000  KD_GRANT_TASK_ID      equ 0
         = 0000000000000004  KD_GRANT_REGION       equ 4
         = 0000000000000008  KD_GRANT_PPN_LO       equ 8
         = 000000000000000A  KD_GRANT_PPN_HI       equ 10
         = 000000000000000C  KD_GRANT_GRANTOR_PUBID equ 12
         = 00000000FFFFFFFF  GRANT_TASK_FREE       equ 0xFFFFFFFF
         = 00000000FFFFFFFF  GRANT_GRANTOR_NONE    equ 0xFFFFFFFF
         = 0000000000000000  HWRES_BECOME          equ 0
         = 0000000000000001  HWRES_CREATE          equ 1
         = 0000000000000002  HWRES_REVOKE          equ 2
         = 0000000000000003  HWRES_TASK_ALIVE      equ 3
         = 00000000FFFFFFFF  HWRES_TASK_FREE       equ 0xFFFFFFFF
         = 0000000050494843  HWRES_TAG_CHIP        equ 0x50494843
         = 000000004D415256  HWRES_TAG_VRAM        equ 0x4D415256
         = 0000000000000400  HWRES_MSG_REQUEST     equ 0x400
         = 0000000000000401  HWRES_MSG_GRANTED     equ 0x401
         = 0000000000000402  HWRES_MSG_DENIED      equ 0x402
         = 0000000000000010  BOOTSTRAP_GRANT_ROW_SZ equ 16
         = 0000000000000000  BOOTSTRAP_GRANT_OFF_PROG_IDX equ 0
         = 0000000000000004  BOOTSTRAP_GRANT_OFF_TAG      equ 4
         = 0000000000000008  BOOTSTRAP_GRANT_OFF_PPN_LO   equ 8
         = 000000000000000A  BOOTSTRAP_GRANT_OFF_PPN_HI   equ 10
         = 00000000000F23E0  BOOT_HOSTFS_BASE     equ 0xF23E0
         = 00000000000F23E0  BOOT_HOSTFS_CMD      equ BOOT_HOSTFS_BASE + 0
         = 00000000000F23E4  BOOT_HOSTFS_ARG1     equ BOOT_HOSTFS_BASE + 4
         = 00000000000F23E8  BOOT_HOSTFS_ARG2     equ BOOT_HOSTFS_BASE + 8
         = 00000000000F23EC  BOOT_HOSTFS_ARG3     equ BOOT_HOSTFS_BASE + 12
         = 00000000000F23F0  BOOT_HOSTFS_ARG4     equ BOOT_HOSTFS_BASE + 16
         = 00000000000F23F4  BOOT_HOSTFS_RES1     equ BOOT_HOSTFS_BASE + 20
         = 00000000000F23F8  BOOT_HOSTFS_RES2     equ BOOT_HOSTFS_BASE + 24
         = 00000000000F23FC  BOOT_HOSTFS_ERR      equ BOOT_HOSTFS_BASE + 28
         = 00000000000F23FF  BOOT_HOSTFS_END      equ BOOT_HOSTFS_BASE + 31
         = 0000000000000000  BOOT_HOSTFS_DISCOVER     equ 0
         = 0000000000000001  BOOT_HOSTFS_OPEN         equ 1
         = 0000000000000002  BOOT_HOSTFS_READ         equ 2
         = 0000000000000003  BOOT_HOSTFS_CLOSE        equ 3
         = 0000000000000004  BOOT_HOSTFS_STAT         equ 4
         = 0000000000000005  BOOT_HOSTFS_READDIR      equ 5
         = 0000000000000006  BOOT_HOSTFS_CREATE_WRITE equ 6
         = 0000000000000007  BOOT_HOSTFS_WRITE        equ 7
         = 0000000000000000  BOOT_HOSTFS_KIND_NONE equ 0
         = 0000000000000001  BOOT_HOSTFS_KIND_FILE equ 1
         = 0000000000000002  BOOT_HOSTFS_KIND_DIR  equ 2
         = 0000000000000000  BOOT_HOSTFS_STAT_SIZE_OFF equ 0
         = 0000000000000008  BOOT_HOSTFS_STAT_KIND_OFF equ 8
         = 0000000000000010  BOOT_HOSTFS_STAT_SIZE     equ 16
         = 0000000000000000  BOOT_HOSTFS_DIRENT_KIND_OFF equ 0
         = 0000000000000008  BOOT_HOSTFS_DIRENT_NAME_OFF equ 8
         = 0000000000000040  BOOT_HOSTFS_DIRENT_NAME_MAX equ 64
         = 0000000000000048  BOOT_HOSTFS_DIRENT_SIZE     equ 72
         = 0000000000000000  VECTOR_BASE       equ 0x000000
         = 0000000000000000  VECTOR_RESET      equ 0x000000
         = 0000000000000004  VECTOR_IRQ        equ 0x000004
         = 0000000000001000  PROGRAM_START     equ 0x001000
         = 000000000009F000  STACK_TOP         equ 0x09F000
         = 0000000000010000  BASIC_STACK_BYTES equ 0x00010000
         = 0000000000010000  BASIC_CTRL_BYTES  equ 0x00010000
         = 0000000000001000  BASIC_STACK_GUARD_BYTES equ 0x00001000
         = 0000000000000400  BASIC_LINE_BUF_BYTES equ 0x00000400
         = 0000000010000000  BASIC_RESIDENT_LOW32_CAP equ 0x10000000
         = 0000000040000000  BASIC_HIGH_HEAP_MIN      equ 0x40000000
         = 0000000001000000  BASIC_LOW32_INTERNAL_BASE equ 0x01000000
         = 0000000000001000  PROG_START        equ 0x00001000
         = 0000000000042000  BASIC_STATE       equ 0x042000
         = 0000000000043000  BASIC_STATE_END   equ 0x043000
         = 0000000000000000  ST_PROG_START     equ 0x000
         = 0000000000000008  ST_PROG_END       equ 0x008
         = 0000000000000010  ST_VAR_START      equ 0x010
         = 0000000000000018  ST_VAR_END        equ 0x018
         = 0000000000000020  ST_ARRAY_START    equ 0x020
         = 0000000000000028  ST_ARRAY_END      equ 0x028
         = 0000000000000030  ST_HEAP_TOP       equ 0x030
         = 0000000000000038  ST_HEAP_BOTTOM    equ 0x038
         = 0000000000000040  ST_TEXT_PTR       equ 0x040
         = 0000000000000048  ST_TEXT_END       equ 0x048
         = 0000000000000050  ST_DATA_PTR       equ 0x050
         = 0000000000000058  ST_DATA_END       equ 0x058
         = 0000000000000060  ST_GOSUB_SP       equ 0x060
         = 0000000000000068  ST_FOR_SP         equ 0x068
         = 0000000000000070  ST_SVAR_START     equ 0x070
         = 0000000000000078  ST_SVAR_END       equ 0x078
         = 0000000000000080  ST_CONT_LINE_PTR  equ 0x080
         = 0000000000000088  ST_CONT_TEXT_PTR  equ 0x088
         = 0000000000000090  ST_COPPER_BUILD   equ 0x090
         = 0000000000000098  ST_EXPORT_CURSOR  equ 0x098
         = 00000000000000A0  ST_STACK_LOW      equ 0x0A0
         = 00000000000000A8  ST_STACK_HIGH     equ 0x0A8
         = 00000000000000B0  ST_CTRL_LOW       equ 0x0B0
         = 00000000000000B8  ST_CTRL_HIGH      equ 0x0B8
         = 00000000000000C0  ST_FILE_BRIDGE_NEXT equ 0x0C0
         = 00000000000000C8  ST_FILE_BRIDGE_LOW  equ 0x0C8
         = 00000000000000D0  ST_SCRATCH_BASE   equ 0x0D0
         = 00000000000000D8  ST_SCRATCH_END    equ 0x0D8
         = 00000000000000E0  ST_LINE_BUF_PTR   equ 0x0E0
         = 00000000000000E8  ST_LINE_BUF_CAP   equ 0x0E8
         = 0000000000000200  ST_CURRENT_LINE   equ 0x200
         = 0000000000000204  ST_RANDOM_SEED    equ 0x204
         = 0000000000000208  ST_ERROR_FLAG     equ 0x208
         = 000000000000020C  ST_TRACE_FLAG     equ 0x20C
         = 0000000000000210  ST_DIRECT_MODE    equ 0x210
         = 0000000000000214  ST_TEXT_ATTR      equ 0x214
         = 0000000000000218  ST_ULA_BRIGHT     equ 0x218
         = 000000000000021C  ST_ULA_INK        equ 0x21C
         = 0000000000000220  ST_ULA_PAPER      equ 0x220
         = 0000000000000224  ST_ULA_FLASH      equ 0x224
         = 0000000000000228  ST_ERROR_LINE     equ 0x228
         = 000000000000022C  ST_TERM_COL       equ 0x22C
         = 0000000000000280  ST_PRIV_MEMALLOC_CURSOR equ 0x280
         = 0000000000000288  ST_PRIV_MEMALLOC_RANGE  equ 0x288
         = 0000000000820000  BASIC_MEMALLOC_BASE0 equ 0x00820000
         = 0000000001000000  BASIC_MEMALLOC_END0  equ 0x01000000
         = 0000000000793000  BASIC_MEMALLOC_BASE1 equ 0x00793000
         = 0000000000800000  BASIC_MEMALLOC_END1  equ 0x00800000
         = 0000000000700000  BASIC_MEMALLOC_BASE2 equ 0x00700000
         = 0000000000780000  BASIC_MEMALLOC_END2  equ 0x00780000
         = 0000000000600000  BASIC_EXPORT_BASE  equ 0x00600000
         = 00000000006F0000  BASIC_EXPORT_END   equ 0x006F0000
         = 0000000000000001  VAL_F64           equ 0x01
         = 0000000000000002  VAL_I64           equ 0x02
         = 0000000001000000  AOT_ALLOC_FLOOR   equ 0x01000000
         = 0000000000780000  AOT_LOW32_BASE    equ 0x00780000
         = 0000000000792000  AOT_LOW32_END     equ 0x00792000
         = 00000000FFFF0000  AOT_LOW32_CAP     equ 0xFFFF0000
         = 0000000001000000  AOT_FILE_BRIDGE_LOW_DEFAULT equ 0x01000000
         = 0000000000042300  AOT_SYMCNT        equ 0x042300
         = 0000000000042400  AOT_SYMTAB        equ 0x042400
         = 0000000000010000  AOT_SYM_MAX       equ 65536
         = 0000000000100000  AOT_SYMTAB_BYTES  equ 0x100000
         = 0000000000042800  AOT_ASM_SRC       equ 0x042800
         = 0000000000042808  AOT_ASM_BASE      equ 0x042808
         = 0000000000042810  AOT_ASM_DEST      equ 0x042810
         = 0000000000042818  AOT_DC_TEXT       equ 0x042818
         = 0000000000042820  AOT_DC_CODE       equ 0x042820
         = 0000000000042828  AOT_DC_TLEN       equ 0x042828
         = 0000000000042830  AOT_DC_CLEN       equ 0x042830
         = 0000000000042838  AOT_TEXT_END      equ 0x042838
         = 0000000000042840  AOT_CODE_END      equ 0x042840
         = 0000000000042850  AOT_SAVED_SP      equ 0x042850
         = 0000000000042858  AOT_LENIENT       equ 0x042858
         = 0000000000042860  AOT_RT_ERR        equ 0x042860
         = 0000000000042868  AOT_CUR_SCOPE     equ 0x042868
         = 0000000000042870  AOT_SCOPE_NEXT    equ 0x042870
         = 0000000000042878  AOT_QSCOPE        equ 0x042878
         = 0000000000042888  AOT_SYMTAB_PTR    equ 0x042888
         = 00000000000428B8  AOT_CONT_PC       equ 0x0428B8
         = 00000000000428C0  AOT_ARENA_HIGH_NEXT equ 0x0428C0
         = 00000000000428C8  AOT_LOW32_NEXT    equ 0x0428C8
         = 00000000000428D0  AOT_FILE_BRIDGE_NEXT equ 0x0428D0
         = 00000000000428D8  AOT_FILE_BRIDGE_LOW equ 0x0428D8
         = 00000000000428E0  AOT_RESET_GENERATION equ 0x0428E0
         = 0000000000042B98  AOT_FOR_TMP_VAR   equ 0x042B98
         = 0000000000042BA0  AOT_FOR_TMP_START equ 0x042BA0
         = 0000000000042BA8  AOT_FOR_TMP_END   equ 0x042BA8
         = 0000000000042BB0  AOT_FOR_TMP_STEP  equ 0x042BB0
         = 0000000000042BB8  AOT_FOR_TMP_SIGN  equ 0x042BB8
         = 0000000000042BC0  AOT_FOR_TMP_AFTER equ 0x042BC0
         = 0000000000042BD8  AOT_NATIVE_VAR_TAB equ 0x042BD8
         = 0000000000042BE0  AOT_NATIVE_VAR_COUNT equ 0x042BE0
         = 0000000000042BF8  AOT_LAST_OOM_STAGE equ 0x042BF8
         = 0000000000042C00  AOT_LAST_LINE     equ 0x042C00
         = 0000000000042C08  AOT_LAST_TOKEN    equ 0x042C08
         = 0000000000042C10  AOT_EMIT_OVERFLOW equ 0x042C10
         = 0000000000042C18  AOT_NATIVE_TYPES_OFF equ 0x042C18
         = 0000000000042C20  AOT_NATIVE_TYPES_CHANGED equ 0x042C20
         = 0000000000042C28  AOT_ASM_ERROR_SRC equ 0x042C28
         = 0000000000042C40  COMPILER_IR_BASE      equ 0x042C40
         = 0000000000042C48  COMPILER_IR_CURSOR    equ 0x042C48
         = 0000000000042C50  COMPILER_IR_END       equ 0x042C50
         = 0000000000042C58  COMPILER_IR_COUNT     equ 0x042C58
         = 0000000000042C60  COMPILER_VALUE_NEXT   equ 0x042C60
         = 0000000000071000  AOT_NATIVE_VAR_SEG equ 0x00071000
         = 0000000000001000  AOT_NATIVE_VAR_MAX equ 4096
         = 0000000000000001  ERR_SYNTAX        equ 1
         = 0000000000000002  ERR_DIV0          equ 2
         = 0000000000000003  ERR_UNDEF_LINE    equ 3
         = 0000000000000004  ERR_NEXT_NO_FOR   equ 4
         = 0000000000000005  ERR_RET_NO_GOSUB  equ 5
         = 0000000000000006  ERR_OOM           equ 6
         = 0000000000000007  ERR_ILLEGAL_QTY   equ 7
         = 0000000000000008  ERR_OVERFLOW      equ 8
         = 0000000000000009  ERR_TYPE_MISMATCH equ 9
         = 000000000000000A  ERR_FC            equ 10
         = 000000000000000B  ERR_REDIM         equ 11
         = 0000000000002000  BANK1_WINDOW      equ 0x002000
         = 0000000000004000  BANK2_WINDOW      equ 0x004000
         = 0000000000006000  BANK3_WINDOW      equ 0x006000
         = 0000000000008000  VRAM_WINDOW       equ 0x008000
         = 0000000000002000  BANK_SIZE         equ 0x002000
         = 0000000000004000  VRAM_BANK_SIZE    equ 0x004000
         = 000000000000F700  BANK1_REG_LO      equ 0x00F700
         = 000000000000F701  BANK1_REG_HI      equ 0x00F701
         = 000000000000F702  BANK2_REG_LO      equ 0x00F702
         = 000000000000F703  BANK2_REG_HI      equ 0x00F703
         = 000000000000F704  BANK3_REG_LO      equ 0x00F704
         = 000000000000F705  BANK3_REG_HI      equ 0x00F705
         = 00000000000F2500  HOST_SOCKET_BASE equ 0xF2500
         = 00000000000F2500  HOST_SOCKET_CMD equ HOST_SOCKET_BASE+0x00
         = 00000000000F2504  HOST_SOCKET_REQ_PTR equ HOST_SOCKET_BASE+0x04
         = 00000000000F2508  HOST_SOCKET_REQ_LEN equ HOST_SOCKET_BASE+0x08
         = 00000000000F250C  HOST_SOCKET_RES1 equ HOST_SOCKET_BASE+0x0C
         = 00000000000F2510  HOST_SOCKET_RES2 equ HOST_SOCKET_BASE+0x10
         = 00000000000F2514  HOST_SOCKET_ERRNO equ HOST_SOCKET_BASE+0x14
         = 00000000000F2518  HOST_SOCKET_HERRNO equ HOST_SOCKET_BASE+0x18
         = 00000000000F251C  HOST_SOCKET_STATUS equ HOST_SOCKET_BASE+0x1C
         = 00000000000F2520  HOST_SOCKET_EVENTS equ HOST_SOCKET_BASE+0x20
         = 0000000000000001  HOST_SOCKET_CMD_SOCKET equ 1
         = 0000000000000002  HOST_SOCKET_CMD_BIND equ 2
         = 0000000000000003  HOST_SOCKET_CMD_LISTEN equ 3
         = 0000000000000004  HOST_SOCKET_CMD_ACCEPT equ 4
         = 0000000000000005  HOST_SOCKET_CMD_CONNECT equ 5
         = 0000000000000006  HOST_SOCKET_CMD_SENDTO equ 6
         = 0000000000000007  HOST_SOCKET_CMD_RECVFROM equ 7
         = 0000000000000008  HOST_SOCKET_CMD_SHUTDOWN equ 8
         = 0000000000000009  HOST_SOCKET_CMD_SETSOCKOPT equ 9
         = 000000000000000A  HOST_SOCKET_CMD_GETSOCKOPT equ 10
         = 000000000000000B  HOST_SOCKET_CMD_GETSOCKNAME equ 11
         = 000000000000000C  HOST_SOCKET_CMD_GETPEERNAME equ 12
         = 000000000000000D  HOST_SOCKET_CMD_IOCTL equ 13
         = 000000000000000E  HOST_SOCKET_CMD_CLOSE equ 14
         = 000000000000000F  HOST_SOCKET_CMD_WAITSELECT equ 15
         = 0000000000000010  HOST_SOCKET_CMD_GETHOSTBYNAME equ 16
         = 0000000000000011  HOST_SOCKET_CMD_GETHOSTBYADDR equ 17
         = 0000000000000012  HOST_SOCKET_CMD_GETHOSTNAME equ 18
         = 0000000000000013  HOST_SOCKET_CMD_DUP2 equ 19
         = 0000000000000014  HOST_SOCKET_CMD_GETEVENTS equ 20
         = 0000000000000015  HOST_SOCKET_CMD_RELEASE equ 21
         = 0000000000000016  HOST_SOCKET_CMD_RELEASECOPY equ 22
         = 0000000000000017  HOST_SOCKET_CMD_OBTAIN equ 23
         = 0000000000000018  HOST_SOCKET_REQ_WORDS equ 24
         = 0000000000000060  HOST_SOCKET_REQ_SIZE equ 96
         = 0000000000010000  HOST_SOCKET_MAX_IO equ 65536
         = 0000000000000080  HOST_SOCKET_MAX_ADDR equ 128
         = 0000000000000040  HOST_SOCKET_DTABLE equ 64
         = 0000000000000008  HOST_SOCKET_FDSET_LEN equ 8
         = 0000000000000000  HOST_SOCKET_REQ_DOMAIN equ 0
         = 0000000000000004  HOST_SOCKET_REQ_TYPE equ 4
         = 0000000000000008  HOST_SOCKET_REQ_PROTOCOL equ 8
         = 000000000000000C  HOST_SOCKET_REQ_DATA_PTR equ 12
         = 0000000000000010  HOST_SOCKET_REQ_DATA_LEN equ 16
         = 0000000000000014  HOST_SOCKET_REQ_ADDR_PTR equ 20
         = 0000000000000018  HOST_SOCKET_REQ_ADDR_LEN equ 24
         = 000000000000001C  HOST_SOCKET_REQ_FLAGS equ 28
         = 0000000000000020  HOST_SOCKET_REQ_LEVEL equ 32
         = 0000000000000024  HOST_SOCKET_REQ_OPTNAME equ 36
         = 0000000000000028  HOST_SOCKET_REQ_TIMEOUT_PTR equ 40
         = 000000000000002C  HOST_SOCKET_REQ_SIGMASK_PTR equ 44
         = 0000000000000030  HOST_SOCKET_REQ_ARG1 equ 48
         = 0000000000000034  HOST_SOCKET_REQ_ARG2 equ 52
         = 0000000000000038  HOST_SOCKET_REQ_EXCEPT_PTR equ 56
         = 0000000000000040  HOST_SOCKET_REQ_HOSTENT_NAME_PTR equ 64
         = 0000000000000044  HOST_SOCKET_REQ_HOSTENT_NAME_CAP equ 68
         = 0000000000000048  HOST_SOCKET_REQ_HOSTENT_ADDRS_PTR equ 72
         = 000000000000004C  HOST_SOCKET_REQ_HOSTENT_ADDRS_MAX equ 76
         = 00000000000F2500  AROS_HOST_SOCKET_BASE equ HOST_SOCKET_BASE
         = 00000000000F2500  AROS_HOST_SOCKET_CMD equ HOST_SOCKET_CMD
         = 00000000000F2504  AROS_HOST_SOCKET_REQ_PTR equ HOST_SOCKET_REQ_PTR
         = 00000000000F2508  AROS_HOST_SOCKET_REQ_LEN equ HOST_SOCKET_REQ_LEN
         = 000000000000F7F0  VRAM_BANK_REG     equ 0x00F7F0
         = 00000000000F0700  TERM_OUT          equ 0xF0700
         = 00000000000F0704  TERM_STATUS       equ 0xF0704
         = 00000000000F0708  TERM_IN           equ 0xF0708
         = 00000000000F070C  TERM_LINE_STATUS  equ 0xF070C
         = 00000000000F0710  TERM_ECHO         equ 0xF0710
         = 00000000000F0714  TERM_CURSOR_X     equ 0xF0714
         = 00000000000F0718  TERM_CURSOR_Y     equ 0xF0718
         = 00000000000F071C  TERM_FG_COLOR     equ 0xF071C
         = 00000000000F0720  TERM_BG_COLOR     equ 0xF0720
         = 00000000000F0724  TERM_CTRL         equ 0xF0724
         = 00000000000F0728  TERM_KEY_IN       equ 0xF0728
         = 00000000000F072C  TERM_KEY_STATUS   equ 0xF072C
         = 00000000000F0730  MOUSE_X           equ 0xF0730
         = 00000000000F0734  MOUSE_Y           equ 0xF0734
         = 00000000000F0738  MOUSE_BUTTONS     equ 0xF0738
         = 00000000000F073C  MOUSE_STATUS      equ 0xF073C
         = 00000000000F0740  SCAN_CODE         equ 0xF0740
         = 00000000000F0744  SCAN_STATUS       equ 0xF0744
         = 00000000000F0748  SCAN_MODIFIERS    equ 0xF0748
         = 00000000000F074C  MOUSE_CTRL        equ 0xF074C
         = 00000000000F0750  RTC_EPOCH         equ 0xF0750
         = 00000000000F0754  MOUSE_DX          equ 0xF0754
         = 00000000000F0758  MOUSE_DY          equ 0xF0758
         = 00000000000F075C  RTC_MONO_USEC_LO  equ 0xF075C
         = 00000000000F0760  RTC_MONO_USEC_HI  equ 0xF0760
         = 00000000000F07F0  TERM_SENTINEL     equ 0xF07F0
         = 00000000000F1400  HOST_MMIO_BASE        equ 0xF1400
         = 00000000000F1400  HOST_MMIO_CMD         equ 0xF1400
         = 00000000000F1404  HOST_MMIO_TRIGGER     equ 0xF1404
         = 00000000000F1408  HOST_MMIO_STATUS      equ 0xF1408
         = 00000000000F140C  HOST_MMIO_EXIT        equ 0xF140C
         = 0000000000000001  HOST_CMD_NET          equ 1
         = 0000000000000002  HOST_CMD_UPDATE       equ 2
         = 0000000000000003  HOST_CMD_REBOOT       equ 3
         = 0000000000000004  HOST_CMD_POWEROFF     equ 4
         = 0000000000000000  HOST_STATUS_RUNNING   equ 0
         = 0000000000000001  HOST_STATUS_OK        equ 1
         = 0000000000000002  HOST_STATUS_ERR       equ 2
         = 0000000000000003  HOST_STATUS_CANCEL    equ 3
         = 0000000000000004  HOST_STATUS_DISABLED  equ 4
         = 0000000000000005  HOST_STATUS_IDLE      equ 5
         = 00000000000F0000  VIDEO_CTRL        equ 0xF0000
         = 0000000000000001  VIDEO_CTRL_ENABLE equ 0x01
         = 0000000000000002  VIDEO_CTRL_PRESENT_HOLD equ 0x02
         = 00000000000F0004  VIDEO_MODE        equ 0xF0004
         = 00000000000F0008  VIDEO_STATUS      equ 0xF0008
         = 0000000000000002  STATUS_VBLANK     equ 2
         = 0000000000000004  STATUS_FB_ERROR   equ 4
         = 00000000000F0078  VIDEO_PAL_INDEX   equ 0xF0078
         = 00000000000F007C  VIDEO_PAL_DATA    equ 0xF007C
         = 00000000000F0080  VIDEO_COLOR_MODE  equ 0xF0080
         = 00000000000F0084  VIDEO_FB_BASE     equ 0xF0084
         = 00000000000F000C  COPPER_CTRL       equ 0xF000C
         = 00000000000F0010  COPPER_PTR        equ 0xF0010
         = 00000000000F001C  BLT_CTRL          equ 0xF001C
         = 00000000000F0020  BLT_OP            equ 0xF0020
         = 00000000000F0024  BLT_SRC           equ 0xF0024
         = 00000000000F0028  BLT_DST           equ 0xF0028
         = 00000000000F002C  BLT_WIDTH         equ 0xF002C
         = 00000000000F0030  BLT_HEIGHT        equ 0xF0030
         = 00000000000F0034  BLT_SRC_STRIDE    equ 0xF0034
         = 00000000000F0038  BLT_DST_STRIDE    equ 0xF0038
         = 00000000000F003C  BLT_COLOR         equ 0xF003C
         = 00000000000F0040  BLT_MASK          equ 0xF0040
         = 00000000000F0044  BLT_STATUS        equ 0xF0044
         = 00000000000F0058  BLT_MODE7_U0      equ 0xF0058
         = 00000000000F005C  BLT_MODE7_V0      equ 0xF005C
         = 00000000000F0060  BLT_MODE7_DU_COL  equ 0xF0060
         = 00000000000F0064  BLT_MODE7_DV_COL  equ 0xF0064
         = 00000000000F0068  BLT_MODE7_DU_ROW  equ 0xF0068
         = 00000000000F006C  BLT_MODE7_DV_ROW  equ 0xF006C
         = 00000000000F0070  BLT_MODE7_TEX_W   equ 0xF0070
         = 00000000000F0074  BLT_MODE7_TEX_H   equ 0xF0074
         = 00000000000F0488  BLT_FLAGS          equ 0xF0488
         = 00000000000F048C  BLT_FG             equ 0xF048C
         = 00000000000F0490  BLT_BG             equ 0xF0490
         = 00000000000F0494  BLT_MASK_MOD       equ 0xF0494
         = 00000000000F0498  BLT_MASK_SRCX      equ 0xF0498
         = 00000000000F0048  VIDEO_RASTER_Y       equ 0xF0048
         = 00000000000F004C  VIDEO_RASTER_HEIGHT  equ 0xF004C
         = 00000000000F0050  VIDEO_RASTER_COLOR   equ 0xF0050
         = 00000000000F0054  VIDEO_RASTER_CTRL    equ 0xF0054
         = 00000000000F0C00  PSG_BASE          equ 0xF0C00
         = 00000000000F0C20  PSG_PLUS_CTRL     equ 0xF0C20
         = 00000000000F0C10  PSG_PLAY_PTR      equ 0xF0C10
         = 00000000000F0C14  PSG_PLAY_LEN      equ 0xF0C14
         = 00000000000F0C18  PSG_PLAY_CTRL     equ 0xF0C18
         = 00000000000F0C1C  PSG_PLAY_STATUS   equ 0xF0C1C
         = 00000000000F0C30  SN_PORT_WRITE        equ 0xF0C30
         = 00000000000F0C31  SN_PORT_READY        equ 0xF0C31
         = 00000000000F0C32  SN_PORT_MODE         equ 0xF0C32
         = 0000000000000000  SN76489_MODE_LFSR_15 equ 0
         = 0000000000000001  SN76489_MODE_LFSR_16 equ 1
         = 00000000000F0D00  POKEY_BASE        equ 0xF0D00
         = 00000000000F0D00  POKEY_AUDF1       equ 0xF0D00
         = 00000000000F0D01  POKEY_AUDC1       equ 0xF0D01
         = 00000000000F0D02  POKEY_AUDF2       equ 0xF0D02
         = 00000000000F0D03  POKEY_AUDC2       equ 0xF0D03
         = 00000000000F0D04  POKEY_AUDF3       equ 0xF0D04
         = 00000000000F0D05  POKEY_AUDC3       equ 0xF0D05
         = 00000000000F0D06  POKEY_AUDF4       equ 0xF0D06
         = 00000000000F0D07  POKEY_AUDC4       equ 0xF0D07
         = 00000000000F0D08  POKEY_AUDCTL      equ 0xF0D08
         = 00000000000F0D09  POKEY_PLUS_CTRL   equ 0xF0D09
         = 00000000000F0D0A  POKEY_RANDOM      equ 0xF0D0A
         = 0000000000000001  AUDCTL_CLOCK_15KHZ   equ 0x01
         = 0000000000000002  AUDCTL_HIPASS_CH1    equ 0x02
         = 0000000000000004  AUDCTL_HIPASS_CH2    equ 0x04
         = 0000000000000008  AUDCTL_CH4_BY_CH3    equ 0x08
         = 0000000000000010  AUDCTL_CH2_BY_CH1    equ 0x10
         = 0000000000000020  AUDCTL_CH3_179MHZ    equ 0x20
         = 0000000000000040  AUDCTL_CH1_179MHZ    equ 0x40
         = 0000000000000080  AUDCTL_POLY9         equ 0x80
         = 0000000000000000  POKEY_DIST_POLY17_POLY5  equ 0x00
         = 0000000000000020  POKEY_DIST_POLY5         equ 0x20
         = 0000000000000040  POKEY_DIST_POLY17_POLY4  equ 0x40
         = 0000000000000060  POKEY_DIST_POLY5_POLY4   equ 0x60
         = 0000000000000080  POKEY_DIST_POLY17        equ 0x80
         = 00000000000000A0  POKEY_DIST_PURE_TONE     equ 0xA0
         = 00000000000000C0  POKEY_DIST_POLY4         equ 0xC0
         = 00000000000000E0  POKEY_DIST_POLY17_PULSE  equ 0xE0
         = 00000000000F0E00  SID_BASE          equ 0xF0E00
         = 00000000000F0E30  SID2_BASE         equ 0xF0E30
         = 00000000000F0E50  SID3_BASE         equ 0xF0E50
         = 00000000000F0E00  SID_V1_FREQ_LO    equ 0xF0E00
         = 00000000000F0E01  SID_V1_FREQ_HI    equ 0xF0E01
         = 00000000000F0E02  SID_V1_PW_LO      equ 0xF0E02
         = 00000000000F0E03  SID_V1_PW_HI      equ 0xF0E03
         = 00000000000F0E04  SID_V1_CTRL       equ 0xF0E04
         = 00000000000F0E05  SID_V1_AD         equ 0xF0E05
         = 00000000000F0E06  SID_V1_SR         equ 0xF0E06
         = 00000000000F0E07  SID_V2_FREQ_LO    equ 0xF0E07
         = 00000000000F0E08  SID_V2_FREQ_HI    equ 0xF0E08
         = 00000000000F0E09  SID_V2_PW_LO      equ 0xF0E09
         = 00000000000F0E0A  SID_V2_PW_HI      equ 0xF0E0A
         = 00000000000F0E0B  SID_V2_CTRL       equ 0xF0E0B
         = 00000000000F0E0C  SID_V2_AD         equ 0xF0E0C
         = 00000000000F0E0D  SID_V2_SR         equ 0xF0E0D
         = 00000000000F0E0E  SID_V3_FREQ_LO    equ 0xF0E0E
         = 00000000000F0E0F  SID_V3_FREQ_HI    equ 0xF0E0F
         = 00000000000F0E10  SID_V3_PW_LO      equ 0xF0E10
         = 00000000000F0E11  SID_V3_PW_HI      equ 0xF0E11
         = 00000000000F0E12  SID_V3_CTRL       equ 0xF0E12
         = 00000000000F0E13  SID_V3_AD         equ 0xF0E13
         = 00000000000F0E14  SID_V3_SR         equ 0xF0E14
         = 00000000000F0E15  SID_FC_LO         equ 0xF0E15
         = 00000000000F0E16  SID_FC_HI         equ 0xF0E16
         = 00000000000F0E17  SID_RES_FILT      equ 0xF0E17
         = 00000000000F0E18  SID_MODE_VOL      equ 0xF0E18
         = 00000000000F0E19  SID_PLUS_CTRL     equ 0xF0E19
         = 0000000000000001  SID_CTRL_GATE     equ 0x01
         = 0000000000000002  SID_CTRL_SYNC     equ 0x02
         = 0000000000000004  SID_CTRL_RINGMOD  equ 0x04
         = 0000000000000008  SID_CTRL_TEST     equ 0x08
         = 0000000000000010  SID_CTRL_TRIANGLE equ 0x10
         = 0000000000000020  SID_CTRL_SAWTOOTH equ 0x20
         = 0000000000000040  SID_CTRL_PULSE    equ 0x40
         = 0000000000000080  SID_CTRL_NOISE    equ 0x80
         = 0000000000000001  SID_FILT_V1       equ 0x01
         = 0000000000000002  SID_FILT_V2       equ 0x02
         = 0000000000000004  SID_FILT_V3       equ 0x04
         = 0000000000000008  SID_FILT_EXT      equ 0x08
         = 0000000000000010  SID_MODE_LP       equ 0x10
         = 0000000000000020  SID_MODE_BP       equ 0x20
         = 0000000000000040  SID_MODE_HP       equ 0x40
         = 0000000000000080  SID_MODE_3OFF     equ 0x80
         = 00000000000F0E20  SID_PLAY_PTR      equ 0xF0E20
         = 00000000000F0E24  SID_PLAY_LEN      equ 0xF0E24
         = 00000000000F0E28  SID_PLAY_CTRL     equ 0xF0E28
         = 00000000000F0E2C  SID_PLAY_STATUS   equ 0xF0E2C
         = 00000000000F0E2D  SID_SUBSONG       equ 0xF0E2D
         = 00000000000F0E80  IE_SFX_CH_BASE           equ 0xF0E80
         = 0000000000000020  IE_SFX_CH_STRIDE         equ 0x20
         = 0000000000000004  IE_SFX_LEGACY_CHANNELS   equ 4
         = 0000000000000020  IE_SFX_CHANNELS          equ 32
         = 00000000000F0E80  IE_SFX_CH0_BASE          equ 0xF0E80
         = 00000000000F0EA0  IE_SFX_CH1_BASE          equ 0xF0EA0
         = 00000000000F0EC0  IE_SFX_CH2_BASE          equ 0xF0EC0
         = 00000000000F0EE0  IE_SFX_CH3_BASE          equ 0xF0EE0
         = 00000000000F2600  IE_SFX_EXT_REGION_BASE   equ 0xF2600
         = 00000000000F29FF  IE_SFX_EXT_REGION_END    equ 0xF29FF
         = 00000000000F2600  IE_SFX_EXT_CH_BASE       equ 0xF2600
         = 00000000000F2600  IE_SFX_EXT_CH0_BASE      equ 0xF2600
         = 00000000000F29E0  IE_SFX_EXT_CH31_BASE     equ 0xF29E0
         = 0000000000000000  SFX_PTR            equ 0x00
         = 0000000000000004  SFX_LEN            equ 0x04
         = 0000000000000008  SFX_LOOP_PTR       equ 0x08
         = 000000000000000C  SFX_LOOP_LEN       equ 0x0C
         = 0000000000000010  SFX_FREQ           equ 0x10
         = 0000000000000014  SFX_VOL            equ 0x14
         = 0000000000000016  SFX_PAN_RESERVED   equ 0x16
         = 0000000000000018  SFX_FORMAT         equ 0x18
         = 000000000000001C  SFX_CTRL           equ 0x1C
         = 0000000000000000  SFX_FORMAT_SIGNED8   equ 0
         = 0000000000000001  SFX_FORMAT_UNSIGNED8 equ 1
         = 0000000000000002  SFX_FORMAT_SIGNED16  equ 2
         = 0000000000000001  SFX_CTRL_TRIGGER   equ 0x01
         = 0000000000000002  SFX_CTRL_STOP      equ 0x02
         = 0000000000000004  SFX_CTRL_LOOP_EN   equ 0x04
         = 0000000000000001  SFX_STATUS_PLAYING equ 0x01
         = 0000000000000002  SFX_STATUS_ERROR   equ 0x02
         = 00000000000F0D10  SAP_PLAY_PTR      equ 0xF0D10
         = 00000000000F0D14  SAP_PLAY_LEN      equ 0xF0D14
         = 00000000000F0D18  SAP_PLAY_CTRL     equ 0xF0D18
         = 00000000000F0D1C  SAP_PLAY_STATUS   equ 0xF0D1C
         = 00000000000F0D20  SAP_SUBSONG       equ 0xF0D20
         = 00000000000F0F00  TED_BASE          equ 0xF0F00
         = 00000000000F0F00  TED_FREQ1_LO      equ 0xF0F00
         = 00000000000F0F01  TED_FREQ2_LO      equ 0xF0F01
         = 00000000000F0F02  TED_FREQ2_HI      equ 0xF0F02
         = 00000000000F0F03  TED_SND_CTRL      equ 0xF0F03
         = 00000000000F0F04  TED_FREQ1_HI      equ 0xF0F04
         = 00000000000F0F05  TED_PLUS_CTRL     equ 0xF0F05
         = 0000000000000080  TED_CTRL_SNDDC     equ 0x80
         = 0000000000000040  TED_CTRL_SND2NOISE equ 0x40
         = 0000000000000020  TED_CTRL_SND2ON    equ 0x20
         = 0000000000000010  TED_CTRL_SND1ON    equ 0x10
         = 000000000000000F  TED_CTRL_VOLUME    equ 0x0F
         = 00000000000F0F10  TED_PLAY_PTR      equ 0xF0F10
         = 00000000000F0F14  TED_PLAY_LEN      equ 0xF0F14
         = 00000000000F0F18  TED_PLAY_CTRL     equ 0xF0F18
         = 00000000000F0F1C  TED_PLAY_STATUS   equ 0xF0F1C
         = 00000000000F0F20  TED_VIDEO_BASE    equ 0xF0F20
         = 00000000000F0F20  TED_V_CTRL1       equ 0xF0F20
         = 00000000000F0F24  TED_V_CTRL2       equ 0xF0F24
         = 00000000000F0F28  TED_V_CHAR_BASE   equ 0xF0F28
         = 00000000000F0F2C  TED_V_VIDEO_BASE  equ 0xF0F2C
         = 00000000000F0F30  TED_V_BG_COLOR0   equ 0xF0F30
         = 00000000000F0F34  TED_V_BG_COLOR1   equ 0xF0F34
         = 00000000000F0F38  TED_V_BG_COLOR2   equ 0xF0F38
         = 00000000000F0F3C  TED_V_BG_COLOR3   equ 0xF0F3C
         = 00000000000F0F40  TED_V_BORDER      equ 0xF0F40
         = 00000000000F0F44  TED_V_CURSOR_HI   equ 0xF0F44
         = 00000000000F0F48  TED_V_CURSOR_LO   equ 0xF0F48
         = 00000000000F0F4C  TED_V_CURSOR_CLR  equ 0xF0F4C
         = 00000000000F0F50  TED_V_RASTER_LO   equ 0xF0F50
         = 00000000000F0F54  TED_V_RASTER_HI   equ 0xF0F54
         = 00000000000F0F58  TED_V_ENABLE      equ 0xF0F58
         = 00000000000F0F5C  TED_V_STATUS      equ 0xF0F5C
         = 0000000000000040  TED_V_CTRL1_ECM      equ 0x40
         = 0000000000000020  TED_V_CTRL1_BMM      equ 0x20
         = 0000000000000010  TED_V_CTRL1_DEN      equ 0x10
         = 0000000000000008  TED_V_CTRL1_RSEL     equ 0x08
         = 0000000000000007  TED_V_CTRL1_YSCROLL  equ 0x07
         = 0000000000000020  TED_V_CTRL2_RES      equ 0x20
         = 0000000000000010  TED_V_CTRL2_MCM      equ 0x10
         = 0000000000000008  TED_V_CTRL2_CSEL     equ 0x08
         = 0000000000000007  TED_V_CTRL2_XSCROLL  equ 0x07
         = 0000000000000001  TED_V_ENABLE_VIDEO   equ 0x01
         = 0000000000000001  TED_V_STATUS_VBLANK  equ 0x01
         = 0000000000000140  TED_V_DISPLAY_W   equ 320
         = 00000000000000C8  TED_V_DISPLAY_H   equ 200
         = 0000000000000180  TED_V_FRAME_W     equ 384
         = 0000000000000110  TED_V_FRAME_H     equ 272
         = 0000000000000028  TED_V_CELLS_X     equ 40
         = 0000000000000019  TED_V_CELLS_Y     equ 25
         = 000000008003C3C8  COP_SETBASE_TED_VIDEO equ 0x8003C3C8
         = 00000000000F0B80  AHX_BASE          equ 0xF0B80
         = 00000000000F0B80  AHX_PLUS_CTRL     equ 0xF0B80
         = 00000000000F0B84  AHX_PLAY_PTR      equ 0xF0B84
         = 00000000000F0B88  AHX_PLAY_LEN      equ 0xF0B88
         = 00000000000F0B8C  AHX_PLAY_CTRL     equ 0xF0B8C
         = 00000000000F0B90  AHX_PLAY_STATUS   equ 0xF0B90
         = 00000000000F0B91  AHX_SUBSONG       equ 0xF0B91
         = 00000000000F0BA0  MIDI_PLAY_PTR     equ 0xF0BA0
         = 00000000000F0BA4  MIDI_PLAY_LEN     equ 0xF0BA4
         = 00000000000F0BA8  MIDI_PLAY_CTRL    equ 0xF0BA8
         = 00000000000F0BAC  MIDI_PLAY_STATUS  equ 0xF0BAC
         = 00000000000F0BB0  MIDI_POSITION     equ 0xF0BB0
         = 00000000000F0BB4  MIDI_VOLUME       equ 0xF0BB4
         = 00000000000F0BB8  MIDI_TEMPO_BPM    equ 0xF0BB8
         = 0000000000000008  MIDI_STATUS_LOADING equ 0x08
         = 00000000000F0BF4  IE_MIDI_LIVE_DATA   equ 0xF0BF4
         = 00000000000F0BF5  IE_MIDI_LIVE_STATUS equ 0xF0BF5
         = 00000000000F0BF6  IE_MIDI_LIVE_CTRL   equ 0xF0BF6
         = 0000000000000001  MIDI_LIVE_STATUS_ACTIVE equ 0x01
         = 0000000000000001  MIDI_LIVE_CTRL_RESET    equ 0x01
         = 00000000000F0BC0  MOD_PLAY_PTR      equ 0xF0BC0
         = 00000000000F0BC4  MOD_PLAY_LEN      equ 0xF0BC4
         = 00000000000F0BC8  MOD_PLAY_CTRL     equ 0xF0BC8
         = 00000000000F0BCC  MOD_PLAY_STATUS   equ 0xF0BCC
         = 00000000000F0BD0  MOD_FILTER_MODEL  equ 0xF0BD0
         = 00000000000F0BD4  MOD_POSITION      equ 0xF0BD4
         = 00000000000F0BD8  WAV_PLAY_PTR      equ 0xF0BD8
         = 00000000000F0BDC  WAV_PLAY_LEN      equ 0xF0BDC
         = 00000000000F0BE0  WAV_PLAY_CTRL     equ 0xF0BE0
         = 00000000000F0BE4  WAV_PLAY_STATUS   equ 0xF0BE4
         = 00000000000F0BE8  WAV_POSITION      equ 0xF0BE8
         = 00000000000F0BEC  WAV_PLAY_PTR_HI   equ 0xF0BEC
         = 00000000000F0BF0  WAV_CHANNEL_BASE  equ 0xF0BF0
         = 00000000000F0BF1  WAV_VOLUME_L      equ 0xF0BF1
         = 00000000000F0BF2  WAV_VOLUME_R      equ 0xF0BF2
         = 00000000000F0BF3  WAV_FLAGS         equ 0xF0BF3
         = 00000000000F1000  VGA_BASE          equ 0xF1000
         = 00000000000F1000  VGA_MODE          equ 0xF1000
         = 00000000000F1004  VGA_STATUS        equ 0xF1004
         = 00000000000F1008  VGA_CTRL          equ 0xF1008
         = 00000000000F1010  VGA_SEQ_INDEX     equ 0xF1010
         = 00000000000F1014  VGA_SEQ_DATA      equ 0xF1014
         = 00000000000F1018  VGA_SEQ_MAPMASK   equ 0xF1018
         = 00000000000F1020  VGA_CRTC_INDEX    equ 0xF1020
         = 00000000000F1024  VGA_CRTC_DATA     equ 0xF1024
         = 00000000000F1028  VGA_CRTC_STARTHI  equ 0xF1028
         = 00000000000F102C  VGA_CRTC_STARTLO  equ 0xF102C
         = 00000000000F1030  VGA_GC_INDEX      equ 0xF1030
         = 00000000000F1034  VGA_GC_DATA       equ 0xF1034
         = 00000000000F1038  VGA_GC_READMAP    equ 0xF1038
         = 00000000000F103C  VGA_GC_BITMASK    equ 0xF103C
         = 00000000000F1040  VGA_ATTR_INDEX    equ 0xF1040
         = 00000000000F1044  VGA_ATTR_DATA     equ 0xF1044
         = 00000000000F1050  VGA_DAC_MASK      equ 0xF1050
         = 00000000000F1054  VGA_DAC_RINDEX    equ 0xF1054
         = 00000000000F1058  VGA_DAC_WINDEX    equ 0xF1058
         = 00000000000F105C  VGA_DAC_DATA      equ 0xF105C
         = 00000000000F1100  VGA_PALETTE       equ 0xF1100
         = 00000000000A0000  VGA_VRAM          equ 0xA0000
         = 0000000000000003  VGA_MODE_TEXT     equ 0x03
         = 0000000000000012  VGA_MODE_12H      equ 0x12
         = 0000000000000013  VGA_MODE_13H      equ 0x13
         = 0000000000000014  VGA_MODE_X        equ 0x14
         = 0000000000000001  VGA_STATUS_VSYNC  equ 0x01
         = 0000000000000008  VGA_STATUS_RETRACE equ 0x08
         = 0000000000000001  VGA_CTRL_ENABLE   equ 0x01
         = 00000000000F0800  AUDIO_CTRL        equ 0xF0800
         = 00000000000F0804  ENV_SHAPE         equ 0xF0804
         = 00000000000F0860  ENV_SHAPE_CH_BASE equ 0xF0860
         = 0000000000000004  ENV_SHAPE_STRIDE  equ 0x04
         = 00000000000F0820  FILTER_CUTOFF     equ 0xF0820
         = 00000000000F0824  FILTER_RESONANCE  equ 0xF0824
         = 00000000000F0828  FILTER_TYPE       equ 0xF0828
         = 00000000000F082C  FILTER_MOD_SOURCE equ 0xF082C
         = 00000000000F0830  FILTER_MOD_AMOUNT equ 0xF0830
         = 0000000000000000  FILTER_OFF        equ 0
         = 0000000000000001  FILTER_LOWPASS    equ 1
         = 0000000000000002  FILTER_HIGHPASS   equ 2
         = 0000000000000003  FILTER_BANDPASS   equ 3
         = 0000000000000000  ENV_SHAPE_ADSR      equ 0
         = 0000000000000001  ENV_SHAPE_SAW_UP    equ 1
         = 0000000000000002  ENV_SHAPE_SAW_DOWN  equ 2
         = 0000000000000003  ENV_SHAPE_LOOP      equ 3
         = 0000000000000004  ENV_SHAPE_SID       equ 4
         = 00000000000F0900  SQUARE_FREQ       equ 0xF0900
         = 00000000000F0904  SQUARE_VOL        equ 0xF0904
         = 00000000000F0908  SQUARE_CTRL       equ 0xF0908
         = 00000000000F090C  SQUARE_DUTY       equ 0xF090C
         = 00000000000F0910  SQUARE_SWEEP      equ 0xF0910
         = 00000000000F0922  SQUARE_PWM_CTRL   equ 0xF0922
         = 00000000000F0930  SQUARE_ATK        equ 0xF0930
         = 00000000000F0934  SQUARE_DEC        equ 0xF0934
         = 00000000000F0938  SQUARE_SUS        equ 0xF0938
         = 00000000000F093C  SQUARE_REL        equ 0xF093C
         = 00000000000F0940  TRI_FREQ          equ 0xF0940
         = 00000000000F0944  TRI_VOL           equ 0xF0944
         = 00000000000F0948  TRI_CTRL          equ 0xF0948
         = 00000000000F0914  TRI_SWEEP         equ 0xF0914
         = 00000000000F0960  TRI_ATK           equ 0xF0960
         = 00000000000F0964  TRI_DEC           equ 0xF0964
         = 00000000000F0968  TRI_SUS           equ 0xF0968
         = 00000000000F096C  TRI_REL           equ 0xF096C
         = 00000000000F0980  SINE_FREQ         equ 0xF0980
         = 00000000000F0984  SINE_VOL          equ 0xF0984
         = 00000000000F0988  SINE_CTRL         equ 0xF0988
         = 00000000000F0918  SINE_SWEEP        equ 0xF0918
         = 00000000000F0990  SINE_ATK          equ 0xF0990
         = 00000000000F0994  SINE_DEC          equ 0xF0994
         = 00000000000F0998  SINE_SUS          equ 0xF0998
         = 00000000000F099C  SINE_REL          equ 0xF099C
         = 00000000000F09C0  NOISE_FREQ        equ 0xF09C0
         = 00000000000F09C4  NOISE_VOL         equ 0xF09C4
         = 00000000000F09C8  NOISE_CTRL        equ 0xF09C8
         = 00000000000F09D0  NOISE_ATK         equ 0xF09D0
         = 00000000000F09D4  NOISE_DEC         equ 0xF09D4
         = 00000000000F09D8  NOISE_SUS         equ 0xF09D8
         = 00000000000F09DC  NOISE_REL         equ 0xF09DC
         = 00000000000F09E0  NOISE_MODE        equ 0xF09E0
         = 0000000000000000  NOISE_MODE_WHITE    equ 0
         = 0000000000000001  NOISE_MODE_PERIODIC equ 1
         = 0000000000000002  NOISE_MODE_METALLIC equ 2
         = 0000000000000003  NOISE_MODE_PSG      equ 3
         = 00000000000F0A00  SYNC_SOURCE_CH0   equ 0xF0A00
         = 00000000000F0A04  SYNC_SOURCE_CH1   equ 0xF0A04
         = 00000000000F0A08  SYNC_SOURCE_CH2   equ 0xF0A08
         = 00000000000F0A0C  SYNC_SOURCE_CH3   equ 0xF0A0C
         = 00000000000F0A10  RING_MOD_SOURCE_CH0 equ 0xF0A10
         = 00000000000F0A14  RING_MOD_SOURCE_CH1 equ 0xF0A14
         = 00000000000F0A18  RING_MOD_SOURCE_CH2 equ 0xF0A18
         = 00000000000F0A1C  RING_MOD_SOURCE_CH3 equ 0xF0A1C
         = 00000000000F0A20  SAW_FREQ          equ 0xF0A20
         = 00000000000F0A24  SAW_VOL           equ 0xF0A24
         = 00000000000F0A28  SAW_CTRL          equ 0xF0A28
         = 00000000000F0A2C  SAW_SWEEP         equ 0xF0A2C
         = 00000000000F0A30  SAW_ATK           equ 0xF0A30
         = 00000000000F0A34  SAW_DEC           equ 0xF0A34
         = 00000000000F0A38  SAW_SUS           equ 0xF0A38
         = 00000000000F0A3C  SAW_REL           equ 0xF0A3C
         = 00000000000F0A60  SYNC_SOURCE_CH4   equ 0xF0A60
         = 00000000000F0A64  RING_MOD_SOURCE_CH4 equ 0xF0A64
         = 00000000000F0A40  OVERDRIVE_CTRL    equ 0xF0A40
         = 00000000000F0A50  REVERB_MIX        equ 0xF0A50
         = 00000000000F0A54  REVERB_DECAY      equ 0xF0A54
         = 00000000000F0A80  FLEX_CH_BASE      equ 0xF0A80
         = 0000000000000040  FLEX_CH_STRIDE    equ 0x40
         = 00000000000F0A80  FLEX_CH0_BASE     equ 0xF0A80
         = 00000000000F0AC0  FLEX_CH1_BASE     equ 0xF0AC0
         = 00000000000F0B00  FLEX_CH2_BASE     equ 0xF0B00
         = 00000000000F0B40  FLEX_CH3_BASE     equ 0xF0B40
         = 00000000000F0C40  SID2_CH0_BASE     equ 0xF0C40
         = 00000000000F0C80  SID2_CH1_BASE     equ 0xF0C80
         = 00000000000F0CC0  SID2_CH2_BASE     equ 0xF0CC0
         = 00000000000F0D40  SID3_CH0_BASE     equ 0xF0D40
         = 00000000000F0D80  SID3_CH1_BASE     equ 0xF0D80
         = 00000000000F0DC0  SID3_CH2_BASE     equ 0xF0DC0
         = 0000000000000000  FLEX_OFF_FREQ       equ 0x00
         = 0000000000000004  FLEX_OFF_VOL        equ 0x04
         = 0000000000000008  FLEX_OFF_CTRL       equ 0x08
         = 000000000000000C  FLEX_OFF_DUTY       equ 0x0C
         = 0000000000000010  FLEX_OFF_SWEEP      equ 0x10
         = 0000000000000014  FLEX_OFF_ATK        equ 0x14
         = 0000000000000018  FLEX_OFF_DEC        equ 0x18
         = 000000000000001C  FLEX_OFF_SUS        equ 0x1C
         = 0000000000000020  FLEX_OFF_REL        equ 0x20
         = 0000000000000024  FLEX_OFF_WAVE_TYPE  equ 0x24
         = 0000000000000028  FLEX_OFF_PWM_CTRL   equ 0x28
         = 000000000000002C  FLEX_OFF_NOISEMODE  equ 0x2C
         = 0000000000000030  FLEX_OFF_PHASE      equ 0x30
         = 0000000000000034  FLEX_OFF_RINGMOD    equ 0x34
         = 0000000000000038  FLEX_OFF_SYNC       equ 0x38
         = 000000000000003C  FLEX_OFF_DAC        equ 0x3C
         = 0000000000000000  WAVE_SQUARE       equ 0
         = 0000000000000001  WAVE_TRIANGLE     equ 1
         = 0000000000000002  WAVE_SINE         equ 2
         = 0000000000000003  WAVE_NOISE        equ 3
         = 0000000000000004  WAVE_SAWTOOTH     equ 4
         = 0000000000000002  CTRL_GATE         equ 0x02
         = 0000000000000001  AUDIO_ENABLE      equ 0x01
         = 0000000000000002  AUDIO_FREEZE      equ 0x02
         = 0000000000000080  PWM_ENABLE        equ 0x80
         = 000000000000007F  PWM_RATE_MASK     equ 0x7F
         = 0000000000000080  SWEEP_ENABLE      equ 0x80
         = 0000000000000000  SWEEP_DIR_UP      equ 0x00
         = 0000000000000008  SWEEP_DIR_DOWN    equ 0x08
         = 0000000000000070  SWEEP_PERIOD_MASK equ 0x70
         = 0000000000000007  SWEEP_SHIFT_MASK  equ 0x07
         = 0000000000100000  VRAM_START        equ 0x100000
         = 00000000000003C0  SCREEN_W          set 960
         = 000000000000021C  SCREEN_H          set 540
         = 0000000000000F00  LINE_BYTES        set 3840
         = 0000000000000000  MODE_640x480      equ 0x00
         = 0000000000000001  MODE_800x600      equ 0x01
         = 0000000000000002  MODE_1024x768     equ 0x02
         = 0000000000000003  MODE_1280x960     equ 0x03
         = 0000000000000004  MODE_320x200      equ 0x04
         = 0000000000000005  MODE_320x240      equ 0x05
         = 0000000000000006  MODE_1920x1080    equ 0x06
         = 0000000000000007  MODE_960x540      equ 0x07
         = 0000000000000000  BLT_OP_COPY       equ 0
         = 0000000000000001  BLT_OP_FILL       equ 1
         = 0000000000000002  BLT_OP_LINE       equ 2
         = 0000000000000003  BLT_OP_MASKED     equ 3
         = 0000000000000004  BLT_OP_ALPHA      equ 4
         = 0000000000000005  BLT_OP_MODE7      equ 5
         = 0000000000000006  BLT_OP_COLOR_EXPAND equ 6
         = 0000000000000007  BLT_OP_SCALE      equ 7
         = 0000000000000008  BLT_OP_MEMCOPY    equ 8
         = 0000000000000000  BLT_FLAGS_BPP_RGBA32     equ 0x00
         = 0000000000000001  BLT_FLAGS_BPP_CLUT8      equ 0x01
         = 0000000000000003  BLT_FLAGS_BPP_MASK       equ 0x03
         = 0000000000000004  BLT_FLAGS_DRAWMODE_SHIFT equ 4
         = 00000000000000F0  BLT_FLAGS_DRAWMODE_MASK  equ 0xF0
         = 0000000000000100  BLT_FLAGS_JAM1           equ 0x100
         = 0000000000000200  BLT_FLAGS_INVERT_TMPL    equ 0x200
         = 0000000000000400  BLT_FLAGS_INVERT_MODE    equ 0x400
         = 00000000FF000000  BACKGROUND        equ 0xFF000000
         = 0000000000000000  COP_WAIT_MASK         equ 0x00000000
         = 0000000000001000  COP_WAIT_SCALE        equ 0x1000
         = 0000000040120000  COP_MOVE_RASTER_Y     equ 0x40120000
         = 0000000040130000  COP_MOVE_RASTER_H     equ 0x40130000
         = 0000000040140000  COP_MOVE_RASTER_COLOR equ 0x40140000
         = 0000000040150000  COP_MOVE_RASTER_CTRL  equ 0x40150000
         = 00000000C0000000  COP_END               equ 0xC0000000
         = 0000000080000000  COP_SETBASE_OP        equ 0x80000000
         = 0000000000000002  COP_SETBASE_SHIFT     equ 2
         = 000000008003C000  COP_SETBASE_VIDEO     equ 0x8003C000
         = 000000008003C400  COP_SETBASE_VGA       equ 0x8003C400
         = 000000008003C416  COP_SETBASE_VGA_DAC   equ 0x8003C416
         = 0000000040000000  COP_MOVE_VGA_WINDEX   equ 0x40000000
         = 0000000040010000  COP_MOVE_VGA_DATA     equ 0x40010000
         = 000000000000F800  TIMER_CTRL        equ 0x00F800
         = 000000000000F804  TIMER_COUNT       equ 0x00F804
         = 000000000000F808  TIMER_RELOAD      equ 0x00F808
         = 00000000000F2000  ULA_BASE          equ 0xF2000
         = 00000000000F2000  ULA_BORDER        equ 0xF2000
         = 00000000000F2004  ULA_CTRL          equ 0xF2004
         = 00000000000F2008  ULA_STATUS        equ 0xF2008
         = 00000000000F200C  ULA_ADDR_LO       equ 0xF200C
         = 00000000000F2010  ULA_ADDR_HI       equ 0xF2010
         = 00000000000F2014  ULA_DATA          equ 0xF2014
         = 0000000000000001  ULA_CTRL_ENABLE   equ 0x01
         = 0000000000000002  ULA_CTRL_VBLANK_IRQ_EN equ 0x02
         = 0000000000000004  ULA_CTRL_AUTO_INC equ 0x04
         = 00000000000FA000  ULA_VRAM_AP       equ 0xFA000
         = 00000000000FBAFF  ULA_VRAM_AP_END   equ 0xFBAFF
         = 00000000000FA000  ULA_VRAM          equ 0xFA000
         = 0000000000001800  ULA_BITMAP_SIZE   equ 6144
         = 0000000000001800  ULA_ATTR_OFFSET   equ 0x1800
         = 0000000000000300  ULA_ATTR_SIZE     equ 768
         = 0000000000001B00  ULA_VRAM_SIZE     equ 6912
         = 0000000000000100  ULA_DISPLAY_W     equ 256
         = 00000000000000C0  ULA_DISPLAY_H     equ 192
         = 0000000000000020  ULA_BORDER_SIZE   equ 32
         = 0000000000000140  ULA_FRAME_W       equ 320
         = 0000000000000100  ULA_FRAME_H       equ 256
         = 0000000000000020  ULA_CELLS_X       equ 32
         = 0000000000000018  ULA_CELLS_Y       equ 24
         = 00000000000F2100  ANTIC_BASE        equ 0xF2100
         = 00000000000F2100  ANTIC_DMACTL      equ 0xF2100
         = 00000000000F2104  ANTIC_CHACTL      equ 0xF2104
         = 00000000000F2108  ANTIC_DLISTL      equ 0xF2108
         = 00000000000F210C  ANTIC_DLISTH      equ 0xF210C
         = 00000000000F2110  ANTIC_HSCROL      equ 0xF2110
         = 00000000000F2114  ANTIC_VSCROL      equ 0xF2114
         = 00000000000F2118  ANTIC_PMBASE      equ 0xF2118
         = 00000000000F211C  ANTIC_CHBASE      equ 0xF211C
         = 00000000000F2120  ANTIC_WSYNC       equ 0xF2120
         = 00000000000F2124  ANTIC_VCOUNT      equ 0xF2124
         = 00000000000F2128  ANTIC_PENH        equ 0xF2128
         = 00000000000F212C  ANTIC_PENV        equ 0xF212C
         = 00000000000F2130  ANTIC_NMIEN       equ 0xF2130
         = 00000000000F2134  ANTIC_NMIST       equ 0xF2134
         = 00000000000F2138  ANTIC_ENABLE      equ 0xF2138
         = 00000000000F213C  ANTIC_STATUS      equ 0xF213C
         = 0000000000000001  ANTIC_DMA_NARROW  equ 0x01
         = 0000000000000002  ANTIC_DMA_NORMAL  equ 0x02
         = 0000000000000003  ANTIC_DMA_WIDE    equ 0x03
         = 0000000000000004  ANTIC_DMA_MISSILE equ 0x04
         = 0000000000000008  ANTIC_DMA_PLAYER  equ 0x08
         = 0000000000000010  ANTIC_DMA_PMRES   equ 0x10
         = 0000000000000020  ANTIC_DMA_DL      equ 0x20
         = 0000000000000001  ANTIC_CHACTL_BLANK   equ 0x01
         = 0000000000000002  ANTIC_CHACTL_INVERT  equ 0x02
         = 0000000000000004  ANTIC_CHACTL_REFLECT equ 0x04
         = 0000000000000080  ANTIC_NMIEN_DLI   equ 0x80
         = 0000000000000040  ANTIC_NMIEN_VBI   equ 0x40
         = 0000000000000000  DL_BLANK1         equ 0x00
         = 0000000000000010  DL_BLANK2         equ 0x10
         = 0000000000000020  DL_BLANK3         equ 0x20
         = 0000000000000030  DL_BLANK4         equ 0x30
         = 0000000000000040  DL_BLANK5         equ 0x40
         = 0000000000000050  DL_BLANK6         equ 0x50
         = 0000000000000060  DL_BLANK7         equ 0x60
         = 0000000000000070  DL_BLANK8         equ 0x70
         = 0000000000000001  DL_JMP            equ 0x01
         = 0000000000000041  DL_JVB            equ 0x41
         = 0000000000000002  DL_MODE2          equ 0x02
         = 0000000000000003  DL_MODE3          equ 0x03
         = 0000000000000004  DL_MODE4          equ 0x04
         = 0000000000000005  DL_MODE5          equ 0x05
         = 0000000000000006  DL_MODE6          equ 0x06
         = 0000000000000007  DL_MODE7          equ 0x07
         = 0000000000000008  DL_MODE8          equ 0x08
         = 0000000000000009  DL_MODE9          equ 0x09
         = 000000000000000A  DL_MODE10         equ 0x0A
         = 000000000000000B  DL_MODE11         equ 0x0B
         = 000000000000000C  DL_MODE12         equ 0x0C
         = 000000000000000D  DL_MODE13         equ 0x0D
         = 000000000000000E  DL_MODE14         equ 0x0E
         = 000000000000000F  DL_MODE15         equ 0x0F
         = 0000000000000040  DL_LMS            equ 0x40
         = 0000000000000080  DL_DLI            equ 0x80
         = 0000000000000010  DL_HSCROL         equ 0x10
         = 0000000000000020  DL_VSCROL         equ 0x20
         = 0000000000000001  ANTIC_ENABLE_VIDEO   equ 0x01
         = 0000000000000001  ANTIC_STATUS_VBLANK  equ 0x01
         = 0000000000000140  ANTIC_DISPLAY_W   equ 320
         = 00000000000000C0  ANTIC_DISPLAY_H   equ 192
         = 0000000000000180  ANTIC_FRAME_W     equ 384
         = 00000000000000F0  ANTIC_FRAME_H     equ 240
         = 000000008003C840  COP_SETBASE_ANTIC equ 0x8003C840
         = 00000000000F2140  GTIA_BASE         equ 0xF2140
         = 00000000000F2140  GTIA_COLPF0       equ 0xF2140
         = 00000000000F2144  GTIA_COLPF1       equ 0xF2144
         = 00000000000F2148  GTIA_COLPF2       equ 0xF2148
         = 00000000000F214C  GTIA_COLPF3       equ 0xF214C
         = 00000000000F2150  GTIA_COLBK        equ 0xF2150
         = 00000000000F2154  GTIA_COLPM0       equ 0xF2154
         = 00000000000F2158  GTIA_COLPM1       equ 0xF2158
         = 00000000000F215C  GTIA_COLPM2       equ 0xF215C
         = 00000000000F2160  GTIA_COLPM3       equ 0xF2160
         = 00000000000F2164  GTIA_PRIOR        equ 0xF2164
         = 00000000000F2168  GTIA_GRACTL       equ 0xF2168
         = 00000000000F216C  GTIA_CONSOL       equ 0xF216C
         = 00000000000F2170  GTIA_HPOSP0       equ 0xF2170
         = 00000000000F2174  GTIA_HPOSP1       equ 0xF2174
         = 00000000000F2178  GTIA_HPOSP2       equ 0xF2178
         = 00000000000F217C  GTIA_HPOSP3       equ 0xF217C
         = 00000000000F2180  GTIA_HPOSM0       equ 0xF2180
         = 00000000000F2184  GTIA_HPOSM1       equ 0xF2184
         = 00000000000F2188  GTIA_HPOSM2       equ 0xF2188
         = 00000000000F218C  GTIA_HPOSM3       equ 0xF218C
         = 00000000000F2190  GTIA_SIZEP0       equ 0xF2190
         = 00000000000F2194  GTIA_SIZEP1       equ 0xF2194
         = 00000000000F2198  GTIA_SIZEP2       equ 0xF2198
         = 00000000000F219C  GTIA_SIZEP3       equ 0xF219C
         = 00000000000F21A0  GTIA_SIZEM        equ 0xF21A0
         = 00000000000F21A4  GTIA_GRAFP0       equ 0xF21A4
         = 00000000000F21A8  GTIA_GRAFP1       equ 0xF21A8
         = 00000000000F21AC  GTIA_GRAFP2       equ 0xF21AC
         = 00000000000F21B0  GTIA_GRAFP3       equ 0xF21B0
         = 00000000000F21B4  GTIA_GRAFM        equ 0xF21B4
         = 00000000000F21B8  GTIA_M0PF         equ 0xF21B8
         = 00000000000F21BC  GTIA_M1PF         equ 0xF21BC
         = 00000000000F21C0  GTIA_M2PF         equ 0xF21C0
         = 00000000000F21C4  GTIA_M3PF         equ 0xF21C4
         = 00000000000F21C8  GTIA_P0PF         equ 0xF21C8
         = 00000000000F21CC  GTIA_P1PF         equ 0xF21CC
         = 00000000000F21D0  GTIA_P2PF         equ 0xF21D0
         = 00000000000F21D4  GTIA_P3PF         equ 0xF21D4
         = 00000000000F21D8  GTIA_M0PL         equ 0xF21D8
         = 00000000000F21DC  GTIA_M1PL         equ 0xF21DC
         = 00000000000F21E0  GTIA_M2PL         equ 0xF21E0
         = 00000000000F21E4  GTIA_M3PL         equ 0xF21E4
         = 00000000000F21E8  GTIA_P0PL         equ 0xF21E8
         = 00000000000F21EC  GTIA_P1PL         equ 0xF21EC
         = 00000000000F21F0  GTIA_P2PL         equ 0xF21F0
         = 00000000000F21F4  GTIA_P3PL         equ 0xF21F4
         = 00000000000F21F8  GTIA_HITCLR       equ 0xF21F8
         = 0000000000000001  GTIA_PRIOR_P03    equ 0x01
         = 0000000000000002  GTIA_PRIOR_P01    equ 0x02
         = 0000000000000004  GTIA_PRIOR_P23    equ 0x04
         = 0000000000000010  GTIA_PRIOR_MULTI  equ 0x10
         = 0000000000000020  GTIA_PRIOR_FIFTH  equ 0x20
         = 0000000000000040  GTIA_PRIOR_GTIA1  equ 0x40
         = 0000000000000080  GTIA_PRIOR_GTIA2  equ 0x80
         = 0000000000000001  GTIA_GRACTL_MISSLE equ 0x01
         = 0000000000000002  GTIA_GRACTL_PLAYER equ 0x02
         = 0000000000000004  GTIA_GRACTL_LATCH  equ 0x04
         = 00000000000F21FB  GTIA_END          equ 0xF21FB
         = 000000008003C850  COP_SETBASE_GTIA  equ 0x8003C850
         = 00000000000F2400  SYSINFO_TOTAL_RAM_LO  equ 0xF2400
         = 00000000000F2404  SYSINFO_TOTAL_RAM_HI  equ 0xF2404
         = 00000000000F2408  SYSINFO_ACTIVE_RAM_LO equ 0xF2408
         = 00000000000F240C  SYSINFO_ACTIVE_RAM_HI equ 0xF240C
         = 00000000000F2414  SYSINFO_LOW_WINDOW_LO equ 0xF2414
         = 00000000000F2418  SYSINFO_LOW_WINDOW_HI equ 0xF2418
         = 00000000000F2410  SYSINFO_FEATURES      equ 0xF2410
         = 0000000000000001  SYSINFO_FEATURE_WAIT  equ 0x00000001
         = 0000000000000002  SYSINFO_FEATURE_VOODOO_CMD_STREAM equ 0x00000002
         = 0000000000000004  SYSINFO_FEATURE_MMIO_STATS equ 0x00000004
         = 0000000000000008  SYSINFO_FEATURE_VOODOO_TEX_SLOTS equ 0x00000008
         = 00000000000F2580  CPU_WAIT_VBLANK       equ 0xF2580
         = 00000000000F2584  CPU_WAIT_UNTIL_LO     equ 0xF2584
         = 00000000000F2588  CPU_WAIT_UNTIL_HI     equ 0xF2588
         = 00000000000F258C  CPU_WAIT_UNTIL_GO     equ 0xF258C
         = 00000000000F25C0  GAMEPAD_REGION_BASE   equ 0xF25C0
         = 00000000000F25FF  GAMEPAD_REGION_END    equ 0xF25FF
         = 00000000000F25C0  GAMEPAD_STATUS        equ 0xF25C0
         = 00000000000F25D0  GAMEPAD_PAD0_BASE     equ 0xF25D0
         = 000000000000000C  GAMEPAD_PAD_STRIDE    equ 0x0000000C
         = 0000000000000000  GAMEPAD_BUTTONS_OFF   equ 0x00000000
         = 0000000000000004  GAMEPAD_AXIS_LXY_OFF  equ 0x00000004
         = 0000000000000008  GAMEPAD_AXIS_RXY_OFF  equ 0x00000008
         = 0000000000000001  JOY_UP                equ 0x00000001
         = 0000000000000002  JOY_DOWN              equ 0x00000002
         = 0000000000000004  JOY_LEFT              equ 0x00000004
         = 0000000000000008  JOY_RIGHT             equ 0x00000008
         = 0000000000000010  JOY_A                 equ 0x00000010
         = 0000000000000020  JOY_B                 equ 0x00000020
         = 0000000000000040  JOY_X                 equ 0x00000040
         = 0000000000000080  JOY_Y                 equ 0x00000080
         = 0000000000000100  JOY_LB                equ 0x00000100
         = 0000000000000200  JOY_RB                equ 0x00000200
         = 0000000000000400  JOY_LT                equ 0x00000400
         = 0000000000000800  JOY_RT                equ 0x00000800
         = 0000000000001000  JOY_SELECT            equ 0x00001000
         = 0000000000002000  JOY_START             equ 0x00002000
         = 0000000000004000  JOY_L3                equ 0x00004000
         = 0000000000008000  JOY_R3                equ 0x00008000
         = 0000000000010000  JOY_HOME              equ 0x00010000
         = 00000000000F8000  VOODOO_BASE           equ 0xF8000
         = 00000000000F87FF  VOODOO_END            equ 0xF87FF
         = 00000000000F8000  VOODOO_STATUS         equ 0xF8000
         = 00000000000F8004  VOODOO_ENABLE         equ 0xF8004
         = 00000000000F8008  VOODOO_VERTEX_AX      equ 0xF8008
         = 00000000000F800C  VOODOO_VERTEX_AY      equ 0xF800C
         = 00000000000F8010  VOODOO_VERTEX_BX      equ 0xF8010
         = 00000000000F8014  VOODOO_VERTEX_BY      equ 0xF8014
         = 00000000000F8018  VOODOO_VERTEX_CX      equ 0xF8018
         = 00000000000F801C  VOODOO_VERTEX_CY      equ 0xF801C
         = 00000000000F8020  VOODOO_START_R        equ 0xF8020
         = 00000000000F8024  VOODOO_START_G        equ 0xF8024
         = 00000000000F8028  VOODOO_START_B        equ 0xF8028
         = 00000000000F802C  VOODOO_START_Z        equ 0xF802C
         = 00000000000F8030  VOODOO_START_A        equ 0xF8030
         = 00000000000F8034  VOODOO_START_S        equ 0xF8034
         = 00000000000F8038  VOODOO_START_T        equ 0xF8038
         = 00000000000F803C  VOODOO_START_W        equ 0xF803C
         = 00000000000F8040  VOODOO_DRDX           equ 0xF8040
         = 00000000000F8044  VOODOO_DGDX           equ 0xF8044
         = 00000000000F8048  VOODOO_DBDX           equ 0xF8048
         = 00000000000F804C  VOODOO_DZDX           equ 0xF804C
         = 00000000000F8050  VOODOO_DADX           equ 0xF8050
         = 00000000000F8054  VOODOO_DSDX           equ 0xF8054
         = 00000000000F8058  VOODOO_DTDX           equ 0xF8058
         = 00000000000F805C  VOODOO_DWDX           equ 0xF805C
         = 00000000000F8060  VOODOO_DRDY           equ 0xF8060
         = 00000000000F8064  VOODOO_DGDY           equ 0xF8064
         = 00000000000F8068  VOODOO_DBDY           equ 0xF8068
         = 00000000000F806C  VOODOO_DZDY           equ 0xF806C
         = 00000000000F8070  VOODOO_DADY           equ 0xF8070
         = 00000000000F8074  VOODOO_DSDY           equ 0xF8074
         = 00000000000F8078  VOODOO_DTDY           equ 0xF8078
         = 00000000000F807C  VOODOO_DWDY           equ 0xF807C
         = 00000000000F8080  VOODOO_TRIANGLE_CMD   equ 0xF8080
         = 00000000000F8088  VOODOO_COLOR_SELECT   equ 0xF8088
         = 00000000000F8104  VOODOO_FBZCOLOR_PATH  equ 0xF8104
         = 00000000000F8108  VOODOO_FOG_MODE       equ 0xF8108
         = 00000000000F810C  VOODOO_ALPHA_MODE     equ 0xF810C
         = 00000000000F8110  VOODOO_FBZ_MODE       equ 0xF8110
         = 00000000000F8114  VOODOO_LFB_MODE       equ 0xF8114
         = 00000000000F8118  VOODOO_CLIP_LEFT_RIGHT equ 0xF8118
         = 00000000000F811C  VOODOO_CLIP_LOW_Y_HIGH equ 0xF811C
         = 00000000000F8120  VOODOO_NOP_CMD        equ 0xF8120
         = 00000000000F8124  VOODOO_FAST_FILL_CMD  equ 0xF8124
         = 00000000000F8128  VOODOO_SWAP_BUFFER_CMD equ 0xF8128
         = 00000000000F81C4  VOODOO_FOG_COLOR      equ 0xF81C4
         = 00000000000F81C8  VOODOO_ZA_COLOR       equ 0xF81C8
         = 00000000000F81CC  VOODOO_CHROMA_KEY     equ 0xF81CC
         = 00000000000F81D8  VOODOO_COLOR0         equ 0xF81D8
         = 00000000000F81DC  VOODOO_COLOR1         equ 0xF81DC
         = 00000000000F8214  VOODOO_VIDEO_DIM      equ 0xF8214
         = 00000000000F8300  VOODOO_TEXTURE_MODE   equ 0xF8300
         = 00000000000F830C  VOODOO_TEX_BASE0      equ 0xF830C
         = 00000000000F8330  VOODOO_TEX_WIDTH      equ 0xF8330
         = 00000000000F8334  VOODOO_TEX_HEIGHT     equ 0xF8334
         = 00000000000F8338  VOODOO_TEX_UPLOAD     equ 0xF8338
         = 00000000000F833C  VOODOO_CMD_PTR        equ 0xF833C
         = 00000000000F8340  VOODOO_CMD_COUNT      equ 0xF8340
         = 00000000000F8344  VOODOO_CMD_SUBMIT     equ 0xF8344
         = 0000000000000001  VOODOO_CMD_SUBMIT_REPLAY equ 0x00000001
         = 0000000000000002  VOODOO_CMD_SUBMIT_REPLAY_LE equ 0x00000002
         = 00000000000F8348  VOODOO_TEX_SRC_PTR    equ 0xF8348
         = 00000000000F834C  VOODOO_TEX_SRC_BYTES  equ 0xF834C
         = 00000000000F8350  VOODOO_TEX_SLOT       equ 0xF8350
         = 00000000000F8354  VOODOO_TEX_BIND       equ 0xF8354
         = 00000000FFFFFFFF  VOODOO_TEX_SLOT_NONE  equ 0xFFFFFFFF
         = 00000000000D0000  VOODOO_TEXMEM_BASE    equ 0xD0000
         = 0000000000010000  VOODOO_TEXMEM_SIZE    equ 0x10000
         = 00000000000F8400  VOODOO_PALETTE_BASE   equ 0xF8400
         = 000000000000E000  VOODOO_6502_WINDOW_BASE equ 0xE000
         = 0000000000001000  VOODOO_6502_WINDOW_SIZE equ 0x1000
         = 000000000000F7F2  VOODOO_6502_BANK_HI     equ 0xF7F2
         = 000000000000F7F3  VOODOO_6502_BANK_PAGE_HI equ 0xF7F3
         = 0000000000000001  VOODOO_STATUS_FBI_BUSY    equ 0x01
         = 0000000000000002  VOODOO_STATUS_TMU_BUSY    equ 0x02
         = 0000000000000004  VOODOO_STATUS_SST_BUSY    equ 0x04
         = 0000000000000040  VOODOO_STATUS_VRETRACE    equ 0x40
         = 0000000000000080  VOODOO_STATUS_SWAPBUF     equ 0x80
         = 0000000000000001  VOODOO_FBZ_CLIPPING     equ 0x0001
         = 0000000000000002  VOODOO_FBZ_CHROMAKEY    equ 0x0002
         = 0000000000000010  VOODOO_FBZ_DEPTH_ENABLE equ 0x0010
         = 00000000000000E0  VOODOO_FBZ_DEPTH_FUNC   equ 0x00E0
         = 0000000000000200  VOODOO_FBZ_RGB_WRITE    equ 0x0200
         = 0000000000000400  VOODOO_FBZ_DEPTH_WRITE  equ 0x0400
         = 0000000000000000  VOODOO_DEPTH_NEVER        equ 0
         = 0000000000000001  VOODOO_DEPTH_LESS         equ 1
         = 0000000000000002  VOODOO_DEPTH_EQUAL        equ 2
         = 0000000000000003  VOODOO_DEPTH_LESSEQUAL    equ 3
         = 0000000000000004  VOODOO_DEPTH_GREATER      equ 4
         = 0000000000000005  VOODOO_DEPTH_NOTEQUAL     equ 5
         = 0000000000000006  VOODOO_DEPTH_GREATEREQUAL equ 6
         = 0000000000000007  VOODOO_DEPTH_ALWAYS       equ 7
         = 0000000000000001  VOODOO_ALPHA_TEST_EN    equ 0x0001
         = 000000000000000E  VOODOO_ALPHA_FUNC_MASK  equ 0x000E
         = 0000000000000001  VOODOO_ALPHA_FUNC_SHIFT equ 1
         = 0000000000000010  VOODOO_ALPHA_BLEND_EN   equ 0x0010
         = 0000000000000F00  VOODOO_ALPHA_SRC_RGB    equ 0x0F00
         = 000000000000F000  VOODOO_ALPHA_DST_RGB    equ 0xF000
         = 0000000000000018  VOODOO_ALPHA_REF_SHIFT  equ 24
         = 0000000000000000  VOODOO_ALPHA_NEVER        equ 0
         = 0000000000000001  VOODOO_ALPHA_LESS         equ 1
         = 0000000000000002  VOODOO_ALPHA_EQUAL        equ 2
         = 0000000000000003  VOODOO_ALPHA_LESSEQUAL    equ 3
         = 0000000000000004  VOODOO_ALPHA_GREATER      equ 4
         = 0000000000000005  VOODOO_ALPHA_NOTEQUAL     equ 5
         = 0000000000000006  VOODOO_ALPHA_GREATEREQUAL equ 6
         = 0000000000000007  VOODOO_ALPHA_ALWAYS       equ 7
         = 0000000000000000  VOODOO_BLEND_ZERO       equ 0
         = 0000000000000001  VOODOO_BLEND_SRC_ALPHA  equ 1
         = 0000000000000002  VOODOO_BLEND_COLOR      equ 2
         = 0000000000000003  VOODOO_BLEND_DST_ALPHA  equ 3
         = 0000000000000004  VOODOO_BLEND_ONE        equ 4
         = 0000000000000005  VOODOO_BLEND_INV_SRC_A  equ 5
         = 0000000000000006  VOODOO_BLEND_INV_COLOR  equ 6
         = 0000000000000007  VOODOO_BLEND_INV_DST_A  equ 7
         = 000000000000000F  VOODOO_BLEND_SATURATE   equ 15
         = 0000000000000001  VOODOO_SWAP_VSYNC       equ 0x01
         = 0000000000000002  VOODOO_SWAP_CLEAR       equ 0x02
         = 0000000000000001  VOODOO_TEX_ENABLE       equ 0x0001
         = 000000000000000E  VOODOO_TEX_MINIFY       equ 0x000E
         = 0000000000000010  VOODOO_TEX_MAGNIFY      equ 0x0010
         = 0000000000000020  VOODOO_TEX_CLAMP_S      equ 0x0020
         = 0000000000000040  VOODOO_TEX_CLAMP_T      equ 0x0040
         = 0000000000000F00  VOODOO_TEX_FORMAT       equ 0x0F00
         = 0000000000000008  VOODOO_TEX_FORMAT_SHIFT equ 8
         = 0000000000000000  VOODOO_TEX_FMT_PALETTE  equ 0
         = 0000000000000005  VOODOO_TEX_FMT_P8       equ 5
         = 0000000000000008  VOODOO_TEX_FMT_ARGB1555 equ 8
         = 0000000000000009  VOODOO_TEX_FMT_ARGB4444 equ 9
         = 000000000000000A  VOODOO_TEX_FMT_ARGB8888 equ 10
         = 000000000000FFFF  VOODOO_CLIP_MASK        equ 0xFFFF
         = 0000000000000004  VOODOO_FIXED_12_4       equ 4
         = 000000000000000C  VOODOO_FIXED_12_12      equ 12
         = 0000000000000003  VOODOO_FCP_RGB_SELECT_MASK  equ 0x03
         = 0000000000000000  VOODOO_FCP_RGB_SELECT_SHIFT equ 0
         = 000000000000000C  VOODOO_FCP_A_SELECT_MASK    equ 0x0C
         = 0000000000000002  VOODOO_FCP_A_SELECT_SHIFT   equ 2
         = 0000000000000070  VOODOO_FCP_CC_MSELECT_MASK  equ 0x70
         = 0000000000000004  VOODOO_FCP_CC_MSELECT_SHIFT equ 4
         = 0000000008000000  VOODOO_FCP_TEXTURE_ENABLE   equ 0x08000000
         = 0000000000000000  VOODOO_CC_ITERATED      equ 0
         = 0000000000000001  VOODOO_CC_TEXTURE       equ 1
         = 0000000000000002  VOODOO_CC_COLOR1        equ 2
         = 0000000000000003  VOODOO_CC_LFB           equ 3
         = 0000000000000000  VOODOO_CC_ZERO          equ 0
         = 0000000000000001  VOODOO_CC_CSUB_CL       equ 1
         = 0000000000000002  VOODOO_CC_ALOCAL        equ 2
         = 0000000000000003  VOODOO_CC_AOTHER        equ 3
         = 0000000000000004  VOODOO_CC_CLOCAL        equ 4
         = 0000000000000005  VOODOO_CC_ALOCAL_T      equ 5
         = 0000000000000006  VOODOO_CC_CLOC_MUL      equ 6
         = 0000000000000007  VOODOO_CC_AOTHER_T      equ 7
         = 00000000FFFFFFFF  VOODOO_COMBINE_UNSET    equ 0xFFFFFFFF
         = 0000000000000000  VOODOO_COMBINE_ITERATED equ 0x00
         = 0000000000000001  VOODOO_COMBINE_TEXTURE  equ 0x01
         = 0000000000000061  VOODOO_COMBINE_MODULATE equ 0x61
         = 0000000000000081  VOODOO_COMBINE_ADD      equ 0x81
         = 0000000000000041  VOODOO_COMBINE_DECAL    equ 0x41
         = 0000000000000001  VOODOO_FOG_ENABLE       equ 0x0001
         = 0000000000000002  VOODOO_FOG_ADD          equ 0x0002
         = 0000000000000004  VOODOO_FOG_MULT         equ 0x0004
         = 0000000000000008  VOODOO_FOG_ZALPHA       equ 0x0008
         = 0000000000000010  VOODOO_FOG_CONSTANT     equ 0x0010
         = 0000000000000020  VOODOO_FOG_DITHER       equ 0x0020
         = 0000000000000040  VOODOO_FOG_ZONES        equ 0x0040
         = 0000000000000008  VOODOO_FOG_TABLE_SHIFT  equ 8
         = 000000000000003F  VOODOO_FOG_TABLE_MASK   equ 0x3F
         = 00000000000F8140  VOODOO_FOG_TABLE_BASE   equ 0xF8140
         = 0000000000000040  VOODOO_FOG_TABLE_SIZE   equ 64
         = 0000000000000100  VOODOO_FBZ_DITHER       equ 0x0100
         = 0000000000000800  VOODOO_FBZ_DITHER_2X2   equ 0x0800
         = 00000000000F2200  FILE_NAME_PTR     equ 0xF2200
         = 00000000000F2204  FILE_DATA_PTR     equ 0xF2204
         = 00000000000F2208  FILE_DATA_LEN     equ 0xF2208
         = 00000000000F220C  FILE_CTRL         equ 0xF220C
         = 00000000000F2210  FILE_STATUS       equ 0xF2210
         = 00000000000F2214  FILE_RESULT_LEN   equ 0xF2214
         = 00000000000F2218  FILE_ERROR_CODE   equ 0xF2218
         = 00000000000F221C  FILE_READ_MAX     equ 0xF221C
         = 00000000000F22B0  FILE_DATA_PTR64   equ 0xF22B0
         = 0000000000000001  FILE_OP_READ      equ 1
         = 0000000000000002  FILE_OP_WRITE     equ 2
         = 0000000000000003  FILE_OP_LIST      equ 3
         = 00000000006F0000  EHBASIC_PRIV_PATH_BRIDGE_BASE equ 0x006F0000
         = 0000000000700000  EHBASIC_PRIV_PATH_BRIDGE_END  equ 0x00700000
         = 00000000006F0000  EHBASIC_PRIV_NAME_BUF         equ 0x006F0000
         = 00000000006F1000  EHBASIC_PRIV_LOAD_DIR_BUF     equ 0x006F1000
         = 00000000006F2000  EHBASIC_PRIV_ASM_NAME_BUF     equ 0x006F2000
         = 00000000006F3000  EHBASIC_PRIV_MNEM_BUF         equ 0x006F3000
         = 00000000000F2300  MEDIA_NAME_PTR    equ 0xF2300
         = 00000000000F2304  MEDIA_SUBSONG     equ 0xF2304
         = 00000000000F2308  MEDIA_CTRL        equ 0xF2308
         = 00000000000F230C  MEDIA_STATUS      equ 0xF230C
         = 00000000000F2310  MEDIA_TYPE        equ 0xF2310
         = 00000000000F2314  MEDIA_ERROR       equ 0xF2314
         = 0000000000000000  MEDIA_TYPE_NONE   equ 0
         = 0000000000000001  MEDIA_TYPE_SID    equ 1
         = 0000000000000002  MEDIA_TYPE_PSG    equ 2
         = 0000000000000003  MEDIA_TYPE_TED    equ 3
         = 0000000000000004  MEDIA_TYPE_AHX    equ 4
         = 0000000000000005  MEDIA_TYPE_POKEY  equ 5
         = 0000000000000006  MEDIA_TYPE_MOD    equ 6
         = 0000000000000007  MEDIA_TYPE_WAV    equ 7
         = 0000000000000008  MEDIA_TYPE_MIDI   equ 8
         = 00000000000F2320  EXEC_NAME_PTR     equ 0xF2320
         = 00000000000F2324  EXEC_CTRL         equ 0xF2324
         = 00000000000F2328  EXEC_STATUS       equ 0xF2328
         = 00000000000F232C  EXEC_TYPE         equ 0xF232C
         = 00000000000F2330  EXEC_ERROR        equ 0xF2330
         = 00000000000F2334  EXEC_SESSION      equ 0xF2334
         = 0000000000000001  EXEC_OP_EXECUTE   equ 1
         = 0000000000000002  EXEC_OP_EMUTOS    equ 2
         = 0000000000000003  EXEC_OP_AROS      equ 3
         = 0000000000000004  EXEC_OP_IEXEC     equ 4
         = 0000000000000005  EXEC_OP_HARD_RESET equ 5
         = 0000000000000000  EXEC_STATUS_IDLE    equ 0
         = 0000000000000001  EXEC_STATUS_LOADING equ 1
         = 0000000000000002  EXEC_STATUS_RUNNING equ 2
         = 0000000000000003  EXEC_STATUS_ERROR   equ 3
         = 0000000000000000  EXEC_TYPE_NONE      equ 0
         = 0000000000000001  EXEC_TYPE_IE32      equ 1
         = 0000000000000002  EXEC_TYPE_IE64      equ 2
         = 0000000000000003  EXEC_TYPE_6502      equ 3
         = 0000000000000004  EXEC_TYPE_M68K      equ 4
         = 0000000000000005  EXEC_TYPE_Z80       equ 5
         = 0000000000000006  EXEC_TYPE_X86       equ 6
         = 0000000000000007  EXEC_TYPE_EMUTOS    equ 7
         = 0000000000000008  EXEC_TYPE_SCRIPT    equ 8
         = 0000000000000009  EXEC_TYPE_AROS      equ 9
         = 000000000000000A  EXEC_TYPE_IEXEC     equ 10
         = 0000000000000000  EXEC_ERR_OK           equ 0
         = 0000000000000001  EXEC_ERR_NOT_FOUND    equ 1
         = 0000000000000002  EXEC_ERR_UNSUPPORTED  equ 2
         = 0000000000000003  EXEC_ERR_PATH_INVALID equ 3
         = 0000000000000004  EXEC_ERR_LOAD_FAILED  equ 4
         = 00000000000F2340  COPROC_CMD            equ 0xF2340
         = 00000000000F2344  COPROC_CPU_TYPE       equ 0xF2344
         = 00000000000F2348  COPROC_CMD_STATUS     equ 0xF2348
         = 00000000000F234C  COPROC_CMD_ERROR      equ 0xF234C
         = 00000000000F2350  COPROC_TICKET         equ 0xF2350
         = 00000000000F2354  COPROC_TICKET_STATUS  equ 0xF2354
         = 00000000000F2358  COPROC_OP             equ 0xF2358
         = 00000000000F235C  COPROC_REQ_PTR        equ 0xF235C
         = 00000000000F2360  COPROC_REQ_LEN        equ 0xF2360
         = 00000000000F2364  COPROC_RESP_PTR       equ 0xF2364
         = 00000000000F2368  COPROC_RESP_CAP       equ 0xF2368
         = 00000000000F236C  COPROC_TIMEOUT        equ 0xF236C
         = 00000000000F2370  COPROC_NAME_PTR       equ 0xF2370
         = 00000000000F2374  COPROC_WORKER_STATE   equ 0xF2374
         = 00000000000F2378  COPROC_STATS_OPS      equ 0xF2378
         = 00000000000F237C  COPROC_STATS_BYTES    equ 0xF237C
         = 00000000000F2380  COPROC_IRQ_CTRL       equ 0xF2380
         = 00000000000F2384  COPROC_DISPATCH_OVERHEAD equ 0xF2384
         = 00000000000F2388  COPROC_COMPLETED_TICKET equ 0xF2388
         = 00000000000F23B0  COPROC_RING_DEPTH     equ 0xF23B0
         = 00000000000F23B4  COPROC_WORKER_UPTIME  equ 0xF23B4
         = 00000000000F23B8  COPROC_STATS_RESET    equ 0xF23B8
         = 00000000000F23BC  COPROC_BUSY_PCT       equ 0xF23BC
         = 00000000000F238C  COPROC_INSTANCE       equ 0xF238C
         = 00000000000F25A0  COPROC_INSTANCE_LIMIT  equ 0xF25A0
         = 00000000000F25A4  COPROC_SELECTED_STATE  equ 0xF25A4
         = 00000000000F25A8  COPROC_MAILBOX_VERSION equ 0xF25A8
         = 00000000000F25AC  COPROC_WORKER_BASE     equ 0xF25AC
         = 00000000000F25B0  COPROC_WORKER_END      equ 0xF25B0
         = 00000000000F25B4  COPROC_WORKER_RING     equ 0xF25B4
         = 00000000000F25B8  COPROC_INSTANCE_STATE  equ 0xF25B8
         = 0000000000000001  COPROC_LAYOUT_VERSION  equ 1
         = 0000000000000000  COPROC_ERR_NONE             equ 0
         = 0000000000000001  COPROC_ERR_INVALID_CPU      equ 1
         = 0000000000000002  COPROC_ERR_NOT_FOUND        equ 2
         = 0000000000000003  COPROC_ERR_PATH_INVALID     equ 3
         = 0000000000000004  COPROC_ERR_LOAD_FAILED      equ 4
         = 0000000000000005  COPROC_ERR_QUEUE_FULL       equ 5
         = 0000000000000006  COPROC_ERR_NO_WORKER        equ 6
         = 0000000000000007  COPROC_ERR_STALE_TICKET     equ 7
         = 0000000000000008  COPROC_ERR_INVALID_INSTANCE equ 8
         = 0000000000000009  COPROC_ERR_STALE_WORKER     equ 9
         = 0000000000000001  COPROC_CMD_START      equ 1
         = 0000000000000002  COPROC_CMD_STOP       equ 2
         = 0000000000000003  COPROC_CMD_ENQUEUE    equ 3
         = 0000000000000004  COPROC_CMD_POLL       equ 4
         = 0000000000000005  COPROC_CMD_WAIT_CMD   equ 5
         = 0000000000000000  COPROC_ST_PENDING     equ 0
         = 0000000000000001  COPROC_ST_RUNNING     equ 1
         = 0000000000000002  COPROC_ST_OK          equ 2
         = 0000000000000003  COPROC_ST_ERROR       equ 3
         = 0000000000000004  COPROC_ST_TIMEOUT     equ 4
         = 0000000000000005  COPROC_ST_WORKER_DOWN equ 5
         = 0000000000000001  COPROC_CPU_IE32       equ 1
         = 0000000000000002  COPROC_CPU_IE64       equ 2
         = 0000000000000003  COPROC_CPU_6502       equ 3
         = 0000000000000004  COPROC_CPU_M68K       equ 4
         = 0000000000000005  COPROC_CPU_Z80        equ 5
         = 0000000000000006  COPROC_CPU_X86        equ 6
         = 00000000000F2380  SYS_GC_TRIGGER        equ 0xF2380
                         prog_console:
00001000  00 00 00 00 00 00 00 00... dc.l    0, 0
00001008  A8 05 00 00              dc.l    prog_console_code_end - prog_console_code
0000100C  50 01 00 00              dc.l    prog_console_data_end - prog_console_data
00001010  00 00 00 00              dc.l    0
                         ds.b    12  ; 12 bytes reserved
                         prog_console_code:
00001020  21 FF F8 00 10 00 00 00... sub     sp, sp, #16
                         .con_preamble:
00001028  10 F6 F8 00 00 00 00 00... load.q  r30, (sp)
00001030  10 EF F8 00 08 00 00 00... load.q  r29, 8(sp)
00001038  11 EE F8 00 00 00 00 00... store.q r29, (sp)
00001040  10 0D F0 00 08 00 00 00... load.l  r1, TASKSB_TASK_ID(r30)
00001048  11 0F E8 00 80 00 00 00... store.q r1, 128(r29)
00001050  01 0D 00 00 F0 00 00 00... move.l  r1, #0xF0
00001058  01 15 00 00 01 00 00 00... move.l  r2, #1
00001060  EB 01 00 00 1C 00 00 00... syscall #SYS_MAP_IO
00001068  10 EE F8 00 00 00 00 00... load.q  r29, (sp)
00001070  42 06 10 00 18 00 00 00... bne r2, r0, .con_mapio_failed
00001078  11 0F E8 00 90 00 00 00... store.q r1, 144(r29)
00001080  40 06 00 00 10 00 00 00... bra     .con_after_mapio
                         .con_mapio_failed:
00001088  EB 01 00 00 22 00 00 00... syscall #SYS_EXIT_TASK
                         .con_after_mapio:
00001090  10 EE F8 00 00 00 00 00... load.q  r29, (sp)
00001098  01 0E E8 00 00 00 00 00... move.q  r1, r29
000010A0  01 15 00 00 01 00 00 00... move.l  r2, #PF_PUBLIC
000010A8  EB 01 00 00 0F 00 00 00... syscall #SYS_CREATE_PORT
000010B0  10 EE F8 00 00 00 00 00... load.q  r29, (sp)
000010B8  11 0F E8 00 88 00 00 00... store.q r1, 136(r29)
000010C0  01 26 08 00 00 00 00 00... move.q  r4, r1
000010C8  01 0E E8 00 00 00 00 00... move.q  r1, r29
000010D0  01 15 00 00 01 00 00 00... move.l  r2, #1
000010D8  01 1D 00 00 00 00 00 00... move.l  r3, #0
000010E0  EB 01 00 00 32 00 00 00... syscall #SYS_ADD_HANDLER
000010E8  10 EE F8 00 00 00 00 00... load.q  r29, (sp)
000010F0  42 06 10 00 98 FF FF FF... bne r2, r0, .con_mapio_failed
000010F8  11 01 E8 00 B0 00 00 00... store.b r0, 176(r29)
00001100  40 06 00 00 A0 00 00 00... bra     .con_poll_loop
00001108  20 A7 E8 00 10 00 00 00... add     r20, r29, #16
                         .con_banner_loop:
00001110  10 08 A0 00 00 00 00 00... load.b  r1, (r20)
00001118  41 06 08 00 38 00 00 00... beq r1, r0, .con_banner_id
00001120  11 A7 F8 00 08 00 00 00... store.q r20, 8(sp)
00001128  EB 01 00 00 21 00 00 00... syscall #SYS_DEBUG_PUTCHAR
00001130  10 EE F8 00 00 00 00 00... load.q  r29, (sp)
00001138  10 A7 F8 00 08 00 00 00... load.q  r20, 8(sp)
00001140  20 A7 A0 00 01 00 00 00... add     r20, r20, #1
00001148  40 06 00 00 C8 FF FF FF... bra     .con_banner_loop
                         .con_banner_id:
00001150  10 EE F8 00 00 00 00 00... load.q  r29, (sp)
00001158  10 0F E8 00 80 00 00 00... load.q  r1, 128(r29)
00001160  20 0F 08 00 30 00 00 00... add     r1, r1, #0x30
00001168  EB 01 00 00 21 00 00 00... syscall #SYS_DEBUG_PUTCHAR
00001170  01 0D 00 00 5D 00 00 00... move.l  r1, #0x5D
00001178  EB 01 00 00 21 00 00 00... syscall #SYS_DEBUG_PUTCHAR
00001180  01 0D 00 00 0D 00 00 00... move.l  r1, #0x0D
00001188  EB 01 00 00 21 00 00 00... syscall #SYS_DEBUG_PUTCHAR
00001190  01 0D 00 00 0A 00 00 00... move.l  r1, #0x0A
00001198  EB 01 00 00 21 00 00 00... syscall #SYS_DEBUG_PUTCHAR
                         .con_poll_loop:
000011A0  10 EE F8 00 00 00 00 00... load.q  r29, (sp)
000011A8  10 0F E8 00 88 00 00 00... load.q  r1, 136(r29)
000011B0  EB 01 00 00 12 00 00 00... syscall #SYS_GET_MSG
000011B8  10 EE F8 00 00 00 00 00... load.q  r29, (sp)
000011C0  42 06 18 00 C0 02 00 00... bne r3, r0, .con_no_msg
000011C8  41 06 08 00 30 00 00 00... beq r1, r0, .con_print_char
000011D0  01 5D 00 00 02 00 00 00... move.l  r11, #CON_MSG_READLINE
000011D8  41 06 08 58 40 00 00 00... beq     r1, r11, .con_readline_req
000011E0  01 5D 00 00 20 01 00 00... move.l  r11, #MSG_GET_IOSM
000011E8  41 06 08 58 08 01 00 00... beq     r1, r11, .con_get_iosm
000011F0  40 06 00 00 B0 FF FF FF... bra     .con_poll_loop
                         .con_print_char:
000011F8  01 0E 10 00 00 00 00 00... move.q  r1, r2
00001200  EB 01 00 00 21 00 00 00... syscall #SYS_DEBUG_PUTCHAR
00001208  10 EE F8 00 00 00 00 00... load.q  r29, (sp)
00001210  40 06 00 00 90 FF FF FF... bra     .con_poll_loop
                         .con_readline_req:
00001218  10 EE F8 00 00 00 00 00... load.q  r29, (sp)
00001220  11 2F F8 00 08 00 00 00... store.q r5, 8(sp)
00001228  11 35 E8 00 A0 00 00 00... store.l r6, 160(r29)
00001230  10 A1 E8 00 B0 00 00 00... load.b  r20, 176(r29)
00001238  42 06 A0 00 70 00 00 00... bne r20, r0, .con_readline_busy
00001240  10 2F F8 00 08 00 00 00... load.q  r5, 8(sp)
00001248  11 2F E8 00 98 00 00 00... store.q r5, 152(r29)
00001250  10 A7 E8 00 A8 00 00 00... load.q  r20, 168(r29)
00001258  42 06 A0 00 38 00 00 00... bne r20, r0, .con_readline_mapped
00001260  10 0D E8 00 A0 00 00 00... load.l  r1, 160(r29)
00001268  01 15 00 00 03 00 00 00... move.l  r2, #(MAPF_READ | MAPF_WRITE)
00001270  EB 01 00 00 04 00 00 00... syscall #SYS_MAP_SHARED
00001278  10 EE F8 00 00 00 00 00... load.q  r29, (sp)
00001280  41 06 08 00 20 FF FF FF... beq r1, r0, .con_poll_loop
00001288  11 0F E8 00 A8 00 00 00... store.q r1, 168(r29)
                         .con_readline_mapped:
00001290  01 A1 00 00 01 00 00 00... move.b  r20, #1
00001298  11 A1 E8 00 B0 00 00 00... store.b r20, 176(r29)
000012A0  40 06 00 00 00 FF FF FF... bra     .con_poll_loop
                         .con_readline_busy:
000012A8  10 2F F8 00 08 00 00 00... load.q  r5, 8(sp)
000012B0  01 0E 28 00 00 00 00 00... move.q  r1, r5
000012B8  01 15 00 00 06 00 00 00... move.l  r2, #ERR_AGAIN
000012C0  01 1E 00 00 00 00 00 00... move.q  r3, r0
000012C8  01 26 00 00 00 00 00 00... move.q  r4, r0
000012D0  01 2E 00 00 00 00 00 00... move.q  r5, r0
000012D8  EB 01 00 00 14 00 00 00... syscall #SYS_REPLY_MSG
000012E0  10 EE F8 00 00 00 00 00... load.q  r29, (sp)
000012E8  40 06 00 00 B8 FE FF FF... bra     .con_poll_loop
                         .con_get_iosm:
000012F0  01 CE 28 00 00 00 00 00... move.q  r25, r5
000012F8  11 2F F8 00 08 00 00 00... store.q r5, 8(sp)
00001300  41 06 30 00 18 01 00 00... beq r6, r0, .con_get_iosm_badarg
00001308  01 0E 30 00 00 00 00 00... move.q  r1, r6
00001310  01 15 00 00 02 00 00 00... move.l  r2, #MAPF_WRITE
00001318  EB 01 00 00 04 00 00 00... syscall #SYS_MAP_SHARED
00001320  10 EE F8 00 00 00 00 00... load.q  r29, (sp)
00001328  42 06 10 00 30 01 00 00... bne r2, r0, .con_get_iosm_maperr
00001330  01 BE 08 00 00 00 00 00... move.q  r23, r1
00001338  01 C6 08 00 00 00 00 00... move.q  r24, r1
00001340  01 5D 00 00 01 00 00 00... move.l  r11, #1
00001348  42 06 18 58 A8 00 00 00... bne     r3, r11, .con_get_iosm_badarg_free
00001350  20 77 E8 00 D0 00 00 00... add     r14, r29, #(prog_console_iosm - prog_console_data)
00001358  01 7D 00 00 10 00 00 00... move.l  r15, #(IOSM_SIZE / 8)
                         .con_get_iosm_copy:
00001360  10 86 70 00 00 00 00 00... load.q  r16, (r14)
00001368  11 86 C0 00 00 00 00 00... store.q r16, (r24)
00001370  20 77 70 00 08 00 00 00... add     r14, r14, #8
00001378  20 C7 C0 00 08 00 00 00... add     r24, r24, #8
00001380  21 7F 78 00 01 00 00 00... sub     r15, r15, #1
00001388  42 06 78 00 D8 FF FF FF... bne r15, r0, .con_get_iosm_copy
00001390  01 0E B8 00 00 00 00 00... move.q  r1, r23
00001398  01 15 00 00 80 00 00 00... move.l  r2, #IOSM_SIZE
000013A0  EB 01 00 00 02 00 00 00... syscall #SYS_FREE_MEM
000013A8  10 EE F8 00 00 00 00 00... load.q  r29, (sp)
000013B0  10 0F F8 00 08 00 00 00... load.q  r1, 8(sp)
000013B8  01 16 00 00 00 00 00 00... move.q  r2, r0
000013C0  01 1E 00 00 00 00 00 00... move.q  r3, r0
000013C8  01 26 00 00 00 00 00 00... move.q  r4, r0
000013D0  01 2E 00 00 00 00 00 00... move.q  r5, r0
000013D8  EB 01 00 00 14 00 00 00... syscall #SYS_REPLY_MSG
000013E0  10 EE F8 00 00 00 00 00... load.q  r29, (sp)
000013E8  40 06 00 00 B8 FD FF FF... bra     .con_poll_loop
                         .con_get_iosm_badarg_free:
000013F0  01 0E B8 00 00 00 00 00... move.q  r1, r23
000013F8  01 16 18 00 00 00 00 00... move.q  r2, r3
00001400  34 17 10 00 0C 00 00 00... lsl     r2, r2, #12
00001408  EB 01 00 00 02 00 00 00... syscall #SYS_FREE_MEM
00001410  10 EE F8 00 00 00 00 00... load.q  r29, (sp)
                         .con_get_iosm_badarg:
00001418  10 0F F8 00 08 00 00 00... load.q  r1, 8(sp)
00001420  01 15 00 00 03 00 00 00... move.l  r2, #ERR_BADARG
00001428  01 1E 00 00 00 00 00 00... move.q  r3, r0
00001430  01 26 00 00 00 00 00 00... move.q  r4, r0
00001438  01 2E 00 00 00 00 00 00... move.q  r5, r0
00001440  EB 01 00 00 14 00 00 00... syscall #SYS_REPLY_MSG
00001448  10 EE F8 00 00 00 00 00... load.q  r29, (sp)
00001450  40 06 00 00 50 FD FF FF... bra     .con_poll_loop
                         .con_get_iosm_maperr:
00001458  10 0F F8 00 08 00 00 00... load.q  r1, 8(sp)
00001460  01 2E 00 00 00 00 00 00... move.q  r5, r0
00001468  EB 01 00 00 14 00 00 00... syscall #SYS_REPLY_MSG
00001470  10 EE F8 00 00 00 00 00... load.q  r29, (sp)
00001478  40 06 00 00 28 FD FF FF... bra     .con_poll_loop
                         .con_no_msg:
00001480  10 A1 E8 00 B0 00 00 00... load.b  r20, 176(r29)
00001488  41 06 A0 00 28 01 00 00... beq r20, r0, .con_yield
00001490  10 E7 E8 00 90 00 00 00... load.q  r28, 144(r29)
00001498  10 A7 E8 00 A8 00 00 00... load.q  r20, 168(r29)
000014A0  01 AD 00 00 7E 00 00 00... move.l  r21, #126
000014A8  20 C7 E0 00 0C 07 00 00... add     r24, r28, #0x70C
000014B0  10 74 C0 00 00 00 00 00... load.l  r14, (r24)
000014B8  30 77 70 00 01 00 00 00... and     r14, r14, #1
000014C0  41 06 70 00 F0 00 00 00... beq r14, r0, .con_yield
000014C8  20 BF E0 00 08 07 00 00... add     r23, r28, #0x708
000014D0  20 C7 E0 00 04 07 00 00... add     r24, r28, #0x704
000014D8  01 B5 00 00 00 00 00 00... move.l  r22, #0
                         .con_ri_loop:
000014E0  44 06 B0 A8 68 00 00 00... bge     r22, r21, .con_ri_done
000014E8  10 74 C0 00 00 00 00 00... load.l  r14, (r24)
000014F0  30 77 70 00 01 00 00 00... and     r14, r14, #1
000014F8  41 06 70 00 50 00 00 00... beq r14, r0, .con_ri_done
00001500  10 74 B8 00 00 00 00 00... load.l  r14, (r23)
00001508  01 7D 00 00 0D 00 00 00... move.l  r15, #0x0D
00001510  41 06 70 78 D0 FF FF FF... beq     r14, r15, .con_ri_loop
00001518  01 7D 00 00 0A 00 00 00... move.l  r15, #0x0A
00001520  41 06 70 78 28 00 00 00... beq     r14, r15, .con_ri_done
00001528  20 7E A0 B0 00 00 00 00... add     r15, r20, r22
00001530  11 70 78 00 00 00 00 00... store.b r14, (r15)
00001538  20 B7 B0 00 01 00 00 00... add     r22, r22, #1
00001540  40 06 00 00 A0 FF FF FF... bra     .con_ri_loop
                         .con_ri_done:
00001548  20 7E A0 B0 00 00 00 00... add     r15, r20, r22
00001550  11 00 78 00 00 00 00 00... store.b r0, (r15)
00001558  10 EE F8 00 00 00 00 00... load.q  r29, (sp)
00001560  01 CE B0 00 00 00 00 00... move.q  r25, r22
00001568  10 0F E8 00 98 00 00 00... load.q  r1, 152(r29)
00001570  01 15 00 00 00 00 00 00... move.l  r2, #0
00001578  01 1E C8 00 00 00 00 00... move.q  r3, r25
00001580  01 26 00 00 00 00 00 00... move.q  r4, r0
00001588  01 2E 00 00 00 00 00 00... move.q  r5, r0
00001590  EB 01 00 00 14 00 00 00... syscall #SYS_REPLY_MSG
00001598  10 EE F8 00 00 00 00 00... load.q  r29, (sp)
000015A0  11 01 E8 00 B0 00 00 00... store.b r0, 176(r29)
000015A8  40 06 00 00 F8 FB FF FF... bra     .con_poll_loop
                         .con_yield:
000015B0  EB 01 00 00 1A 00 00 00... syscall #SYS_YIELD
000015B8  10 EE F8 00 00 00 00 00... load.q  r29, (sp)
000015C0  40 06 00 00 E0 FB FF FF... bra     .con_poll_loop
                         prog_console_code_end:
                         prog_console_data:
000015C8  63 6F 6E 73 6F 6C 65 2E... dc.b    "console.handler", 0
000015D8  63 6F 6E 73 6F 6C 65 2E... dc.b    "console.handler M11.5 [Task ", 0
                         ds.b    160  ; 160 bytes reserved
                         align   8  ; 3 bytes padding
                         prog_console_iosm:
00001698  49 4F 53 4D              dc.l    IOSM_MAGIC
0000169C  01 00 00 00              dc.l    IOSM_SCHEMA_VERSION
000016A0  03                       dc.b    IOSM_KIND_HANDLER
000016A1  00                       dc.b    0
000016A2  01 00                    dc.w    1
000016A4  00 00                    dc.w    0
000016A6  01 00                    dc.w    1
000016A8  63 6F 6E 73 6F 6C 65 2E... dc.b    "console.handler", 0
                         ds.b    IOSM_NAME_SIZE - 16  ; 16 bytes reserved
000016C8  06 00 00 00              dc.l    MODF_COMPAT_PORT | MODF_ASLR_CAPABLE
000016CC  00 00 00 00              dc.l    0
000016D0  32 30 32 36 2D 30 34 2D... dc.b    "2026-04-25", 0
                         ds.b    IOSM_BUILD_DATE_SIZE - 11  ; 5 bytes reserved
000016E0  43 6F 70 79 72 69 67 68... dc.b    0x43, 0x6F, 0x70, 0x79, 0x72, 0x69, 0x67, 0x68, 0x74, 0x20, 0xA9, 0x20, 0x32, 0x30, 0x32, 0x36, 0x20, 0x5A, 0x61, 0x79, 0x6E, 0x20, 0x4F, 0x74, 0x6C, 0x65, 0x79, 0
                         ds.b    IOSM_COPYRIGHT_SIZE - 28  ; 20 bytes reserved
                         ds.b    8  ; 8 bytes reserved
                         prog_console_data_end:
                         prog_console_end:
                         prog_doslib:
                         .libmanifest name="dos.library", version=16, revision=0, type=1, flags=MODF_COMPAT_PORT|MODF_ASLR_CAPABLE, msg_abi=0
         = 0000000000000007  SYSINFO_ASLR_IMAGE_BASE equ 7
         = 0000000000000010  DOS_RCMD_CACHE_MAX     equ 16
         = 0000000000000000  DOS_RCMD_CACHE_NAME    equ 0
         = 0000000000000020  DOS_RCMD_CACHE_PATH    equ 32
         = 0000000000000040  DOS_RCMD_CACHE_IMAGE   equ 64
         = 0000000000000048  DOS_RCMD_CACHE_SIZE    equ 72
         = 0000000000000050  DOS_RCMD_CACHE_GEN     equ 80
         = 0000000000000058  DOS_RCMD_CACHE_IOSM    equ 88
         = 00000000000000D8  DOS_RCMD_CACHE_ROW_SZ  equ 216
00001718  00 00 00 00 00 00 00 00... dc.l    0, 0
00001720  38 C2 00 00              dc.l    prog_doslib_code_end - prog_doslib_code
00001724  D0 29 01 00              dc.l    prog_doslib_data_end - prog_doslib_data
00001728  00 00 00 00              dc.l    0
                         ds.b    12  ; 12 bytes reserved
                         prog_doslib_code:
00001738  21 FF F8 00 10 00 00 00... sub     sp, sp, #16
                         .dos_preamble:
00001740  10 F6 F8 00 00 00 00 00... load.q  r30, (sp)
00001748  10 EF F8 00 08 00 00 00... load.q  r29, 8(sp)
00001750  11 EE F8 00 00 00 00 00... store.q r29, (sp)
00001758  10 0D F0 00 08 00 00 00... load.l  r1, TASKSB_TASK_ID(r30)
00001760  11 0F E8 00 80 00 00 00... store.q r1, 128(r29)
00001768  11 F7 E8 00 C0 00 00 00... store.q r30, 192(r29)
                         .dos_openlib_retry:
00001770  10 EE F8 00 00 00 00 00... load.q  r29, (sp)
00001778  01 0E E8 00 00 00 00 00... move.q  r1, r29
00001780  01 16 00 00 00 00 00 00... move.q  r2, r0
00001788  EB 01 00 00 10 00 00 00... syscall #SYS_FIND_PORT
00001790  10 EE F8 00 00 00 00 00... load.q  r29, (sp)
00001798  42 06 10 00 18 00 00 00... bne r2, r0, .dos_openlib_wait
000017A0  11 0F E8 00 88 00 00 00... store.q r1, 136(r29)
000017A8  40 06 00 00 B8 02 00 00... bra     .dos_banner_done
                         .dos_openlib_wait:
000017B0  EB 01 00 00 1A 00 00 00... syscall #SYS_YIELD
000017B8  10 EE F8 00 00 00 00 00... load.q  r29, (sp)
000017C0  40 06 00 00 B0 FF FF FF... bra     .dos_openlib_retry
                         .dos_send_banner:
000017C8  20 A7 E8 00 20 00 00 00... add     r20, r29, #32
                         .dos_ban_loop:
000017D0  10 08 A0 00 00 00 00 00... load.b  r1, (r20)
000017D8  41 06 08 00 A0 00 00 00... beq r1, r0, .dos_ban_id
000017E0  11 A7 F8 00 08 00 00 00... store.q r20, 8(sp)
                         .dos_ban_retry:
000017E8  10 A7 F8 00 08 00 00 00... load.q  r20, 8(sp)
000017F0  10 18 A0 00 00 00 00 00... load.b  r3, (r20)
000017F8  01 15 00 00 00 00 00 00... move.l  r2, #0
00001800  01 26 00 00 00 00 00 00... move.q  r4, r0
00001808  01 2D 00 00 FF FF 00 00... move.l  r5, #REPLY_PORT_NONE
00001810  01 36 00 00 00 00 00 00... move.q  r6, r0
00001818  10 EE F8 00 00 00 00 00... load.q  r29, (sp)
00001820  10 0F E8 00 88 00 00 00... load.q  r1, 136(r29)
00001828  EB 01 00 00 11 00 00 00... syscall #SYS_PUT_MSG
00001830  10 EE F8 00 00 00 00 00... load.q  r29, (sp)
00001838  01 E5 00 00 09 00 00 00... move.l  r28, #ERR_FULL
00001840  41 06 10 E0 20 00 00 00... beq     r2, r28, .dos_ban_full
00001848  10 A7 F8 00 08 00 00 00... load.q  r20, 8(sp)
00001850  20 A7 A0 00 01 00 00 00... add     r20, r20, #1
00001858  40 06 00 00 78 FF FF FF... bra     .dos_ban_loop
                         .dos_ban_full:
00001860  EB 01 00 00 1A 00 00 00... syscall #SYS_YIELD
00001868  10 EE F8 00 00 00 00 00... load.q  r29, (sp)
00001870  40 06 00 00 78 FF FF FF... bra     .dos_ban_retry
                         .dos_ban_id:
                         .dos_bid_retry:
00001878  10 EE F8 00 00 00 00 00... load.q  r29, (sp)
00001880  10 1F E8 00 80 00 00 00... load.q  r3, 128(r29)
00001888  20 1F 18 00 30 00 00 00... add     r3, r3, #0x30
00001890  01 15 00 00 00 00 00 00... move.l  r2, #0
00001898  01 26 00 00 00 00 00 00... move.q  r4, r0
000018A0  01 2D 00 00 FF FF 00 00... move.l  r5, #REPLY_PORT_NONE
000018A8  01 36 00 00 00 00 00 00... move.q  r6, r0
000018B0  10 0F E8 00 88 00 00 00... load.q  r1, 136(r29)
000018B8  EB 01 00 00 11 00 00 00... syscall #SYS_PUT_MSG
000018C0  10 EE F8 00 00 00 00 00... load.q  r29, (sp)
000018C8  01 E5 00 00 09 00 00 00... move.l  r28, #ERR_FULL
000018D0  41 06 10 E0 10 00 00 00... beq     r2, r28, .dos_bid_full
000018D8  40 06 00 00 20 00 00 00... bra     .dos_bid_bracket
                         .dos_bid_full:
000018E0  EB 01 00 00 1A 00 00 00... syscall #SYS_YIELD
000018E8  10 EE F8 00 00 00 00 00... load.q  r29, (sp)
000018F0  40 06 00 00 88 FF FF FF... bra     .dos_bid_retry
                         .dos_bid_bracket:
                         .dos_brk_retry:
000018F8  01 1D 00 00 5D 00 00 00... move.l  r3, #0x5D
00001900  01 15 00 00 00 00 00 00... move.l  r2, #0
00001908  01 26 00 00 00 00 00 00... move.q  r4, r0
00001910  01 2D 00 00 FF FF 00 00... move.l  r5, #REPLY_PORT_NONE
00001918  01 36 00 00 00 00 00 00... move.q  r6, r0
00001920  10 EE F8 00 00 00 00 00... load.q  r29, (sp)
00001928  10 0F E8 00 88 00 00 00... load.q  r1, 136(r29)
00001930  EB 01 00 00 11 00 00 00... syscall #SYS_PUT_MSG
00001938  10 EE F8 00 00 00 00 00... load.q  r29, (sp)
00001940  01 E5 00 00 09 00 00 00... move.l  r28, #ERR_FULL
00001948  41 06 10 E0 10 00 00 00... beq     r2, r28, .dos_brk_full
00001950  40 06 00 00 20 00 00 00... bra     .dos_cr
                         .dos_brk_full:
00001958  EB 01 00 00 1A 00 00 00... syscall #SYS_YIELD
00001960  10 EE F8 00 00 00 00 00... load.q  r29, (sp)
00001968  40 06 00 00 90 FF FF FF... bra     .dos_brk_retry
                         .dos_cr:
                         .dos_cr_retry:
00001970  01 1D 00 00 0D 00 00 00... move.l  r3, #0x0D
00001978  01 15 00 00 00 00 00 00... move.l  r2, #0
00001980  01 26 00 00 00 00 00 00... move.q  r4, r0
00001988  01 2D 00 00 FF FF 00 00... move.l  r5, #REPLY_PORT_NONE
00001990  01 36 00 00 00 00 00 00... move.q  r6, r0
00001998  10 EE F8 00 00 00 00 00... load.q  r29, (sp)
000019A0  10 0F E8 00 88 00 00 00... load.q  r1, 136(r29)
000019A8  EB 01 00 00 11 00 00 00... syscall #SYS_PUT_MSG
000019B0  10 EE F8 00 00 00 00 00... load.q  r29, (sp)
000019B8  01 E5 00 00 09 00 00 00... move.l  r28, #ERR_FULL
000019C0  41 06 10 E0 10 00 00 00... beq     r2, r28, .dos_cr_full
000019C8  40 06 00 00 20 00 00 00... bra     .dos_lf
                         .dos_cr_full:
000019D0  EB 01 00 00 1A 00 00 00... syscall #SYS_YIELD
000019D8  10 EE F8 00 00 00 00 00... load.q  r29, (sp)
000019E0  40 06 00 00 90 FF FF FF... bra     .dos_cr_retry
                         .dos_lf:
                         .dos_lf_retry:
000019E8  01 1D 00 00 0A 00 00 00... move.l  r3, #0x0A
000019F0  01 15 00 00 00 00 00 00... move.l  r2, #0
000019F8  01 26 00 00 00 00 00 00... move.q  r4, r0
00001A00  01 2D 00 00 FF FF 00 00... move.l  r5, #REPLY_PORT_NONE
00001A08  01 36 00 00 00 00 00 00... move.q  r6, r0
00001A10  10 EE F8 00 00 00 00 00... load.q  r29, (sp)
00001A18  10 0F E8 00 88 00 00 00... load.q  r1, 136(r29)
00001A20  EB 01 00 00 11 00 00 00... syscall #SYS_PUT_MSG
00001A28  10 EE F8 00 00 00 00 00... load.q  r29, (sp)
00001A30  01 E5 00 00 09 00 00 00... move.l  r28, #ERR_FULL
00001A38  41 06 10 E0 10 00 00 00... beq     r2, r28, .dos_lf_full
00001A40  40 06 00 00 20 00 00 00... bra     .dos_banner_done
                         .dos_lf_full:
00001A48  EB 01 00 00 1A 00 00 00... syscall #SYS_YIELD
00001A50  10 EE F8 00 00 00 00 00... load.q  r29, (sp)
00001A58  40 06 00 00 90 FF FF FF... bra     .dos_lf_retry
                         .dos_banner_done:
00001A60  01 0D 00 00 00 10 00 00... move.l  r1, #4096
00001A68  01 15 00 00 01 00 01 00... move.l  r2, #(MEMF_PUBLIC | MEMF_CLEAR)
00001A70  EB 01 00 00 01 00 00 00... syscall #SYS_ALLOC_MEM
00001A78  10 EE F8 00 00 00 00 00... load.q  r29, (sp)
00001A80  11 0F E8 00 98 00 00 00... store.q r1, 152(r29)
00001A88  01 0D 00 00 00 10 00 00... move.l  r1, #4096
00001A90  01 15 00 00 00 00 01 00... move.l  r2, #MEMF_CLEAR
00001A98  EB 01 00 00 01 00 00 00... syscall #SYS_ALLOC_MEM
00001AA0  10 EE F8 00 00 00 00 00... load.q  r29, (sp)
00001AA8  11 0F E8 00 A0 00 00 00... store.q r1, 160(r29)
00001AB0  01 0D 00 00 0E 00 00 00... move.l  r1, #14
00001AB8  50 06 00 00 88 A7 00 00... jsr     .dos_extent_alloc
00001AC0  42 06 10 00 B8 00 00 00... bne r2, r0, .dos_init_done
00001AC8  01 C6 08 00 00 00 00 00... move.q  r24, r1
00001AD0  10 CF E8 00 98 00 00 00... load.q  r25, 152(r29)
00001AD8  20 CF C8 00 10 00 00 00... add     r25, r25, #DOS_META_HDR_SZ
00001AE0  20 A7 E8 00 7E 03 00 00... add     r20, r29, #(prog_doslib_seed_readme_name - prog_doslib_data)
00001AE8  01 AE C8 00 00 00 00 00... move.q  r21, r25
00001AF0  01 75 00 00 00 00 00 00... move.l  r14, #0
                         .dos_cpname:
00001AF8  10 78 A0 00 00 00 00 00... load.b  r15, (r20)
00001B00  11 78 A8 00 00 00 00 00... store.b r15, (r21)
00001B08  41 06 78 00 30 00 00 00... beq r15, r0, .dos_cpname_done
00001B10  20 A7 A0 00 01 00 00 00... add     r20, r20, #1
00001B18  20 AF A8 00 01 00 00 00... add     r21, r21, #1
00001B20  20 77 70 00 01 00 00 00... add     r14, r14, #1
00001B28  01 E5 00 00 1F 00 00 00... move.l  r28, #31
00001B30  43 06 70 E0 C8 FF FF FF... blt     r14, r28, .dos_cpname
                         .dos_cpname_done:
00001B38  11 C7 C8 00 20 00 00 00... store.q r24, DOS_META_OFF_VA(r25)
00001B40  01 75 00 00 0E 00 00 00... move.l  r14, #14
00001B48  11 75 C8 00 28 00 00 00... store.l r14, DOS_META_OFF_SIZE(r25)
00001B50  01 0E C0 00 00 00 00 00... move.q  r1, r24
00001B58  20 17 E8 00 8E 03 00 00... add     r2, r29, #(prog_doslib_seed_readme_body - prog_doslib_data)
00001B60  01 1D 00 00 0E 00 00 00... move.l  r3, #14
00001B68  50 06 00 00 90 A9 00 00... jsr     .dos_extent_write
00001B70  10 EE F8 00 00 00 00 00... load.q  r29, (sp)
                         .dos_init_done:
00001B78  10 EE F8 00 00 00 00 00... load.q  r29, (sp)
00001B80  20 0F E8 00 10 00 00 00... add     r1, r29, #16
00001B88  01 15 00 00 01 00 00 00... move.l  r2, #PF_PUBLIC
00001B90  EB 01 00 00 0F 00 00 00... syscall #SYS_CREATE_PORT
00001B98  10 EE F8 00 00 00 00 00... load.q  r29, (sp)
00001BA0  11 0F E8 00 90 00 00 00... store.q r1, 144(r29)
00001BA8  20 0F E8 00 10 00 00 00... add     r1, r29, #16
00001BB0  01 15 00 00 10 00 00 00... move.l  r2, #16
00001BB8  01 1D 00 00 00 00 00 00... move.l  r3, #0
00001BC0  10 27 E8 00 90 00 00 00... load.q  r4, 144(r29)
00001BC8  EB 01 00 00 2C 00 00 00... syscall #SYS_ADD_LIBRARY
00001BD0  10 EE F8 00 00 00 00 00... load.q  r29, (sp)
00001BD8  42 06 10 00 C0 42 00 00... bne r2, r0, .dos_boot_fail
00001BE0  20 87 E8 00 EA 04 00 00... add     r16, r29, #(prog_doslib_empty_args - prog_doslib_data)
00001BE8  01 96 00 00 00 00 00 00... move.q  r18, r0
00001BF0  01 0D 00 00 0D 00 00 00... move.l  r1, #BOOT_MANIFEST_ID_HWRES
00001BF8  01 16 80 00 00 00 00 00... move.q  r2, r16
00001C00  01 1E 90 00 00 00 00 00... move.q  r3, r18
00001C08  50 06 00 00 A0 4B 00 00... jsr     .dos_manifest_launch_by_id
00001C10  10 EE F8 00 00 00 00 00... load.q  r29, (sp)
00001C18  42 06 10 00 80 42 00 00... bne r2, r0, .dos_boot_fail
00001C20  20 87 E8 00 EA 04 00 00... add     r16, r29, #(prog_doslib_empty_args - prog_doslib_data)
00001C28  01 96 00 00 00 00 00 00... move.q  r18, r0
00001C30  01 0D 00 00 0E 00 00 00... move.l  r1, #BOOT_MANIFEST_ID_INPUT
00001C38  01 16 80 00 00 00 00 00... move.q  r2, r16
00001C40  01 1E 90 00 00 00 00 00... move.q  r3, r18
00001C48  50 06 00 00 60 4B 00 00... jsr     .dos_manifest_launch_by_id
00001C50  10 EE F8 00 00 00 00 00... load.q  r29, (sp)
00001C58  42 06 10 00 40 42 00 00... bne r2, r0, .dos_boot_fail
00001C60  10 F7 E8 00 C0 00 00 00... load.q  r30, 192(r29)
00001C68  10 5D F0 00 04 00 00 00... load.l  r11, TASKSB_SIZE(r30)
00001C70  01 65 00 00 60 00 00 00... move.l  r12, #TASK_STARTUP_SIZE
00001C78  43 06 58 60 20 00 00 00... blt     r11, r12, .dos_boot_shell_use_private
00001C80  20 BF F0 00 40 00 00 00... add     r23, r30, #TASKSB_BOOT_DOS_SHELL_RELPATH
00001C88  10 58 B8 00 00 00 00 00... load.b  r11, (r23)
00001C90  42 06 58 00 10 00 00 00... bne r11, r0, .dos_boot_shell_path_ready
                         .dos_boot_shell_use_private:
00001C98  20 BF E8 00 D7 04 00 00... add     r23, r29, #(prog_doslib_boot_shell_relpath - prog_doslib_data)
                         .dos_boot_shell_path_ready:
00001CA0  20 87 E8 00 EA 04 00 00... add     r16, r29, #(prog_doslib_empty_args - prog_doslib_data)
00001CA8  01 96 00 00 00 00 00 00... move.q  r18, r0
00001CB0  01 8E 00 00 00 00 00 00... move.q  r17, r0
00001CB8  01 F6 E8 00 00 00 00 00... move.q  r30, r29
00001CC0  50 06 00 00 C0 4D 00 00... jsr     .dos_launch_hostfs_relpath_name
00001CC8  01 EE F0 00 00 00 00 00... move.q  r29, r30
00001CD0  42 06 08 00 38 00 00 00... bne r1, r0, .dos_main_loop
00001CD8  01 E6 10 00 00 00 00 00... move.q  r28, r2
00001CE0  30 E7 E0 00 FF FF FF FF... and     r28, r28, #0xFFFFFFFF
00001CE8  01 7E 00 00 00 00 00 00... move.q  r15, r0
00001CF0  20 7F 78 00 01 00 00 00... add     r15, r15, #DOS_ERR_NOTFOUND
00001CF8  41 06 E0 78 10 00 00 00... beq     r28, r15, .dos_main_loop
00001D00  42 06 E0 00 98 41 00 00... bne r28, r0, .dos_boot_fail
                         .dos_main_loop:
00001D08  10 EE F8 00 00 00 00 00... load.q  r29, (sp)
00001D10  10 0F E8 00 A8 00 00 00... load.q  r1, 168(r29)
00001D18  41 06 08 00 48 00 00 00... beq r1, r0, .dos_main_loop_wait
00001D20  10 17 E8 00 B8 00 00 00... load.q  r2, 184(r29)
00001D28  41 06 10 00 20 00 00 00... beq r2, r0, .dos_main_loop_clear_map
00001D30  34 17 10 00 0C 00 00 00... lsl     r2, r2, #12
00001D38  EB 01 00 00 02 00 00 00... syscall #SYS_FREE_MEM
00001D40  10 EE F8 00 00 00 00 00... load.q  r29, (sp)
                         .dos_main_loop_clear_map:
00001D48  11 07 E8 00 A8 00 00 00... store.q r0, 168(r29)
00001D50  11 07 E8 00 B8 00 00 00... store.q r0, 184(r29)
00001D58  11 07 E8 00 D8 03 00 00... store.q r0, 984(r29)
                         .dos_main_loop_wait:
00001D60  10 EE F8 00 00 00 00 00... load.q  r29, (sp)
00001D68  10 0F E8 00 90 00 00 00... load.q  r1, 144(r29)
00001D70  EB 01 00 00 13 00 00 00... syscall #SYS_WAIT_PORT
00001D78  10 EE F8 00 00 00 00 00... load.q  r29, (sp)
00001D80  11 2F E8 00 B0 03 00 00... store.q r5, 944(r29)
00001D88  11 0F E8 00 B8 03 00 00... store.q r1, 952(r29)
00001D90  11 17 E8 00 C0 03 00 00... store.q r2, 960(r29)
00001D98  11 27 E8 00 C8 03 00 00... store.q r4, 968(r29)
00001DA0  11 37 E8 00 D0 03 00 00... store.q r6, 976(r29)
00001DA8  10 7D E8 00 D0 03 00 00... load.l  r15, 976(r29)
00001DB0  41 06 78 00 60 00 00 00... beq r15, r0, .dos_have_buf
00001DB8  11 7D E8 00 D8 03 00 00... store.l r15, 984(r29)
00001DC0  01 0E 78 00 00 00 00 00... move.q  r1, r15
00001DC8  01 15 00 00 03 00 00 00... move.l  r2, #(MAPF_READ | MAPF_WRITE)
00001DD0  EB 01 00 00 04 00 00 00... syscall #SYS_MAP_SHARED
00001DD8  01 C6 18 00 00 00 00 00... move.q  r24, r3
00001DE0  10 EE F8 00 00 00 00 00... load.q  r29, (sp)
00001DE8  41 06 08 00 30 9F 00 00... beq r1, r0, .dos_reply_err
00001DF0  01 5D 00 00 01 00 00 00... move.l  r11, #1
00001DF8  43 06 C0 58 A0 9E 00 00... blt     r24, r11, .dos_reply_badarg
00001E00  11 0F E8 00 A8 00 00 00... store.q r1, 168(r29)
00001E08  11 C7 E8 00 B8 00 00 00... store.q r24, 184(r29)
                         .dos_have_buf:
                         .dos_dispatch:
00001E10  10 77 E8 00 B8 03 00 00... load.q  r14, 952(r29)
00001E18  01 E5 00 00 20 01 00 00... move.l  r28, #MSG_GET_IOSM
00001E20  41 06 70 E0 00 01 00 00... beq     r14, r28, .dos_do_get_iosm
00001E28  01 E5 00 00 20 03 00 00... move.l  r28, #DOS_OP_PARSE_MANIFEST
00001E30  41 06 70 E0 68 02 00 00... beq     r14, r28, .dos_do_parse_manifest
00001E38  01 E5 00 00 21 03 00 00... move.l  r28, #DOS_RESIDENT_ADD
00001E40  41 06 70 E0 28 92 00 00... beq     r14, r28, .dos_do_resident_add
00001E48  01 E5 00 00 22 03 00 00... move.l  r28, #DOS_RESIDENT_REMOVE
00001E50  41 06 70 E0 68 96 00 00... beq     r14, r28, .dos_do_resident_remove
00001E58  01 E5 00 00 23 03 00 00... move.l  r28, #DOS_RESIDENT_LIST
00001E60  41 06 70 E0 30 97 00 00... beq     r14, r28, .dos_do_resident_list
00001E68  01 E5 00 00 05 00 00 00... move.l  r28, #DOS_DIR
00001E70  41 06 70 E0 E8 03 00 00... beq     r14, r28, .dos_do_dir
00001E78  01 E5 00 00 01 00 00 00... move.l  r28, #DOS_OPEN
00001E80  41 06 70 E0 10 1D 00 00... beq     r14, r28, .dos_do_open
00001E88  01 E5 00 00 02 00 00 00... move.l  r28, #DOS_READ
00001E90  41 06 70 E0 18 23 00 00... beq     r14, r28, .dos_do_read
00001E98  01 E5 00 00 03 00 00 00... move.l  r28, #DOS_WRITE
00001EA0  41 06 70 E0 30 25 00 00... beq     r14, r28, .dos_do_write
00001EA8  01 E5 00 00 04 00 00 00... move.l  r28, #DOS_CLOSE
00001EB0  41 06 70 E0 D0 27 00 00... beq     r14, r28, .dos_do_close
00001EB8  01 E5 00 00 0A 00 00 00... move.l  r28, #DOS_ASSIGN
00001EC0  41 06 70 E0 B0 28 00 00... beq     r14, r28, .dos_do_assign
00001EC8  01 E5 00 00 06 00 00 00... move.l  r28, #DOS_RUN
00001ED0  41 06 70 E0 A0 81 00 00... beq     r14, r28, .dos_do_run
00001ED8  01 E5 00 00 07 00 00 00... move.l  r28, #DOS_LOADSEG
00001EE0  41 06 70 E0 38 39 00 00... beq     r14, r28, .dos_do_loadseg
00001EE8  01 E5 00 00 08 00 00 00... move.l  r28, #DOS_UNLOADSEG
00001EF0  41 06 70 E0 E0 3D 00 00... beq     r14, r28, .dos_do_unloadseg
00001EF8  01 E5 00 00 09 00 00 00... move.l  r28, #DOS_RUNSEG
00001F00  41 06 70 E0 88 3E 00 00... beq     r14, r28, .dos_do_runseg
00001F08  01 E5 00 00 0B 00 00 00... move.l  r28, #DOS_LOADLIB
00001F10  41 06 70 E0 F0 8B 00 00... beq     r14, r28, .dos_do_loadlib
00001F18  40 06 00 00 00 9E 00 00... bra     .dos_reply_err
                         .dos_do_get_iosm:
00001F20  10 AD E8 00 D0 03 00 00... load.l  r21, 976(r29)
00001F28  41 06 A8 00 30 01 00 00... beq r21, r0, .dos_get_iosm_reply_badarg
00001F30  10 C7 E8 00 B8 00 00 00... load.q  r24, 184(r29)
00001F38  01 5D 00 00 01 00 00 00... move.l  r11, #1
00001F40  42 06 C0 58 D0 00 00 00... bne     r24, r11, .dos_get_iosm_badarg_free
00001F48  10 BF E8 00 A8 00 00 00... load.q  r23, 168(r29)
00001F50  20 77 E8 00 E0 11 01 00... add     r14, r29, #(prog_doslib_iosm - prog_doslib_data)
00001F58  01 7D 00 00 10 00 00 00... move.l  r15, #(IOSM_SIZE / 8)
                         .dos_get_iosm_copy:
00001F60  10 86 70 00 00 00 00 00... load.q  r16, (r14)
00001F68  11 86 B8 00 00 00 00 00... store.q r16, (r23)
00001F70  20 77 70 00 08 00 00 00... add     r14, r14, #8
00001F78  20 BF B8 00 08 00 00 00... add     r23, r23, #8
00001F80  21 7F 78 00 01 00 00 00... sub     r15, r15, #1
00001F88  42 06 78 00 D8 FF FF FF... bne r15, r0, .dos_get_iosm_copy
00001F90  10 0F E8 00 A8 00 00 00... load.q  r1, 168(r29)
00001F98  01 16 C0 00 00 00 00 00... move.q  r2, r24
00001FA0  34 17 10 00 0C 00 00 00... lsl     r2, r2, #12
00001FA8  EB 01 00 00 02 00 00 00... syscall #SYS_FREE_MEM
00001FB0  10 EE F8 00 00 00 00 00... load.q  r29, (sp)
00001FB8  11 07 E8 00 A8 00 00 00... store.q r0, 168(r29)
00001FC0  11 07 E8 00 B8 00 00 00... store.q r0, 184(r29)
00001FC8  11 07 E8 00 D8 03 00 00... store.q r0, 984(r29)
00001FD0  10 0F E8 00 B0 03 00 00... load.q  r1, 944(r29)
00001FD8  01 16 00 00 00 00 00 00... move.q  r2, r0
00001FE0  01 1E 00 00 00 00 00 00... move.q  r3, r0
00001FE8  01 26 00 00 00 00 00 00... move.q  r4, r0
00001FF0  01 2E 00 00 00 00 00 00... move.q  r5, r0
00001FF8  EB 01 00 00 14 00 00 00... syscall #SYS_REPLY_MSG
00002000  10 EE F8 00 00 00 00 00... load.q  r29, (sp)
00002008  40 06 00 00 00 FD FF FF... bra     .dos_main_loop
                         .dos_get_iosm_badarg_free:
00002010  10 0F E8 00 A8 00 00 00... load.q  r1, 168(r29)
00002018  01 16 C0 00 00 00 00 00... move.q  r2, r24
00002020  34 17 10 00 0C 00 00 00... lsl     r2, r2, #12
00002028  EB 01 00 00 02 00 00 00... syscall #SYS_FREE_MEM
00002030  10 EE F8 00 00 00 00 00... load.q  r29, (sp)
00002038  11 07 E8 00 A8 00 00 00... store.q r0, 168(r29)
00002040  11 07 E8 00 B8 00 00 00... store.q r0, 184(r29)
00002048  11 07 E8 00 D8 03 00 00... store.q r0, 984(r29)
00002050  40 06 00 00 08 00 00 00... bra     .dos_get_iosm_reply_badarg
                         .dos_get_iosm_reply_badarg:
00002058  10 0F E8 00 B0 03 00 00... load.q  r1, 944(r29)
00002060  01 15 00 00 03 00 00 00... move.l  r2, #ERR_BADARG
00002068  01 1E 00 00 00 00 00 00... move.q  r3, r0
00002070  01 26 00 00 00 00 00 00... move.q  r4, r0
00002078  01 2E 00 00 00 00 00 00... move.q  r5, r0
00002080  EB 01 00 00 14 00 00 00... syscall #SYS_REPLY_MSG
00002088  10 EE F8 00 00 00 00 00... load.q  r29, (sp)
00002090  40 06 00 00 78 FC FF FF... bra     .dos_main_loop
                         .dos_do_parse_manifest:
00002098  10 AD E8 00 D0 03 00 00... load.l  r21, 976(r29)
000020A0  41 06 A8 00 78 01 00 00... beq r21, r0, .dos_pmp_reply_badarg
000020A8  10 C7 E8 00 B8 00 00 00... load.q  r24, 184(r29)
000020B0  01 5D 00 00 01 00 00 00... move.l  r11, #1
000020B8  42 06 C0 58 20 01 00 00... bne     r24, r11, .dos_pmp_badarg_free
000020C0  10 BF E8 00 A8 00 00 00... load.q  r23, 168(r29)
000020C8  01 75 00 00 00 00 00 00... move.l  r14, #0
                         .dos_pmp_scan_nul:
000020D0  01 5D 00 00 04 01 00 00... move.l  r11, #DOS_PMP_PATH_MAX
000020D8  44 06 70 58 60 00 00 00... bge     r14, r11, .dos_pmp_badarg_write
000020E0  20 7E B8 70 00 00 00 00... add     r15, r23, r14
000020E8  10 80 78 00 00 00 00 00... load.b  r16, (r15)
000020F0  41 06 80 00 18 00 00 00... beq r16, r0, .dos_pmp_have_path
000020F8  20 77 70 00 01 00 00 00... add     r14, r14, #1
00002100  40 06 00 00 D0 FF FF FF... bra     .dos_pmp_scan_nul
                         .dos_pmp_have_path:
00002108  01 0E B8 00 00 00 00 00... move.q  r1, r23
00002110  20 17 B8 00 10 01 00 00... add     r2, r23, #DOS_PMP_IOSM_OFF
00002118  50 06 00 00 38 61 00 00... jsr     .dos_pmp_parse_file_iosm
00002120  10 EE F8 00 00 00 00 00... load.q  r29, (sp)
00002128  10 BF E8 00 A8 00 00 00... load.q  r23, 168(r29)
00002130  40 06 00 00 10 00 00 00... bra     .dos_pmp_write_rc
                         .dos_pmp_badarg_write:
00002138  01 A5 00 00 03 00 00 00... move.l  r20, #ERR_BADARG
                         .dos_pmp_write_rc:
00002140  20 7F B8 00 90 01 00 00... add     r15, r23, #DOS_PMP_RC_OFF
00002148  11 A4 78 00 00 00 00 00... store.l r20, (r15)
00002150  11 A7 E8 00 90 02 00 00... store.q r20, 656(r29)
00002158  10 0F E8 00 A8 00 00 00... load.q  r1, 168(r29)
00002160  01 15 00 00 00 10 00 00... move.l  r2, #4096
00002168  EB 01 00 00 02 00 00 00... syscall #SYS_FREE_MEM
00002170  10 EE F8 00 00 00 00 00... load.q  r29, (sp)
00002178  11 07 E8 00 A8 00 00 00... store.q r0, 168(r29)
00002180  11 07 E8 00 B8 00 00 00... store.q r0, 184(r29)
00002188  11 07 E8 00 D8 03 00 00... store.q r0, 984(r29)
00002190  10 A7 E8 00 90 02 00 00... load.q  r20, 656(r29)
00002198  10 0F E8 00 B0 03 00 00... load.q  r1, 944(r29)
000021A0  01 16 A0 00 00 00 00 00... move.q  r2, r20
000021A8  01 1E A0 00 00 00 00 00... move.q  r3, r20
000021B0  01 26 00 00 00 00 00 00... move.q  r4, r0
000021B8  01 2E 00 00 00 00 00 00... move.q  r5, r0
000021C0  EB 01 00 00 14 00 00 00... syscall #SYS_REPLY_MSG
000021C8  10 EE F8 00 00 00 00 00... load.q  r29, (sp)
000021D0  40 06 00 00 38 FB FF FF... bra     .dos_main_loop
                         .dos_pmp_badarg_free:
000021D8  10 0F E8 00 A8 00 00 00... load.q  r1, 168(r29)
000021E0  01 16 C0 00 00 00 00 00... move.q  r2, r24
000021E8  34 17 10 00 0C 00 00 00... lsl     r2, r2, #12
000021F0  EB 01 00 00 02 00 00 00... syscall #SYS_FREE_MEM
000021F8  10 EE F8 00 00 00 00 00... load.q  r29, (sp)
00002200  11 07 E8 00 A8 00 00 00... store.q r0, 168(r29)
00002208  11 07 E8 00 B8 00 00 00... store.q r0, 184(r29)
00002210  11 07 E8 00 D8 03 00 00... store.q r0, 984(r29)
                         .dos_pmp_reply_badarg:
00002218  10 0F E8 00 B0 03 00 00... load.q  r1, 944(r29)
00002220  01 15 00 00 03 00 00 00... move.l  r2, #ERR_BADARG
00002228  01 1E 00 00 00 00 00 00... move.q  r3, r0
00002230  01 26 00 00 00 00 00 00... move.q  r4, r0
00002238  01 2E 00 00 00 00 00 00... move.q  r5, r0
00002240  EB 01 00 00 14 00 00 00... syscall #SYS_REPLY_MSG
00002248  10 EE F8 00 00 00 00 00... load.q  r29, (sp)
00002250  40 06 00 00 B8 FA FF FF... bra     .dos_main_loop
                         .dos_do_dir:
00002258  10 BF E8 00 A8 00 00 00... load.q  r23, 168(r29)
00002260  10 70 B8 00 00 00 00 00... load.b  r14, (r23)
00002268  42 06 70 00 B8 04 00 00... bne r14, r0, .dos_dir_explicit
                         .dos_dir_root:
00002270  10 A7 E8 00 A8 00 00 00... load.q  r20, 168(r29)
00002278  01 AE 00 00 00 00 00 00... move.q  r21, r0
00002280  10 C7 E8 00 B8 00 00 00... load.q  r24, 184(r29)
00002288  34 C7 C0 00 0C 00 00 00... lsl     r24, r24, #12
00002290  21 C7 C0 00 38 00 00 00... sub     r24, r24, #56
00002298  10 CF E8 00 98 00 00 00... load.q  r25, 152(r29)
                         .dos_dir_page_loop:
000022A0  41 06 C8 00 18 08 00 00... beq r25, r0, .dos_dir_meta_done
000022A8  01 B6 C8 00 00 00 00 00... move.q  r22, r25
000022B0  20 B7 B0 00 10 00 00 00... add     r22, r22, #DOS_META_HDR_SZ
000022B8  01 BD 00 00 00 00 00 00... move.l  r23, #0
                         .dos_dir_entry:
000022C0  44 06 A8 C0 18 09 00 00... bge     r21, r24, .dos_dir_done
000022C8  01 E5 00 00 55 00 00 00... move.l  r28, #DOS_META_PER_PAGE
000022D0  44 06 B8 E0 40 04 00 00... bge     r23, r28, .dos_dir_next_page
000022D8  01 76 B0 00 00 00 00 00... move.q  r14, r22
000022E0  10 78 70 00 00 00 00 00... load.b  r15, (r14)
000022E8  41 06 78 00 10 04 00 00... beq r15, r0, .dos_dir_next
000022F0  01 86 70 00 00 00 00 00... move.q  r16, r14
000022F8  01 8D 00 00 00 00 00 00... move.l  r17, #0
                         .dos_dir_cpname:
00002300  10 78 80 00 00 00 00 00... load.b  r15, (r16)
00002308  41 06 78 00 40 00 00 00... beq r15, r0, .dos_dir_pad
00002310  11 78 A0 00 00 00 00 00... store.b r15, (r20)
00002318  20 A7 A0 00 01 00 00 00... add     r20, r20, #1
00002320  20 AF A8 00 01 00 00 00... add     r21, r21, #1
00002328  20 87 80 00 01 00 00 00... add     r16, r16, #1
00002330  20 8F 88 00 01 00 00 00... add     r17, r17, #1
00002338  01 E5 00 00 20 00 00 00... move.l  r28, #32
00002340  43 06 88 E0 C0 FF FF FF... blt     r17, r28, .dos_dir_cpname
                         .dos_dir_pad:
00002348  01 E5 00 00 20 00 00 00... move.l  r28, #32
00002350  44 06 88 E0 38 00 00 00... bge     r17, r28, .dos_dir_size
00002358  01 7D 00 00 20 00 00 00... move.l  r15, #0x20
00002360  11 78 A0 00 00 00 00 00... store.b r15, (r20)
00002368  20 A7 A0 00 01 00 00 00... add     r20, r20, #1
00002370  20 AF A8 00 01 00 00 00... add     r21, r21, #1
00002378  20 8F 88 00 01 00 00 00... add     r17, r17, #1
00002380  40 06 00 00 C8 FF FF FF... bra     .dos_dir_pad
                         .dos_dir_size:
00002388  10 7D 70 00 28 00 00 00... load.l  r15, DOS_META_OFF_SIZE(r14)
00002390  01 95 00 00 00 00 00 00... move.l  r18, #0
00002398  01 E5 00 00 00 CA 9A 3B... move.l  r28, #1000000000
000023A0  24 86 78 E0 00 00 00 00... divu    r16, r15, r28
000023A8  22 8E 80 E0 00 00 00 00... mulu    r17, r16, r28
000023B0  21 7E 78 88 00 00 00 00... sub     r15, r15, r17
000023B8  41 06 90 00 10 00 00 00... beq r18, r0, .dds_skip_1g_chk
000023C0  40 06 00 00 10 00 00 00... bra     .dds_emit_1g
                         .dds_skip_1g_chk:
000023C8  41 06 80 00 30 00 00 00... beq r16, r0, .dds_skip_1g
                         .dds_emit_1g:
000023D0  20 87 80 00 30 00 00 00... add     r16, r16, #0x30
000023D8  11 80 A0 00 00 00 00 00... store.b r16, (r20)
000023E0  20 A7 A0 00 01 00 00 00... add     r20, r20, #1
000023E8  20 AF A8 00 01 00 00 00... add     r21, r21, #1
000023F0  01 95 00 00 01 00 00 00... move.l  r18, #1
                         .dds_skip_1g:
000023F8  01 E5 00 00 00 E1 F5 05... move.l  r28, #100000000
00002400  24 86 78 E0 00 00 00 00... divu    r16, r15, r28
00002408  22 8E 80 E0 00 00 00 00... mulu    r17, r16, r28
00002410  21 7E 78 88 00 00 00 00... sub     r15, r15, r17
00002418  41 06 90 00 10 00 00 00... beq r18, r0, .dds_skip_100m_chk
00002420  40 06 00 00 10 00 00 00... bra     .dds_emit_100m
                         .dds_skip_100m_chk:
00002428  41 06 80 00 30 00 00 00... beq r16, r0, .dds_skip_100m
                         .dds_emit_100m:
00002430  20 87 80 00 30 00 00 00... add     r16, r16, #0x30
00002438  11 80 A0 00 00 00 00 00... store.b r16, (r20)
00002440  20 A7 A0 00 01 00 00 00... add     r20, r20, #1
00002448  20 AF A8 00 01 00 00 00... add     r21, r21, #1
00002450  01 95 00 00 01 00 00 00... move.l  r18, #1
                         .dds_skip_100m:
00002458  01 E5 00 00 80 96 98 00... move.l  r28, #10000000
00002460  24 86 78 E0 00 00 00 00... divu    r16, r15, r28
00002468  22 8E 80 E0 00 00 00 00... mulu    r17, r16, r28
00002470  21 7E 78 88 00 00 00 00... sub     r15, r15, r17
00002478  41 06 90 00 10 00 00 00... beq r18, r0, .dds_skip_10m_chk
00002480  40 06 00 00 10 00 00 00... bra     .dds_emit_10m
                         .dds_skip_10m_chk:
00002488  41 06 80 00 30 00 00 00... beq r16, r0, .dds_skip_10m
                         .dds_emit_10m:
00002490  20 87 80 00 30 00 00 00... add     r16, r16, #0x30
00002498  11 80 A0 00 00 00 00 00... store.b r16, (r20)
000024A0  20 A7 A0 00 01 00 00 00... add     r20, r20, #1
000024A8  20 AF A8 00 01 00 00 00... add     r21, r21, #1
000024B0  01 95 00 00 01 00 00 00... move.l  r18, #1
                         .dds_skip_10m:
000024B8  01 E5 00 00 40 42 0F 00... move.l  r28, #1000000
000024C0  24 86 78 E0 00 00 00 00... divu    r16, r15, r28
000024C8  22 8E 80 E0 00 00 00 00... mulu    r17, r16, r28
000024D0  21 7E 78 88 00 00 00 00... sub     r15, r15, r17
000024D8  41 06 90 00 10 00 00 00... beq r18, r0, .dds_skip_1m_chk
000024E0  40 06 00 00 10 00 00 00... bra     .dds_emit_1m
                         .dds_skip_1m_chk:
000024E8  41 06 80 00 30 00 00 00... beq r16, r0, .dds_skip_1m
                         .dds_emit_1m:
000024F0  20 87 80 00 30 00 00 00... add     r16, r16, #0x30
000024F8  11 80 A0 00 00 00 00 00... store.b r16, (r20)
00002500  20 A7 A0 00 01 00 00 00... add     r20, r20, #1
00002508  20 AF A8 00 01 00 00 00... add     r21, r21, #1
00002510  01 95 00 00 01 00 00 00... move.l  r18, #1
                         .dds_skip_1m:
00002518  01 E5 00 00 A0 86 01 00... move.l  r28, #100000
00002520  24 86 78 E0 00 00 00 00... divu    r16, r15, r28
00002528  22 8E 80 E0 00 00 00 00... mulu    r17, r16, r28
00002530  21 7E 78 88 00 00 00 00... sub     r15, r15, r17
00002538  41 06 90 00 10 00 00 00... beq r18, r0, .dds_skip_100k_chk
00002540  40 06 00 00 10 00 00 00... bra     .dds_emit_100k
                         .dds_skip_100k_chk:
00002548  41 06 80 00 30 00 00 00... beq r16, r0, .dds_skip_100k
                         .dds_emit_100k:
00002550  20 87 80 00 30 00 00 00... add     r16, r16, #0x30
00002558  11 80 A0 00 00 00 00 00... store.b r16, (r20)
00002560  20 A7 A0 00 01 00 00 00... add     r20, r20, #1
00002568  20 AF A8 00 01 00 00 00... add     r21, r21, #1
00002570  01 95 00 00 01 00 00 00... move.l  r18, #1
                         .dds_skip_100k:
00002578  01 E5 00 00 10 27 00 00... move.l  r28, #10000
00002580  24 86 78 E0 00 00 00 00... divu    r16, r15, r28
00002588  22 8E 80 E0 00 00 00 00... mulu    r17, r16, r28
00002590  21 7E 78 88 00 00 00 00... sub     r15, r15, r17
00002598  41 06 90 00 10 00 00 00... beq r18, r0, .dds_skip_10k_chk
000025A0  40 06 00 00 10 00 00 00... bra     .dds_emit_10k
                         .dds_skip_10k_chk:
000025A8  41 06 80 00 30 00 00 00... beq r16, r0, .dds_skip_10k
                         .dds_emit_10k:
000025B0  20 87 80 00 30 00 00 00... add     r16, r16, #0x30
000025B8  11 80 A0 00 00 00 00 00... store.b r16, (r20)
000025C0  20 A7 A0 00 01 00 00 00... add     r20, r20, #1
000025C8  20 AF A8 00 01 00 00 00... add     r21, r21, #1
000025D0  01 95 00 00 01 00 00 00... move.l  r18, #1
                         .dds_skip_10k:
000025D8  01 E5 00 00 E8 03 00 00... move.l  r28, #1000
000025E0  24 86 78 E0 00 00 00 00... divu    r16, r15, r28
000025E8  22 8E 80 E0 00 00 00 00... mulu    r17, r16, r28
000025F0  21 7E 78 88 00 00 00 00... sub     r15, r15, r17
000025F8  20 87 80 00 30 00 00 00... add     r16, r16, #0x30
00002600  11 80 A0 00 00 00 00 00... store.b r16, (r20)
00002608  20 A7 A0 00 01 00 00 00... add     r20, r20, #1
00002610  20 AF A8 00 01 00 00 00... add     r21, r21, #1
00002618  01 E5 00 00 64 00 00 00... move.l  r28, #100
00002620  24 86 78 E0 00 00 00 00... divu    r16, r15, r28
00002628  22 8E 80 E0 00 00 00 00... mulu    r17, r16, r28
00002630  21 7E 78 88 00 00 00 00... sub     r15, r15, r17
00002638  20 87 80 00 30 00 00 00... add     r16, r16, #0x30
00002640  11 80 A0 00 00 00 00 00... store.b r16, (r20)
00002648  20 A7 A0 00 01 00 00 00... add     r20, r20, #1
00002650  20 AF A8 00 01 00 00 00... add     r21, r21, #1
00002658  01 E5 00 00 0A 00 00 00... move.l  r28, #10
00002660  24 86 78 E0 00 00 00 00... divu    r16, r15, r28
00002668  22 8E 80 E0 00 00 00 00... mulu    r17, r16, r28
00002670  21 7E 78 88 00 00 00 00... sub     r15, r15, r17
00002678  20 87 80 00 30 00 00 00... add     r16, r16, #0x30
00002680  11 80 A0 00 00 00 00 00... store.b r16, (r20)
00002688  20 A7 A0 00 01 00 00 00... add     r20, r20, #1
00002690  20 AF A8 00 01 00 00 00... add     r21, r21, #1
00002698  20 7F 78 00 30 00 00 00... add     r15, r15, #0x30
000026A0  11 78 A0 00 00 00 00 00... store.b r15, (r20)
000026A8  20 A7 A0 00 01 00 00 00... add     r20, r20, #1
000026B0  20 AF A8 00 01 00 00 00... add     r21, r21, #1
000026B8  01 7D 00 00 0D 00 00 00... move.l  r15, #0x0D
000026C0  11 78 A0 00 00 00 00 00... store.b r15, (r20)
000026C8  20 A7 A0 00 01 00 00 00... add     r20, r20, #1
000026D0  20 AF A8 00 01 00 00 00... add     r21, r21, #1
000026D8  01 7D 00 00 0A 00 00 00... move.l  r15, #0x0A
000026E0  11 78 A0 00 00 00 00 00... store.b r15, (r20)
000026E8  20 A7 A0 00 01 00 00 00... add     r20, r20, #1
000026F0  20 AF A8 00 01 00 00 00... add     r21, r21, #1
                         .dos_dir_next:
000026F8  20 B7 B0 00 30 00 00 00... add     r22, r22, #DOS_META_ENTRY_SZ
00002700  20 BF B8 00 01 00 00 00... add     r23, r23, #1
00002708  40 06 00 00 B8 FB FF FF... bra     .dos_dir_entry
                         .dos_dir_next_page:
00002710  10 CE C8 00 00 00 00 00... load.q  r25, (r25)
00002718  40 06 00 00 88 FB FF FF... bra     .dos_dir_page_loop
                         .dos_dir_explicit:
00002720  50 06 00 00 A8 54 00 00... jsr     .dos_resolve_file
00002728  10 EE F8 00 00 00 00 00... load.q  r29, (sp)
00002730  41 06 B0 00 68 03 00 00... beq r22, r0, .dos_dir_explicit_empty
00002738  21 FF F8 00 60 00 00 00... sub     sp, sp, #96
00002740  10 A7 E8 00 A8 00 00 00... load.q  r20, 168(r29)
00002748  01 AE 00 00 00 00 00 00... move.q  r21, r0
00002750  10 C7 E8 00 B8 00 00 00... load.q  r24, 184(r29)
00002758  34 C7 C0 00 0C 00 00 00... lsl     r24, r24, #12
00002760  21 C7 C0 00 38 00 00 00... sub     r24, r24, #56
00002768  11 A6 F8 00 00 00 00 00... store.q r20, 0(sp)
00002770  11 AF F8 00 08 00 00 00... store.q r21, 8(sp)
00002778  11 C7 F8 00 10 00 00 00... store.q r24, 16(sp)
00002780  01 0E B8 00 00 00 00 00... move.q  r1, r23
00002788  20 17 F8 00 20 00 00 00... add     r2, sp, #32
00002790  50 06 00 00 10 67 00 00... jsr     .dos_copy_zstr
                         .dos_dir_explicit_try_hostfs:
00002798  20 0F F8 00 20 00 00 00... add     r1, sp, #32
000027A0  50 06 00 00 18 68 00 00... jsr     .dos_hostfs_relpath_for_resolved_name
000027A8  41 06 18 00 18 01 00 00... beq r3, r0, .dos_dir_explicit_prepare_meta
000027B0  11 0F F8 00 18 00 00 00... store.q r1, 24(sp)
000027B8  50 06 00 00 D0 71 00 00... jsr     .dos_bootfs_stat
000027C0  42 06 18 00 00 01 00 00... bne r3, r0, .dos_dir_explicit_prepare_meta
000027C8  01 E6 10 00 00 00 00 00... move.q  r28, r2
000027D0  30 E7 E0 00 FF FF FF FF... and     r28, r28, #0xFFFFFFFF
000027D8  01 7E 00 00 00 00 00 00... move.q  r15, r0
000027E0  20 7F 78 00 02 00 00 00... add     r15, r15, #BOOT_HOSTFS_KIND_DIR
000027E8  42 06 E0 78 D8 00 00 00... bne     r28, r15, .dos_dir_explicit_prepare_meta
000027F0  10 D7 F8 00 18 00 00 00... load.q  r26, 24(sp)
000027F8  01 DE D0 00 00 00 00 00... move.q  r27, r26
00002800  01 E5 00 00 00 00 00 00... move.l  r28, #0
                         .dos_dir_explicit_hostfs_len:
00002808  20 76 D8 E0 00 00 00 00... add     r14, r27, r28
00002810  10 78 70 00 00 00 00 00... load.b  r15, (r14)
00002818  41 06 78 00 20 00 00 00... beq r15, r0, .dos_dir_explicit_hostfs_len_done
00002820  20 E7 E0 00 01 00 00 00... add     r28, r28, #1
00002828  01 85 00 00 2F 00 00 00... move.l  r16, #47
00002830  43 06 E0 80 D8 FF FF FF... blt     r28, r16, .dos_dir_explicit_hostfs_len
                         .dos_dir_explicit_hostfs_len_done:
00002838  41 06 E0 00 50 00 00 00... beq r28, r0, .dos_dir_explicit_hostfs_ready
00002840  20 76 D8 E0 00 00 00 00... add     r14, r27, r28
00002848  21 77 70 00 01 00 00 00... sub     r14, r14, #1
00002850  10 78 70 00 00 00 00 00... load.b  r15, (r14)
00002858  01 85 00 00 2F 00 00 00... move.l  r16, #0x2F
00002860  41 06 78 80 28 00 00 00... beq     r15, r16, .dos_dir_explicit_hostfs_ready
00002868  20 76 D8 E0 00 00 00 00... add     r14, r27, r28
00002870  11 80 70 00 00 00 00 00... store.b r16, (r14)
00002878  20 77 70 00 01 00 00 00... add     r14, r14, #1
00002880  11 00 70 00 00 00 00 00... store.b r0, (r14)
                         .dos_dir_explicit_hostfs_ready:
00002888  10 A6 F8 00 00 00 00 00... load.q  r20, 0(sp)
00002890  10 AF F8 00 08 00 00 00... load.q  r21, 8(sp)
00002898  10 C7 F8 00 10 00 00 00... load.q  r24, 16(sp)
000028A0  10 0F F8 00 18 00 00 00... load.q  r1, 24(sp)
000028A8  50 06 00 00 48 08 00 00... jsr     .dos_dir_append_hostfs_explicit_names
000028B0  42 06 A8 00 D0 01 00 00... bne r21, r0, .dos_dir_explicit_done
000028B8  40 06 00 00 08 00 00 00... bra     .dos_dir_explicit_prepare_meta
                         .dos_dir_explicit_prepare_meta:
000028C0  20 0F F8 00 20 00 00 00... add     r1, sp, #32
000028C8  20 17 F8 00 40 00 00 00... add     r2, sp, #64
000028D0  50 06 00 00 D0 65 00 00... jsr     .dos_copy_zstr
000028D8  01 D6 08 00 00 00 00 00... move.q  r26, r1
000028E0  20 DF F8 00 40 00 00 00... add     r27, sp, #64
000028E8  10 70 D8 00 00 00 00 00... load.b  r14, (r27)
000028F0  01 7D 00 00 53 00 00 00... move.l  r15, #0x53
000028F8  42 06 70 78 00 01 00 00... bne     r14, r15, .dos_dir_explicit_prefix_base_done
00002900  10 71 D8 00 01 00 00 00... load.b  r14, 1(r27)
00002908  01 7D 00 00 59 00 00 00... move.l  r15, #0x59
00002910  42 06 70 78 E8 00 00 00... bne     r14, r15, .dos_dir_explicit_prefix_base_done
00002918  10 71 D8 00 02 00 00 00... load.b  r14, 2(r27)
00002920  01 7D 00 00 53 00 00 00... move.l  r15, #0x53
00002928  42 06 70 78 D0 00 00 00... bne     r14, r15, .dos_dir_explicit_prefix_base_done
00002930  10 71 D8 00 03 00 00 00... load.b  r14, 3(r27)
00002938  01 7D 00 00 2F 00 00 00... move.l  r15, #0x2F
00002940  42 06 70 78 B8 00 00 00... bne     r14, r15, .dos_dir_explicit_prefix_base_done
00002948  10 71 D8 00 04 00 00 00... load.b  r14, 4(r27)
00002950  01 7D 00 00 49 00 00 00... move.l  r15, #0x49
00002958  42 06 70 78 A0 00 00 00... bne     r14, r15, .dos_dir_explicit_prefix_base_done
00002960  10 71 D8 00 05 00 00 00... load.b  r14, 5(r27)
00002968  01 7D 00 00 4F 00 00 00... move.l  r15, #0x4F
00002970  42 06 70 78 88 00 00 00... bne     r14, r15, .dos_dir_explicit_prefix_base_done
00002978  10 71 D8 00 06 00 00 00... load.b  r14, 6(r27)
00002980  01 7D 00 00 53 00 00 00... move.l  r15, #0x53
00002988  42 06 70 78 70 00 00 00... bne     r14, r15, .dos_dir_explicit_prefix_base_done
00002990  10 71 D8 00 07 00 00 00... load.b  r14, 7(r27)
00002998  01 7D 00 00 53 00 00 00... move.l  r15, #0x53
000029A0  42 06 70 78 58 00 00 00... bne     r14, r15, .dos_dir_explicit_prefix_base_done
000029A8  10 71 D8 00 08 00 00 00... load.b  r14, 8(r27)
000029B0  01 7D 00 00 59 00 00 00... move.l  r15, #0x59
000029B8  42 06 70 78 40 00 00 00... bne     r14, r15, .dos_dir_explicit_prefix_base_done
000029C0  10 71 D8 00 09 00 00 00... load.b  r14, 9(r27)
000029C8  01 7D 00 00 53 00 00 00... move.l  r15, #0x53
000029D0  42 06 70 78 28 00 00 00... bne     r14, r15, .dos_dir_explicit_prefix_base_done
000029D8  10 71 D8 00 0A 00 00 00... load.b  r14, 10(r27)
000029E0  01 7D 00 00 2F 00 00 00... move.l  r15, #0x2F
000029E8  42 06 70 78 10 00 00 00... bne     r14, r15, .dos_dir_explicit_prefix_base_done
000029F0  20 DF D8 00 0B 00 00 00... add     r27, r27, #11
                         .dos_dir_explicit_prefix_base_done:
000029F8  21 F6 D0 D8 00 00 00 00... sub     r30, r26, r27
00002A00  41 06 F0 00 48 00 00 00... beq r30, r0, .dos_dir_explicit_meta
00002A08  21 77 D0 00 01 00 00 00... sub     r14, r26, #1
00002A10  10 78 70 00 00 00 00 00... load.b  r15, (r14)
00002A18  01 85 00 00 2F 00 00 00... move.l  r16, #0x2F
00002A20  41 06 78 80 28 00 00 00... beq     r15, r16, .dos_dir_explicit_prefix_done
00002A28  11 80 D0 00 00 00 00 00... store.b r16, (r26)
00002A30  20 D7 D0 00 01 00 00 00... add     r26, r26, #1
00002A38  11 00 D0 00 00 00 00 00... store.b r0, (r26)
00002A40  20 F7 F0 00 01 00 00 00... add     r30, r30, #1
                         .dos_dir_explicit_prefix_done:
                         .dos_dir_explicit_meta:
00002A48  10 A6 F8 00 00 00 00 00... load.q  r20, 0(sp)
00002A50  10 AF F8 00 08 00 00 00... load.q  r21, 8(sp)
00002A58  10 C7 F8 00 10 00 00 00... load.q  r24, 16(sp)
00002A60  01 0E D8 00 00 00 00 00... move.q  r1, r27
00002A68  01 16 F0 00 00 00 00 00... move.q  r2, r30
00002A70  50 06 00 00 78 08 00 00... jsr     .dos_dir_append_meta_explicit_prefix
                         .dos_dir_explicit_meta_done:
00002A78  42 06 A8 00 08 00 00 00... bne r21, r0, .dos_dir_explicit_done
                         .dos_dir_explicit_done:
00002A80  11 00 A0 00 00 00 00 00... store.b r0, (r20)
00002A88  20 FF F8 00 60 00 00 00... add     sp, sp, #96
00002A90  40 06 00 00 50 01 00 00... bra     .dos_dir_reply_ok
                         .dos_dir_explicit_empty:
00002A98  10 A7 E8 00 A8 00 00 00... load.q  r20, 168(r29)
00002AA0  01 AE 00 00 00 00 00 00... move.q  r21, r0
00002AA8  11 00 A0 00 00 00 00 00... store.b r0, (r20)
00002AB0  40 06 00 00 30 01 00 00... bra     .dos_dir_reply_ok
                         .dos_dir_meta_done:
00002AB8  20 0F E8 00 57 05 00 00... add     r1, r29, #(prog_doslib_hostfs_public_c - prog_doslib_data)
00002AC0  20 17 E8 00 57 05 00 00... add     r2, r29, #(prog_doslib_hostfs_public_c - prog_doslib_data)
00002AC8  50 06 00 00 58 01 00 00... jsr     .dos_dir_append_hostfs_dir
00002AD0  20 0F E8 00 5A 05 00 00... add     r1, r29, #(prog_doslib_hostfs_public_s - prog_doslib_data)
00002AD8  20 17 E8 00 5A 05 00 00... add     r2, r29, #(prog_doslib_hostfs_public_s - prog_doslib_data)
00002AE0  50 06 00 00 40 01 00 00... jsr     .dos_dir_append_hostfs_dir
00002AE8  20 0F E8 00 5D 05 00 00... add     r1, r29, #(prog_doslib_hostfs_public_l - prog_doslib_data)
00002AF0  20 17 E8 00 5D 05 00 00... add     r2, r29, #(prog_doslib_hostfs_public_l - prog_doslib_data)
00002AF8  50 06 00 00 28 01 00 00... jsr     .dos_dir_append_hostfs_dir
00002B00  20 0F E8 00 60 05 00 00... add     r1, r29, #(prog_doslib_hostfs_public_libs - prog_doslib_data)
00002B08  20 17 E8 00 60 05 00 00... add     r2, r29, #(prog_doslib_hostfs_public_libs - prog_doslib_data)
00002B10  50 06 00 00 10 01 00 00... jsr     .dos_dir_append_hostfs_dir
00002B18  20 0F E8 00 66 05 00 00... add     r1, r29, #(prog_doslib_hostfs_public_devs - prog_doslib_data)
00002B20  20 17 E8 00 66 05 00 00... add     r2, r29, #(prog_doslib_hostfs_public_devs - prog_doslib_data)
00002B28  50 06 00 00 F8 00 00 00... jsr     .dos_dir_append_hostfs_dir
00002B30  20 0F E8 00 6C 05 00 00... add     r1, r29, #(prog_doslib_hostfs_public_resources - prog_doslib_data)
00002B38  20 17 E8 00 6C 05 00 00... add     r2, r29, #(prog_doslib_hostfs_public_resources - prog_doslib_data)
00002B40  50 06 00 00 E0 00 00 00... jsr     .dos_dir_append_hostfs_dir
00002B48  20 0F E8 00 57 05 00 00... add     r1, r29, #(prog_doslib_hostfs_public_c - prog_doslib_data)
00002B50  20 17 E8 00 77 05 00 00... add     r2, r29, #(prog_doslib_hostfs_rel_c - prog_doslib_data)
00002B58  50 06 00 00 C8 00 00 00... jsr     .dos_dir_append_hostfs_dir
00002B60  20 0F E8 00 5A 05 00 00... add     r1, r29, #(prog_doslib_hostfs_public_s - prog_doslib_data)
00002B68  20 17 E8 00 81 05 00 00... add     r2, r29, #(prog_doslib_hostfs_rel_s - prog_doslib_data)
00002B70  50 06 00 00 B0 00 00 00... jsr     .dos_dir_append_hostfs_dir
00002B78  20 0F E8 00 5D 05 00 00... add     r1, r29, #(prog_doslib_hostfs_public_l - prog_doslib_data)
00002B80  20 17 E8 00 8B 05 00 00... add     r2, r29, #(prog_doslib_hostfs_rel_l - prog_doslib_data)
00002B88  50 06 00 00 98 00 00 00... jsr     .dos_dir_append_hostfs_dir
00002B90  20 0F E8 00 60 05 00 00... add     r1, r29, #(prog_doslib_hostfs_public_libs - prog_doslib_data)
00002B98  20 17 E8 00 95 05 00 00... add     r2, r29, #(prog_doslib_hostfs_rel_libs - prog_doslib_data)
00002BA0  50 06 00 00 80 00 00 00... jsr     .dos_dir_append_hostfs_dir
00002BA8  20 0F E8 00 66 05 00 00... add     r1, r29, #(prog_doslib_hostfs_public_devs - prog_doslib_data)
00002BB0  20 17 E8 00 A2 05 00 00... add     r2, r29, #(prog_doslib_hostfs_rel_devs - prog_doslib_data)
00002BB8  50 06 00 00 68 00 00 00... jsr     .dos_dir_append_hostfs_dir
00002BC0  20 0F E8 00 6C 05 00 00... add     r1, r29, #(prog_doslib_hostfs_public_resources - prog_doslib_data)
00002BC8  20 17 E8 00 AF 05 00 00... add     r2, r29, #(prog_doslib_hostfs_rel_resources - prog_doslib_data)
00002BD0  50 06 00 00 50 00 00 00... jsr     .dos_dir_append_hostfs_dir
                         .dos_dir_done:
00002BD8  11 00 A0 00 00 00 00 00... store.b r0, (r20)
                         .dos_dir_reply_ok:
00002BE0  10 0F E8 00 B0 03 00 00... load.q  r1, 944(r29)
00002BE8  01 15 00 00 00 00 00 00... move.l  r2, #DOS_OK
00002BF0  01 1E A8 00 00 00 00 00... move.q  r3, r21
00002BF8  01 26 00 00 00 00 00 00... move.q  r4, r0
00002C00  01 2E 00 00 00 00 00 00... move.q  r5, r0
00002C08  EB 01 00 00 14 00 00 00... syscall #SYS_REPLY_MSG
00002C10  10 EE F8 00 00 00 00 00... load.q  r29, (sp)
00002C18  40 06 00 00 F0 F0 FF FF... bra     .dos_main_loop
                         .dos_dir_append_hostfs_dir:
00002C20  52 06 08 00 00 00 00 00... push    r1
00002C28  52 06 10 00 00 00 00 00... push    r2
00002C30  01 85 00 00 00 00 00 00... move.l  r16, #0
                         .ddahd_entry:
00002C38  20 8F A8 00 26 00 00 00... add     r17, r21, #38
00002C40  45 06 88 C0 F0 02 00 00... bgt     r17, r24, .ddahd_done
00002C48  52 06 A0 00 00 00 00 00... push    r20
00002C50  52 06 A8 00 00 00 00 00... push    r21
00002C58  52 06 C0 00 00 00 00 00... push    r24
00002C60  10 0F F8 00 18 00 00 00... load.q  r1, 24(sp)
00002C68  01 16 80 00 00 00 00 00... move.q  r2, r16
00002C70  50 06 00 00 80 70 00 00... jsr     .dos_bootfs_readdir
00002C78  53 C6 00 00 00 00 00 00... pop     r24
00002C80  53 AE 00 00 00 00 00 00... pop     r21
00002C88  53 A6 00 00 00 00 00 00... pop     r20
00002C90  42 06 18 00 A0 02 00 00... bne r3, r0, .ddahd_done
00002C98  52 06 08 00 00 00 00 00... push    r1
00002CA0  52 06 A0 00 00 00 00 00... push    r20
00002CA8  52 06 A8 00 00 00 00 00... push    r21
00002CB0  52 06 C0 00 00 00 00 00... push    r24
00002CB8  01 16 08 00 00 00 00 00... move.q  r2, r1
00002CC0  10 0F F8 00 28 00 00 00... load.q  r1, 40(sp)
00002CC8  50 06 00 00 18 0E 00 00... jsr     .dos_dir_hostfs_name_is_seeded
00002CD0  53 C6 00 00 00 00 00 00... pop     r24
00002CD8  53 AE 00 00 00 00 00 00... pop     r21
00002CE0  53 A6 00 00 00 00 00 00... pop     r20
00002CE8  53 0E 00 00 00 00 00 00... pop     r1
00002CF0  42 06 18 00 30 02 00 00... bne r3, r0, .ddahd_skip
00002CF8  52 06 08 00 00 00 00 00... push    r1
00002D00  52 06 A0 00 00 00 00 00... push    r20
00002D08  52 06 A8 00 00 00 00 00... push    r21
00002D10  52 06 C0 00 00 00 00 00... push    r24
00002D18  10 0F F8 00 20 00 00 00... load.q  r1, 32(sp)
00002D20  10 77 F8 00 18 00 00 00... load.q  r14, 24(sp)
00002D28  20 17 70 00 08 00 00 00... add     r2, r14, #BOOT_HOSTFS_DIRENT_NAME_OFF
00002D30  50 06 00 00 18 02 00 00... jsr     .dos_dir_name_already_emitted
00002D38  53 C6 00 00 00 00 00 00... pop     r24
00002D40  53 AE 00 00 00 00 00 00... pop     r21
00002D48  53 A6 00 00 00 00 00 00... pop     r20
00002D50  53 0E 00 00 00 00 00 00... pop     r1
00002D58  42 06 18 00 C8 01 00 00... bne r3, r0, .ddahd_skip
00002D60  01 8E A0 00 00 00 00 00... move.q  r17, r20
00002D68  01 96 A8 00 00 00 00 00... move.q  r18, r21
00002D70  01 9D 00 00 00 00 00 00... move.l  r19, #0
00002D78  10 77 F8 00 08 00 00 00... load.q  r14, 8(sp)
                         .ddahd_prefix:
00002D80  10 B0 70 00 00 00 00 00... load.b  r22, (r14)
00002D88  41 06 B0 00 48 00 00 00... beq r22, r0, .ddahd_name
00002D90  01 BD 00 00 20 00 00 00... move.l  r23, #32
00002D98  44 06 98 B8 38 00 00 00... bge     r19, r23, .ddahd_name
00002DA0  11 B0 88 00 00 00 00 00... store.b r22, (r17)
00002DA8  20 77 70 00 01 00 00 00... add     r14, r14, #1
00002DB0  20 8F 88 00 01 00 00 00... add     r17, r17, #1
00002DB8  20 97 90 00 01 00 00 00... add     r18, r18, #1
00002DC0  20 9F 98 00 01 00 00 00... add     r19, r19, #1
00002DC8  40 06 00 00 B8 FF FF FF... bra     .ddahd_prefix
                         .ddahd_name:
00002DD0  20 B7 08 00 08 00 00 00... add     r22, r1, #BOOT_HOSTFS_DIRENT_NAME_OFF
                         .ddahd_name_loop:
00002DD8  10 B8 B0 00 00 00 00 00... load.b  r23, (r22)
00002DE0  41 06 B8 00 48 00 00 00... beq r23, r0, .ddahd_pad
00002DE8  01 CD 00 00 20 00 00 00... move.l  r25, #32
00002DF0  44 06 98 C8 38 00 00 00... bge     r19, r25, .ddahd_pad
00002DF8  11 B8 88 00 00 00 00 00... store.b r23, (r17)
00002E00  20 B7 B0 00 01 00 00 00... add     r22, r22, #1
00002E08  20 8F 88 00 01 00 00 00... add     r17, r17, #1
00002E10  20 97 90 00 01 00 00 00... add     r18, r18, #1
00002E18  20 9F 98 00 01 00 00 00... add     r19, r19, #1
00002E20  40 06 00 00 B8 FF FF FF... bra     .ddahd_name_loop
                         .ddahd_pad:
00002E28  01 CD 00 00 20 00 00 00... move.l  r25, #32
00002E30  44 06 98 C8 38 00 00 00... bge     r19, r25, .ddahd_size
00002E38  01 BD 00 00 20 00 00 00... move.l  r23, #0x20
00002E40  11 B8 88 00 00 00 00 00... store.b r23, (r17)
00002E48  20 8F 88 00 01 00 00 00... add     r17, r17, #1
00002E50  20 97 90 00 01 00 00 00... add     r18, r18, #1
00002E58  20 9F 98 00 01 00 00 00... add     r19, r19, #1
00002E60  40 06 00 00 C8 FF FF FF... bra     .ddahd_pad
                         .ddahd_size:
00002E68  01 BD 00 00 30 00 00 00... move.l  r23, #0x30
00002E70  11 B8 88 00 00 00 00 00... store.b r23, (r17)
00002E78  20 8F 88 00 01 00 00 00... add     r17, r17, #1
00002E80  20 97 90 00 01 00 00 00... add     r18, r18, #1
00002E88  11 B8 88 00 00 00 00 00... store.b r23, (r17)
00002E90  20 8F 88 00 01 00 00 00... add     r17, r17, #1
00002E98  20 97 90 00 01 00 00 00... add     r18, r18, #1
00002EA0  11 B8 88 00 00 00 00 00... store.b r23, (r17)
00002EA8  20 8F 88 00 01 00 00 00... add     r17, r17, #1
00002EB0  20 97 90 00 01 00 00 00... add     r18, r18, #1
00002EB8  11 B8 88 00 00 00 00 00... store.b r23, (r17)
00002EC0  20 8F 88 00 01 00 00 00... add     r17, r17, #1
00002EC8  20 97 90 00 01 00 00 00... add     r18, r18, #1
00002ED0  01 BD 00 00 0D 00 00 00... move.l  r23, #0x0D
00002ED8  11 B8 88 00 00 00 00 00... store.b r23, (r17)
00002EE0  20 8F 88 00 01 00 00 00... add     r17, r17, #1
00002EE8  20 97 90 00 01 00 00 00... add     r18, r18, #1
00002EF0  01 BD 00 00 0A 00 00 00... move.l  r23, #0x0A
00002EF8  11 B8 88 00 00 00 00 00... store.b r23, (r17)
00002F00  20 8F 88 00 01 00 00 00... add     r17, r17, #1
00002F08  20 97 90 00 01 00 00 00... add     r18, r18, #1
00002F10  01 A6 88 00 00 00 00 00... move.q  r20, r17
00002F18  01 AE 90 00 00 00 00 00... move.q  r21, r18
                         .ddahd_skip:
00002F20  20 87 80 00 01 00 00 00... add     r16, r16, #1
00002F28  40 06 00 00 10 FD FF FF... bra     .ddahd_entry
                         .ddahd_done:
00002F30  53 16 00 00 00 00 00 00... pop     r2
00002F38  53 0E 00 00 00 00 00 00... pop     r1
00002F40  51 00 00 00 00 00 00 00... rts
                         .dos_dir_name_already_emitted:
00002F48  10 27 E8 00 A8 00 00 00... load.q  r4, 168(r29)
00002F50  01 2E 20 00 00 00 00 00... move.q  r5, r4
00002F58  01 36 20 00 00 00 00 00... move.q  r6, r4
00002F60  20 36 30 A8 00 00 00 00... add     r6, r6, r21
                         .ddname_stride_loop:
00002F68  01 3D 00 00 26 00 00 00... move.l  r7, #38
00002F70  20 46 28 38 00 00 00 00... add     r8, r5, r7
00002F78  45 06 40 30 68 01 00 00... bgt     r8, r6, .ddname_no_match
00002F80  01 4E 08 00 00 00 00 00... move.q  r9, r1
00002F88  01 56 28 00 00 00 00 00... move.q  r10, r5
                         .ddname_cmp_prefix:
00002F90  10 60 48 00 00 00 00 00... load.b  r12, (r9)
00002F98  41 06 60 00 80 00 00 00... beq r12, r0, .ddname_cmp_name_init
00002FA0  10 68 50 00 00 00 00 00... load.b  r13, (r10)
00002FA8  01 75 00 00 61 00 00 00... move.l  r14, #0x61
00002FB0  43 06 60 70 20 00 00 00... blt     r12, r14, .ddname_p_ok
00002FB8  01 75 00 00 7B 00 00 00... move.l  r14, #0x7B
00002FC0  44 06 60 70 10 00 00 00... bge     r12, r14, .ddname_p_ok
00002FC8  21 67 60 00 20 00 00 00... sub     r12, r12, #0x20
                         .ddname_p_ok:
00002FD0  01 75 00 00 61 00 00 00... move.l  r14, #0x61
00002FD8  43 06 68 70 20 00 00 00... blt     r13, r14, .ddname_s_ok
00002FE0  01 75 00 00 7B 00 00 00... move.l  r14, #0x7B
00002FE8  44 06 68 70 10 00 00 00... bge     r13, r14, .ddname_s_ok
00002FF0  21 6F 68 00 20 00 00 00... sub     r13, r13, #0x20
                         .ddname_s_ok:
00002FF8  42 06 60 68 D8 00 00 00... bne     r12, r13, .ddname_next_stride
00003000  20 4F 48 00 01 00 00 00... add     r9, r9, #1
00003008  20 57 50 00 01 00 00 00... add     r10, r10, #1
00003010  40 06 00 00 80 FF FF FF... bra     .ddname_cmp_prefix
                         .ddname_cmp_name_init:
00003018  01 4E 10 00 00 00 00 00... move.q  r9, r2
                         .ddname_cmp_name:
00003020  10 60 48 00 00 00 00 00... load.b  r12, (r9)
00003028  41 06 60 00 80 00 00 00... beq r12, r0, .ddname_cmp_terminator
00003030  10 68 50 00 00 00 00 00... load.b  r13, (r10)
00003038  01 75 00 00 61 00 00 00... move.l  r14, #0x61
00003040  43 06 60 70 20 00 00 00... blt     r12, r14, .ddname_pn_ok
00003048  01 75 00 00 7B 00 00 00... move.l  r14, #0x7B
00003050  44 06 60 70 10 00 00 00... bge     r12, r14, .ddname_pn_ok
00003058  21 67 60 00 20 00 00 00... sub     r12, r12, #0x20
                         .ddname_pn_ok:
00003060  01 75 00 00 61 00 00 00... move.l  r14, #0x61
00003068  43 06 68 70 20 00 00 00... blt     r13, r14, .ddname_sn_ok
00003070  01 75 00 00 7B 00 00 00... move.l  r14, #0x7B
00003078  44 06 68 70 10 00 00 00... bge     r13, r14, .ddname_sn_ok
00003080  21 6F 68 00 20 00 00 00... sub     r13, r13, #0x20
                         .ddname_sn_ok:
00003088  42 06 60 68 48 00 00 00... bne     r12, r13, .ddname_next_stride
00003090  20 4F 48 00 01 00 00 00... add     r9, r9, #1
00003098  20 57 50 00 01 00 00 00... add     r10, r10, #1
000030A0  40 06 00 00 80 FF FF FF... bra     .ddname_cmp_name
                         .ddname_cmp_terminator:
000030A8  10 68 50 00 00 00 00 00... load.b  r13, (r10)
000030B0  01 75 00 00 20 00 00 00... move.l  r14, #0x20
000030B8  42 06 68 70 18 00 00 00... bne     r13, r14, .ddname_next_stride
000030C0  01 1D 00 00 01 00 00 00... move.l  r3, #1
000030C8  51 00 00 00 00 00 00 00... rts
                         .ddname_next_stride:
000030D0  20 2F 28 00 26 00 00 00... add     r5, r5, #38
000030D8  40 06 00 00 90 FE FF FF... bra     .ddname_stride_loop
                         .ddname_no_match:
000030E0  01 1E 00 00 00 00 00 00... move.q  r3, r0
000030E8  51 00 00 00 00 00 00 00... rts
                         .dos_dir_append_hostfs_explicit_names:
000030F0  52 06 08 00 00 00 00 00... push    r1
000030F8  01 85 00 00 00 00 00 00... move.l  r16, #0
                         .ddahe_entry:
00003100  20 8F A8 00 26 00 00 00... add     r17, r21, #38
00003108  45 06 88 C0 D0 01 00 00... bgt     r17, r24, .ddahe_done
00003110  52 06 A0 00 00 00 00 00... push    r20
00003118  52 06 A8 00 00 00 00 00... push    r21
00003120  52 06 C0 00 00 00 00 00... push    r24
00003128  10 0F F8 00 18 00 00 00... load.q  r1, 24(sp)
00003130  01 16 80 00 00 00 00 00... move.q  r2, r16
00003138  50 06 00 00 B8 6B 00 00... jsr     .dos_bootfs_readdir
00003140  53 C6 00 00 00 00 00 00... pop     r24
00003148  53 AE 00 00 00 00 00 00... pop     r21
00003150  53 A6 00 00 00 00 00 00... pop     r20
00003158  42 06 18 00 80 01 00 00... bne r3, r0, .ddahe_done
00003160  01 8E A0 00 00 00 00 00... move.q  r17, r20
00003168  01 96 A8 00 00 00 00 00... move.q  r18, r21
00003170  01 9D 00 00 00 00 00 00... move.l  r19, #0
00003178  20 B7 08 00 08 00 00 00... add     r22, r1, #BOOT_HOSTFS_DIRENT_NAME_OFF
                         .ddahe_name_loop:
00003180  10 B8 B0 00 00 00 00 00... load.b  r23, (r22)
00003188  41 06 B8 00 48 00 00 00... beq r23, r0, .ddahe_pad
00003190  01 CD 00 00 20 00 00 00... move.l  r25, #32
00003198  44 06 98 C8 38 00 00 00... bge     r19, r25, .ddahe_pad
000031A0  11 B8 88 00 00 00 00 00... store.b r23, (r17)
000031A8  20 B7 B0 00 01 00 00 00... add     r22, r22, #1
000031B0  20 8F 88 00 01 00 00 00... add     r17, r17, #1
000031B8  20 97 90 00 01 00 00 00... add     r18, r18, #1
000031C0  20 9F 98 00 01 00 00 00... add     r19, r19, #1
000031C8  40 06 00 00 B8 FF FF FF... bra     .ddahe_name_loop
                         .ddahe_pad:
000031D0  01 CD 00 00 20 00 00 00... move.l  r25, #32
000031D8  44 06 98 C8 38 00 00 00... bge     r19, r25, .ddahe_size
000031E0  01 BD 00 00 20 00 00 00... move.l  r23, #0x20
000031E8  11 B8 88 00 00 00 00 00... store.b r23, (r17)
000031F0  20 8F 88 00 01 00 00 00... add     r17, r17, #1
000031F8  20 97 90 00 01 00 00 00... add     r18, r18, #1
00003200  20 9F 98 00 01 00 00 00... add     r19, r19, #1
00003208  40 06 00 00 C8 FF FF FF... bra     .ddahe_pad
                         .ddahe_size:
00003210  01 BD 00 00 30 00 00 00... move.l  r23, #0x30
00003218  11 B8 88 00 00 00 00 00... store.b r23, (r17)
00003220  20 8F 88 00 01 00 00 00... add     r17, r17, #1
00003228  20 97 90 00 01 00 00 00... add     r18, r18, #1
00003230  11 B8 88 00 00 00 00 00... store.b r23, (r17)
00003238  20 8F 88 00 01 00 00 00... add     r17, r17, #1
00003240  20 97 90 00 01 00 00 00... add     r18, r18, #1
00003248  11 B8 88 00 00 00 00 00... store.b r23, (r17)
00003250  20 8F 88 00 01 00 00 00... add     r17, r17, #1
00003258  20 97 90 00 01 00 00 00... add     r18, r18, #1
00003260  11 B8 88 00 00 00 00 00... store.b r23, (r17)
00003268  20 8F 88 00 01 00 00 00... add     r17, r17, #1
00003270  20 97 90 00 01 00 00 00... add     r18, r18, #1
00003278  01 BD 00 00 0D 00 00 00... move.l  r23, #0x0D
00003280  11 B8 88 00 00 00 00 00... store.b r23, (r17)
00003288  20 8F 88 00 01 00 00 00... add     r17, r17, #1
00003290  20 97 90 00 01 00 00 00... add     r18, r18, #1
00003298  01 BD 00 00 0A 00 00 00... move.l  r23, #0x0A
000032A0  11 B8 88 00 00 00 00 00... store.b r23, (r17)
000032A8  20 8F 88 00 01 00 00 00... add     r17, r17, #1
000032B0  20 97 90 00 01 00 00 00... add     r18, r18, #1
000032B8  01 A6 88 00 00 00 00 00... move.q  r20, r17
000032C0  01 AE 90 00 00 00 00 00... move.q  r21, r18
000032C8  20 87 80 00 01 00 00 00... add     r16, r16, #1
000032D0  40 06 00 00 30 FE FF FF... bra     .ddahe_entry
                         .ddahe_done:
000032D8  53 0E 00 00 00 00 00 00... pop     r1
000032E0  51 00 00 00 00 00 00 00... rts
                         .dos_dir_append_meta_explicit_prefix:
000032E8  52 06 08 00 00 00 00 00... push    r1
000032F0  52 06 10 00 00 00 00 00... push    r2
000032F8  10 CF E8 00 98 00 00 00... load.q  r25, 152(r29)
                         .ddame_page_loop:
00003300  41 06 C8 00 20 05 00 00... beq r25, r0, .ddame_done
00003308  01 B6 C8 00 00 00 00 00... move.q  r22, r25
00003310  20 B7 B0 00 10 00 00 00... add     r22, r22, #DOS_META_HDR_SZ
00003318  01 9D 00 00 00 00 00 00... move.l  r19, #0
                         .ddame_entry:
00003320  44 06 A8 C0 00 05 00 00... bge     r21, r24, .ddame_done
00003328  01 E5 00 00 55 00 00 00... move.l  r28, #DOS_META_PER_PAGE
00003330  44 06 98 E0 E0 04 00 00... bge     r19, r28, .ddame_next_page
00003338  01 76 B0 00 00 00 00 00... move.q  r14, r22
00003340  10 78 70 00 00 00 00 00... load.b  r15, (r14)
00003348  41 06 78 00 B0 04 00 00... beq r15, r0, .ddame_next
00003350  01 D6 98 00 00 00 00 00... move.q  r26, r19
00003358  52 06 A0 00 00 00 00 00... push    r20
00003360  52 06 A8 00 00 00 00 00... push    r21
00003368  52 06 B0 00 00 00 00 00... push    r22
00003370  52 06 C0 00 00 00 00 00... push    r24
00003378  52 06 C8 00 00 00 00 00... push    r25
00003380  01 0E 70 00 00 00 00 00... move.q  r1, r14
00003388  10 17 F8 00 30 00 00 00... load.q  r2, 48(sp)
00003390  50 06 00 00 00 4E 00 00... jsr     .dos_prefix_eq_ci
00003398  53 CE 00 00 00 00 00 00... pop     r25
000033A0  53 C6 00 00 00 00 00 00... pop     r24
000033A8  53 B6 00 00 00 00 00 00... pop     r22
000033B0  53 AE 00 00 00 00 00 00... pop     r21
000033B8  53 A6 00 00 00 00 00 00... pop     r20
000033C0  01 E6 B8 00 00 00 00 00... move.q  r28, r23
000033C8  01 9E D0 00 00 00 00 00... move.q  r19, r26
000033D0  42 06 E0 00 28 04 00 00... bne r28, r0, .ddame_next
000033D8  10 E6 F8 00 00 00 00 00... load.q  r28, (sp)
000033E0  20 86 70 E0 00 00 00 00... add     r16, r14, r28
000033E8  10 78 80 00 00 00 00 00... load.b  r15, (r16)
000033F0  41 06 78 00 08 04 00 00... beq r15, r0, .ddame_next
000033F8  01 8D 00 00 00 00 00 00... move.l  r17, #0
                         .ddame_cpname:
00003400  10 78 80 00 00 00 00 00... load.b  r15, (r16)
00003408  41 06 78 00 40 00 00 00... beq r15, r0, .ddame_pad
00003410  11 78 A0 00 00 00 00 00... store.b r15, (r20)
00003418  20 A7 A0 00 01 00 00 00... add     r20, r20, #1
00003420  20 AF A8 00 01 00 00 00... add     r21, r21, #1
00003428  20 87 80 00 01 00 00 00... add     r16, r16, #1
00003430  20 8F 88 00 01 00 00 00... add     r17, r17, #1
00003438  01 E5 00 00 20 00 00 00... move.l  r28, #32
00003440  43 06 88 E0 C0 FF FF FF... blt     r17, r28, .ddame_cpname
                         .ddame_pad:
00003448  01 E5 00 00 20 00 00 00... move.l  r28, #32
00003450  44 06 88 E0 38 00 00 00... bge     r17, r28, .ddame_size
00003458  01 7D 00 00 20 00 00 00... move.l  r15, #0x20
00003460  11 78 A0 00 00 00 00 00... store.b r15, (r20)
00003468  20 A7 A0 00 01 00 00 00... add     r20, r20, #1
00003470  20 AF A8 00 01 00 00 00... add     r21, r21, #1
00003478  20 8F 88 00 01 00 00 00... add     r17, r17, #1
00003480  40 06 00 00 C8 FF FF FF... bra     .ddame_pad
                         .ddame_size:
00003488  10 7D 70 00 28 00 00 00... load.l  r15, DOS_META_OFF_SIZE(r14)
00003490  01 95 00 00 00 00 00 00... move.l  r18, #0
00003498  01 E5 00 00 00 CA 9A 3B... move.l  r28, #1000000000
000034A0  24 86 78 E0 00 00 00 00... divu    r16, r15, r28
000034A8  22 8E 80 E0 00 00 00 00... mulu    r17, r16, r28
000034B0  21 7E 78 88 00 00 00 00... sub     r15, r15, r17
000034B8  41 06 90 00 10 00 00 00... beq r18, r0, .ddames_skip_1g_chk
000034C0  40 06 00 00 10 00 00 00... bra     .ddames_emit_1g
                         .ddames_skip_1g_chk:
000034C8  41 06 80 00 30 00 00 00... beq r16, r0, .ddames_skip_1g
                         .ddames_emit_1g:
000034D0  20 87 80 00 30 00 00 00... add     r16, r16, #0x30
000034D8  11 80 A0 00 00 00 00 00... store.b r16, (r20)
000034E0  20 A7 A0 00 01 00 00 00... add     r20, r20, #1
000034E8  20 AF A8 00 01 00 00 00... add     r21, r21, #1
000034F0  01 95 00 00 01 00 00 00... move.l  r18, #1
                         .ddames_skip_1g:
000034F8  01 E5 00 00 00 E1 F5 05... move.l  r28, #100000000
00003500  24 86 78 E0 00 00 00 00... divu    r16, r15, r28
00003508  22 8E 80 E0 00 00 00 00... mulu    r17, r16, r28
00003510  21 7E 78 88 00 00 00 00... sub     r15, r15, r17
00003518  41 06 90 00 10 00 00 00... beq r18, r0, .ddames_skip_100m_chk
00003520  40 06 00 00 10 00 00 00... bra     .ddames_emit_100m
                         .ddames_skip_100m_chk:
00003528  41 06 80 00 30 00 00 00... beq r16, r0, .ddames_skip_100m
                         .ddames_emit_100m:
00003530  20 87 80 00 30 00 00 00... add     r16, r16, #0x30
00003538  11 80 A0 00 00 00 00 00... store.b r16, (r20)
00003540  20 A7 A0 00 01 00 00 00... add     r20, r20, #1
00003548  20 AF A8 00 01 00 00 00... add     r21, r21, #1
00003550  01 95 00 00 01 00 00 00... move.l  r18, #1
                         .ddames_skip_100m:
00003558  01 E5 00 00 80 96 98 00... move.l  r28, #10000000
00003560  24 86 78 E0 00 00 00 00... divu    r16, r15, r28
00003568  22 8E 80 E0 00 00 00 00... mulu    r17, r16, r28
00003570  21 7E 78 88 00 00 00 00... sub     r15, r15, r17
00003578  41 06 90 00 10 00 00 00... beq r18, r0, .ddames_skip_10m_chk
00003580  40 06 00 00 10 00 00 00... bra     .ddames_emit_10m
                         .ddames_skip_10m_chk:
00003588  41 06 80 00 30 00 00 00... beq r16, r0, .ddames_skip_10m
                         .ddames_emit_10m:
00003590  20 87 80 00 30 00 00 00... add     r16, r16, #0x30
00003598  11 80 A0 00 00 00 00 00... store.b r16, (r20)
000035A0  20 A7 A0 00 01 00 00 00... add     r20, r20, #1
000035A8  20 AF A8 00 01 00 00 00... add     r21, r21, #1
000035B0  01 95 00 00 01 00 00 00... move.l  r18, #1
                         .ddames_skip_10m:
000035B8  01 E5 00 00 40 42 0F 00... move.l  r28, #1000000
000035C0  24 86 78 E0 00 00 00 00... divu    r16, r15, r28
000035C8  22 8E 80 E0 00 00 00 00... mulu    r17, r16, r28
000035D0  21 7E 78 88 00 00 00 00... sub     r15, r15, r17
000035D8  41 06 90 00 10 00 00 00... beq r18, r0, .ddames_skip_1m_chk
000035E0  40 06 00 00 10 00 00 00... bra     .ddames_emit_1m
                         .ddames_skip_1m_chk:
000035E8  41 06 80 00 30 00 00 00... beq r16, r0, .ddames_skip_1m
                         .ddames_emit_1m:
000035F0  20 87 80 00 30 00 00 00... add     r16, r16, #0x30
000035F8  11 80 A0 00 00 00 00 00... store.b r16, (r20)
00003600  20 A7 A0 00 01 00 00 00... add     r20, r20, #1
00003608  20 AF A8 00 01 00 00 00... add     r21, r21, #1
00003610  01 95 00 00 01 00 00 00... move.l  r18, #1
                         .ddames_skip_1m:
00003618  01 E5 00 00 A0 86 01 00... move.l  r28, #100000
00003620  24 86 78 E0 00 00 00 00... divu    r16, r15, r28
00003628  22 8E 80 E0 00 00 00 00... mulu    r17, r16, r28
00003630  21 7E 78 88 00 00 00 00... sub     r15, r15, r17
00003638  41 06 90 00 10 00 00 00... beq r18, r0, .ddames_skip_100k_chk
00003640  40 06 00 00 10 00 00 00... bra     .ddames_emit_100k
                         .ddames_skip_100k_chk:
00003648  41 06 80 00 30 00 00 00... beq r16, r0, .ddames_skip_100k
                         .ddames_emit_100k:
00003650  20 87 80 00 30 00 00 00... add     r16, r16, #0x30
00003658  11 80 A0 00 00 00 00 00... store.b r16, (r20)
00003660  20 A7 A0 00 01 00 00 00... add     r20, r20, #1
00003668  20 AF A8 00 01 00 00 00... add     r21, r21, #1
00003670  01 95 00 00 01 00 00 00... move.l  r18, #1
                         .ddames_skip_100k:
00003678  01 E5 00 00 10 27 00 00... move.l  r28, #10000
00003680  24 86 78 E0 00 00 00 00... divu    r16, r15, r28
00003688  22 8E 80 E0 00 00 00 00... mulu    r17, r16, r28
00003690  21 7E 78 88 00 00 00 00... sub     r15, r15, r17
00003698  41 06 90 00 10 00 00 00... beq r18, r0, .ddames_skip_10k_chk
000036A0  40 06 00 00 10 00 00 00... bra     .ddames_emit_10k
                         .ddames_skip_10k_chk:
000036A8  41 06 80 00 30 00 00 00... beq r16, r0, .ddames_skip_10k
                         .ddames_emit_10k:
000036B0  20 87 80 00 30 00 00 00... add     r16, r16, #0x30
000036B8  11 80 A0 00 00 00 00 00... store.b r16, (r20)
000036C0  20 A7 A0 00 01 00 00 00... add     r20, r20, #1
000036C8  20 AF A8 00 01 00 00 00... add     r21, r21, #1
000036D0  01 95 00 00 01 00 00 00... move.l  r18, #1
                         .ddames_skip_10k:
000036D8  01 E5 00 00 E8 03 00 00... move.l  r28, #1000
000036E0  24 86 78 E0 00 00 00 00... divu    r16, r15, r28
000036E8  22 8E 80 E0 00 00 00 00... mulu    r17, r16, r28
000036F0  21 7E 78 88 00 00 00 00... sub     r15, r15, r17
000036F8  20 87 80 00 30 00 00 00... add     r16, r16, #0x30
00003700  11 80 A0 00 00 00 00 00... store.b r16, (r20)
00003708  20 A7 A0 00 01 00 00 00... add     r20, r20, #1
00003710  20 AF A8 00 01 00 00 00... add     r21, r21, #1
00003718  01 E5 00 00 64 00 00 00... move.l  r28, #100
00003720  24 86 78 E0 00 00 00 00... divu    r16, r15, r28
00003728  22 8E 80 E0 00 00 00 00... mulu    r17, r16, r28
00003730  21 7E 78 88 00 00 00 00... sub     r15, r15, r17
00003738  20 87 80 00 30 00 00 00... add     r16, r16, #0x30
00003740  11 80 A0 00 00 00 00 00... store.b r16, (r20)
00003748  20 A7 A0 00 01 00 00 00... add     r20, r20, #1
00003750  20 AF A8 00 01 00 00 00... add     r21, r21, #1
00003758  01 E5 00 00 0A 00 00 00... move.l  r28, #10
00003760  24 86 78 E0 00 00 00 00... divu    r16, r15, r28
00003768  22 8E 80 E0 00 00 00 00... mulu    r17, r16, r28
00003770  21 7E 78 88 00 00 00 00... sub     r15, r15, r17
00003778  20 87 80 00 30 00 00 00... add     r16, r16, #0x30
00003780  11 80 A0 00 00 00 00 00... store.b r16, (r20)
00003788  20 A7 A0 00 01 00 00 00... add     r20, r20, #1
00003790  20 AF A8 00 01 00 00 00... add     r21, r21, #1
00003798  20 7F 78 00 30 00 00 00... add     r15, r15, #0x30
000037A0  11 78 A0 00 00 00 00 00... store.b r15, (r20)
000037A8  20 A7 A0 00 01 00 00 00... add     r20, r20, #1
000037B0  20 AF A8 00 01 00 00 00... add     r21, r21, #1
000037B8  01 7D 00 00 0D 00 00 00... move.l  r15, #0x0D
000037C0  11 78 A0 00 00 00 00 00... store.b r15, (r20)
000037C8  20 A7 A0 00 01 00 00 00... add     r20, r20, #1
000037D0  20 AF A8 00 01 00 00 00... add     r21, r21, #1
000037D8  01 7D 00 00 0A 00 00 00... move.l  r15, #0x0A
000037E0  11 78 A0 00 00 00 00 00... store.b r15, (r20)
000037E8  20 A7 A0 00 01 00 00 00... add     r20, r20, #1
000037F0  20 AF A8 00 01 00 00 00... add     r21, r21, #1
                         .ddame_next:
000037F8  20 B7 B0 00 30 00 00 00... add     r22, r22, #DOS_META_ENTRY_SZ
00003800  20 9F 98 00 01 00 00 00... add     r19, r19, #1
00003808  40 06 00 00 18 FB FF FF... bra     .ddame_entry
                         .ddame_next_page:
00003810  10 CE C8 00 00 00 00 00... load.q  r25, (r25)
00003818  40 06 00 00 E8 FA FF FF... bra     .ddame_page_loop
                         .ddame_done:
00003820  53 16 00 00 00 00 00 00... pop     r2
00003828  53 0E 00 00 00 00 00 00... pop     r1
00003830  51 00 00 00 00 00 00 00... rts
                         .dos_dir_append_hostfs_explicit_dir:
00003838  52 06 08 00 00 00 00 00... push    r1
00003840  52 06 10 00 00 00 00 00... push    r2
00003848  01 85 00 00 00 00 00 00... move.l  r16, #0
                         .ddahed_entry:
00003850  20 8F A8 00 26 00 00 00... add     r17, r21, #38
00003858  45 06 88 C0 70 02 00 00... bgt     r17, r24, .ddahed_done
00003860  52 06 A0 00 00 00 00 00... push    r20
00003868  52 06 A8 00 00 00 00 00... push    r21
00003870  52 06 C0 00 00 00 00 00... push    r24
00003878  10 0F F8 00 18 00 00 00... load.q  r1, 24(sp)
00003880  01 16 80 00 00 00 00 00... move.q  r2, r16
00003888  50 06 00 00 68 64 00 00... jsr     .dos_bootfs_readdir
00003890  53 C6 00 00 00 00 00 00... pop     r24
00003898  53 AE 00 00 00 00 00 00... pop     r21
000038A0  53 A6 00 00 00 00 00 00... pop     r20
000038A8  42 06 18 00 20 02 00 00... bne r3, r0, .ddahed_done
000038B0  52 06 08 00 00 00 00 00... push    r1
000038B8  20 B7 E8 00 E8 03 00 00... add     r22, r29, #1000
000038C0  10 77 F8 00 08 00 00 00... load.q  r14, 8(sp)
                         .ddahed_full_prefix:
000038C8  10 B8 70 00 00 00 00 00... load.b  r23, (r14)
000038D0  11 B8 B0 00 00 00 00 00... store.b r23, (r22)
000038D8  41 06 B8 00 20 00 00 00... beq r23, r0, .ddahed_fix_name
000038E0  20 77 70 00 01 00 00 00... add     r14, r14, #1
000038E8  20 B7 B0 00 01 00 00 00... add     r22, r22, #1
000038F0  40 06 00 00 D8 FF FF FF... bra     .ddahed_full_prefix
                         .ddahed_fix_name:
000038F8  20 C7 08 00 08 00 00 00... add     r24, r1, #BOOT_HOSTFS_DIRENT_NAME_OFF
                         .ddahed_full_name:
00003900  10 B8 C0 00 00 00 00 00... load.b  r23, (r24)
00003908  11 B8 B0 00 00 00 00 00... store.b r23, (r22)
00003910  41 06 B8 00 20 00 00 00... beq r23, r0, .ddahed_lookup
00003918  20 C7 C0 00 01 00 00 00... add     r24, r24, #1
00003920  20 B7 B0 00 01 00 00 00... add     r22, r22, #1
00003928  40 06 00 00 D8 FF FF FF... bra     .ddahed_full_name
                         .ddahed_lookup:
00003930  20 0F E8 00 E8 03 00 00... add     r1, r29, #1000
00003938  50 06 00 00 50 85 00 00... jsr     .dos_meta_find_by_name
00003940  53 C6 00 00 00 00 00 00... pop     r24
00003948  42 06 08 00 70 01 00 00... bne r1, r0, .ddahed_skip
00003950  01 8E A0 00 00 00 00 00... move.q  r17, r20
00003958  01 96 A8 00 00 00 00 00... move.q  r18, r21
00003960  01 9D 00 00 00 00 00 00... move.l  r19, #0
00003968  20 B7 C0 00 08 00 00 00... add     r22, r24, #BOOT_HOSTFS_DIRENT_NAME_OFF
                         .ddahed_name_loop:
00003970  10 B8 B0 00 00 00 00 00... load.b  r23, (r22)
00003978  41 06 B8 00 48 00 00 00... beq r23, r0, .ddahed_pad
00003980  01 CD 00 00 20 00 00 00... move.l  r25, #32
00003988  44 06 98 C8 38 00 00 00... bge     r19, r25, .ddahed_pad
00003990  11 B8 88 00 00 00 00 00... store.b r23, (r17)
00003998  20 B7 B0 00 01 00 00 00... add     r22, r22, #1
000039A0  20 8F 88 00 01 00 00 00... add     r17, r17, #1
000039A8  20 97 90 00 01 00 00 00... add     r18, r18, #1
000039B0  20 9F 98 00 01 00 00 00... add     r19, r19, #1
000039B8  40 06 00 00 B8 FF FF FF... bra     .ddahed_name_loop
                         .ddahed_pad:
000039C0  01 CD 00 00 20 00 00 00... move.l  r25, #32
000039C8  44 06 98 C8 38 00 00 00... bge     r19, r25, .ddahed_size
000039D0  01 BD 00 00 20 00 00 00... move.l  r23, #0x20
000039D8  11 B8 88 00 00 00 00 00... store.b r23, (r17)
000039E0  20 8F 88 00 01 00 00 00... add     r17, r17, #1
000039E8  20 97 90 00 01 00 00 00... add     r18, r18, #1
000039F0  20 9F 98 00 01 00 00 00... add     r19, r19, #1
000039F8  40 06 00 00 C8 FF FF FF... bra     .ddahed_pad
                         .ddahed_size:
00003A00  01 BD 00 00 30 00 00 00... move.l  r23, #0x30
00003A08  11 B8 88 00 00 00 00 00... store.b r23, (r17)
00003A10  20 8F 88 00 01 00 00 00... add     r17, r17, #1
00003A18  20 97 90 00 01 00 00 00... add     r18, r18, #1
00003A20  11 B8 88 00 00 00 00 00... store.b r23, (r17)
00003A28  20 8F 88 00 01 00 00 00... add     r17, r17, #1
00003A30  20 97 90 00 01 00 00 00... add     r18, r18, #1
00003A38  11 B8 88 00 00 00 00 00... store.b r23, (r17)
00003A40  20 8F 88 00 01 00 00 00... add     r17, r17, #1
00003A48  20 97 90 00 01 00 00 00... add     r18, r18, #1
00003A50  11 B8 88 00 00 00 00 00... store.b r23, (r17)
00003A58  20 8F 88 00 01 00 00 00... add     r17, r17, #1
00003A60  20 97 90 00 01 00 00 00... add     r18, r18, #1
00003A68  01 BD 00 00 0D 00 00 00... move.l  r23, #0x0D
00003A70  11 B8 88 00 00 00 00 00... store.b r23, (r17)
00003A78  20 8F 88 00 01 00 00 00... add     r17, r17, #1
00003A80  20 97 90 00 01 00 00 00... add     r18, r18, #1
00003A88  01 BD 00 00 0A 00 00 00... move.l  r23, #0x0A
00003A90  11 B8 88 00 00 00 00 00... store.b r23, (r17)
00003A98  20 8F 88 00 01 00 00 00... add     r17, r17, #1
00003AA0  20 97 90 00 01 00 00 00... add     r18, r18, #1
00003AA8  01 A6 88 00 00 00 00 00... move.q  r20, r17
00003AB0  01 AE 90 00 00 00 00 00... move.q  r21, r18
                         .ddahed_skip:
00003AB8  20 87 80 00 01 00 00 00... add     r16, r16, #1
00003AC0  40 06 00 00 90 FD FF FF... bra     .ddahed_entry
                         .ddahed_done:
00003AC8  53 16 00 00 00 00 00 00... pop     r2
00003AD0  53 0E 00 00 00 00 00 00... pop     r1
00003AD8  51 00 00 00 00 00 00 00... rts
                         .dos_dir_hostfs_name_is_seeded:
00003AE0  01 A6 08 00 00 00 00 00... move.q  r20, r1
00003AE8  01 AE 10 00 00 00 00 00... move.q  r21, r2
00003AF0  20 B7 E8 00 E8 03 00 00... add     r22, r29, #1000
                         .ddhnis_prefix:
00003AF8  10 B8 A0 00 00 00 00 00... load.b  r23, (r20)
00003B00  11 B8 B0 00 00 00 00 00... store.b r23, (r22)
00003B08  41 06 B8 00 20 00 00 00... beq r23, r0, .ddhnis_fix
00003B10  20 A7 A0 00 01 00 00 00... add     r20, r20, #1
00003B18  20 B7 B0 00 01 00 00 00... add     r22, r22, #1
00003B20  40 06 00 00 D8 FF FF FF... bra     .ddhnis_prefix
                         .ddhnis_fix:
00003B28  20 AF A8 00 08 00 00 00... add     r21, r21, #BOOT_HOSTFS_DIRENT_NAME_OFF
                         .ddhnis_name:
00003B30  10 B8 A8 00 00 00 00 00... load.b  r23, (r21)
00003B38  11 B8 B0 00 00 00 00 00... store.b r23, (r22)
00003B40  41 06 B8 00 20 00 00 00... beq r23, r0, .ddhnis_lookup
00003B48  20 AF A8 00 01 00 00 00... add     r21, r21, #1
00003B50  20 B7 B0 00 01 00 00 00... add     r22, r22, #1
00003B58  40 06 00 00 D8 FF FF FF... bra     .ddhnis_name
                         .ddhnis_lookup:
00003B60  20 0F E8 00 E8 03 00 00... add     r1, r29, #1000
00003B68  50 06 00 00 20 83 00 00... jsr     .dos_meta_find_by_name
00003B70  01 1D 00 00 01 00 00 00... move.l  r3, #1
00003B78  42 06 08 00 10 00 00 00... bne r1, r0, .ddhnis_done
00003B80  01 1D 00 00 00 00 00 00... move.l  r3, #0
                         .ddhnis_done:
00003B88  51 00 00 00 00 00 00 00... rts
                         .dos_do_open:
00003B90  11 07 E8 00 88 02 00 00... store.q r0, 648(r29)
                         .dos_do_open_retry:
00003B98  10 A7 E8 00 C0 03 00 00... load.q  r20, 960(r29)
00003BA0  10 BF E8 00 A8 00 00 00... load.q  r23, 168(r29)
00003BA8  11 07 E8 00 58 03 00 00... store.q r0, 856(r29)
00003BB0  10 E7 E8 00 88 02 00 00... load.q  r28, 648(r29)
00003BB8  11 E7 E8 00 70 03 00 00... store.q r28, 880(r29)
00003BC0  50 06 00 00 08 40 00 00... jsr     .dos_resolve_file
00003BC8  10 EE F8 00 00 00 00 00... load.q  r29, (sp)
00003BD0  41 06 B0 00 48 81 00 00... beq r22, r0, .dos_reply_err
00003BD8  10 A7 E8 00 C0 03 00 00... load.q  r20, 960(r29)
00003BE0  11 BF E8 00 50 01 00 00... store.q r23, 336(r29)
00003BE8  41 06 A0 00 40 00 00 00... beq r20, r0, .dos_do_open_post_write_filter
00003BF0  10 0F E8 00 50 01 00 00... load.q  r1, 336(r29)
00003BF8  50 06 00 00 00 3D 00 00... jsr     .dos_resolved_is_iossys
00003C00  41 06 18 00 28 00 00 00... beq r3, r0, .dos_do_open_post_write_filter
00003C08  10 E7 E8 00 88 02 00 00... load.q  r28, 648(r29)
00003C10  20 E7 E0 00 01 00 00 00... add     r28, r28, #1
00003C18  11 E7 E8 00 88 02 00 00... store.q r28, 648(r29)
00003C20  40 06 00 00 78 FF FF FF... bra     .dos_do_open_retry
                         .dos_do_open_post_write_filter:
00003C28  10 BF E8 00 50 01 00 00... load.q  r23, 336(r29)
00003C30  01 0E B8 00 00 00 00 00... move.q  r1, r23
00003C38  10 17 E8 00 C0 03 00 00... load.q  r2, 960(r29)
00003C40  50 06 00 00 98 5C 00 00... jsr     .dos_hostfs_layered_relpath_for_resolved_name
00003C48  41 06 18 00 F8 03 00 00... beq r3, r0, .dos_open_meta_lookup
00003C50  10 A7 E8 00 C0 03 00 00... load.q  r20, 960(r29)
00003C58  01 C6 08 00 00 00 00 00... move.q  r24, r1
00003C60  41 06 A0 00 10 00 00 00... beq r20, r0, .dos_open_hostfs_try
00003C68  40 06 00 00 F0 02 00 00... bra     .dos_open_hostfs_write_try
                         .dos_open_hostfs_try:
00003C70  11 C7 E8 00 60 02 00 00... store.q r24, 608(r29)
00003C78  01 0E C0 00 00 00 00 00... move.q  r1, r24
00003C80  50 06 00 00 08 5D 00 00... jsr     .dos_bootfs_stat
00003C88  41 06 18 00 20 00 00 00... beq r3, r0, .dos_open_hostfs_stat_ok
00003C90  01 E5 00 00 04 00 00 00... move.l  r28, #ERR_NOTFOUND
00003C98  41 06 18 E0 A8 03 00 00... beq     r3, r28, .dos_open_meta_lookup
00003CA0  40 06 00 00 78 80 00 00... bra     .dos_reply_err
                         .dos_open_hostfs_stat_ok:
00003CA8  01 E6 10 00 00 00 00 00... move.q  r28, r2
00003CB0  30 E7 E0 00 FF FF FF FF... and     r28, r28, #0xFFFFFFFF
00003CB8  01 7E 00 00 00 00 00 00... move.q  r15, r0
00003CC0  20 7F 78 00 01 00 00 00... add     r15, r15, #BOOT_HOSTFS_KIND_FILE
00003CC8  42 06 E0 78 50 80 00 00... bne     r28, r15, .dos_reply_err
00003CD0  01 CE 08 00 00 00 00 00... move.q  r25, r1
00003CD8  11 CF E8 00 78 02 00 00... store.q r25, 632(r29)
00003CE0  10 C7 E8 00 60 02 00 00... load.q  r24, 608(r29)
00003CE8  01 0E C0 00 00 00 00 00... move.q  r1, r24
00003CF0  50 06 00 00 30 5D 00 00... jsr     .dos_bootfs_open
00003CF8  42 06 10 00 20 80 00 00... bne r2, r0, .dos_reply_err
00003D00  01 C6 08 00 00 00 00 00... move.q  r24, r1
00003D08  11 C7 E8 00 68 02 00 00... store.q r24, 616(r29)
00003D10  10 CF E8 00 78 02 00 00... load.q  r25, 632(r29)
00003D18  41 06 C8 00 A0 00 00 00... beq r25, r0, .dos_open_hostfs_buf_ready
00003D20  52 06 E8 00 00 00 00 00... push    r29
00003D28  01 0E C8 00 00 00 00 00... move.q  r1, r25
00003D30  01 15 00 00 00 00 01 00... move.l  r2, #MEMF_CLEAR
00003D38  EB 01 00 00 01 00 00 00... syscall #SYS_ALLOC_MEM
00003D40  53 EE 00 00 00 00 00 00... pop     r29
00003D48  42 06 10 00 F0 00 00 00... bne r2, r0, .dos_open_hostfs_nomem_close
00003D50  11 0F E8 00 70 02 00 00... store.q r1, 624(r29)
00003D58  10 C7 E8 00 68 02 00 00... load.q  r24, 616(r29)
00003D60  01 0E C0 00 00 00 00 00... move.q  r1, r24
00003D68  10 17 E8 00 70 02 00 00... load.q  r2, 624(r29)
00003D70  01 1E C8 00 00 00 00 00... move.q  r3, r25
00003D78  50 06 00 00 08 5E 00 00... jsr     .dos_bootfs_read_all
00003D80  01 D6 10 00 00 00 00 00... move.q  r26, r2
00003D88  10 C7 E8 00 68 02 00 00... load.q  r24, 616(r29)
00003D90  01 0E C0 00 00 00 00 00... move.q  r1, r24
00003D98  50 06 00 00 08 5F 00 00... jsr     .dos_bootfs_close
00003DA0  42 06 D0 00 F8 00 00 00... bne r26, r0, .dos_open_hostfs_free_tmp_err
00003DA8  10 CF E8 00 78 02 00 00... load.q  r25, 632(r29)
00003DB0  40 06 00 00 20 00 00 00... bra     .dos_open_hostfs_buf_have
                         .dos_open_hostfs_buf_ready:
00003DB8  01 0E C0 00 00 00 00 00... move.q  r1, r24
00003DC0  50 06 00 00 E0 5E 00 00... jsr     .dos_bootfs_close
00003DC8  11 07 E8 00 70 02 00 00... store.q r0, 624(r29)
                         .dos_open_hostfs_buf_have:
00003DD0  10 CF E8 00 78 02 00 00... load.q  r25, 632(r29)
00003DD8  01 0E C8 00 00 00 00 00... move.q  r1, r25
00003DE0  10 17 E8 00 70 02 00 00... load.q  r2, 624(r29)
00003DE8  50 06 00 00 A8 5F 00 00... jsr     .dos_hostrec_alloc
00003DF0  41 06 10 00 E8 00 00 00... beq r2, r0, .dos_open_hostfs_hnd
00003DF8  10 C7 E8 00 70 02 00 00... load.q  r24, 624(r29)
00003E00  41 06 C0 00 58 7E 00 00... beq r24, r0, .dos_reply_full
00003E08  52 06 E8 00 00 00 00 00... push    r29
00003E10  01 0E C0 00 00 00 00 00... move.q  r1, r24
00003E18  01 16 C8 00 00 00 00 00... move.q  r2, r25
00003E20  EB 01 00 00 02 00 00 00... syscall #SYS_FREE_MEM
00003E28  53 EE 00 00 00 00 00 00... pop     r29
00003E30  40 06 00 00 28 7E 00 00... bra     .dos_reply_full
                         .dos_open_hostfs_nomem_close:
00003E38  10 C7 E8 00 68 02 00 00... load.q  r24, 616(r29)
00003E40  01 0E C0 00 00 00 00 00... move.q  r1, r24
00003E48  50 06 00 00 58 5E 00 00... jsr     .dos_bootfs_close
00003E50  40 06 00 00 08 7E 00 00... bra     .dos_reply_full
                         .dos_open_hostfs_free_tmp:
00003E58  10 C7 E8 00 70 02 00 00... load.q  r24, 624(r29)
00003E60  41 06 C0 00 E0 01 00 00... beq r24, r0, .dos_open_meta_lookup
00003E68  52 06 E8 00 00 00 00 00... push    r29
00003E70  01 0E C0 00 00 00 00 00... move.q  r1, r24
00003E78  10 17 E8 00 78 02 00 00... load.q  r2, 632(r29)
00003E80  EB 01 00 00 02 00 00 00... syscall #SYS_FREE_MEM
00003E88  53 EE 00 00 00 00 00 00... pop     r29
00003E90  40 06 00 00 B0 01 00 00... bra     .dos_open_meta_lookup
                         .dos_open_hostfs_free_tmp_err:
00003E98  10 C7 E8 00 70 02 00 00... load.q  r24, 624(r29)
00003EA0  41 06 C0 00 78 7E 00 00... beq r24, r0, .dos_reply_err
00003EA8  52 06 E8 00 00 00 00 00... push    r29
00003EB0  01 0E C0 00 00 00 00 00... move.q  r1, r24
00003EB8  10 17 E8 00 78 02 00 00... load.q  r2, 632(r29)
00003EC0  EB 01 00 00 02 00 00 00... syscall #SYS_FREE_MEM
00003EC8  53 EE 00 00 00 00 00 00... pop     r29
00003ED0  40 06 00 00 48 7E 00 00... bra     .dos_reply_err
                         .dos_open_hostfs_hnd:
00003ED8  01 CE 08 00 00 00 00 00... move.q  r25, r1
00003EE0  50 06 00 00 F8 80 00 00... jsr     .dos_hnd_alloc
00003EE8  41 06 10 00 20 00 00 00... beq r2, r0, .dos_open_hostfs_reply
00003EF0  01 0E C8 00 00 00 00 00... move.q  r1, r25
00003EF8  50 06 00 00 48 5F 00 00... jsr     .dos_hostrec_free
00003F00  40 06 00 00 58 7D 00 00... bra     .dos_reply_full
                         .dos_open_hostfs_reply:
00003F08  01 96 08 00 00 00 00 00... move.q  r18, r1
00003F10  10 EE F8 00 00 00 00 00... load.q  r29, (sp)
00003F18  10 0F E8 00 B0 03 00 00... load.q  r1, 944(r29)
00003F20  01 15 00 00 00 00 00 00... move.l  r2, #DOS_OK
00003F28  01 1E 90 00 00 00 00 00... move.q  r3, r18
00003F30  01 26 00 00 00 00 00 00... move.q  r4, r0
00003F38  01 2E 00 00 00 00 00 00... move.q  r5, r0
00003F40  EB 01 00 00 14 00 00 00... syscall #SYS_REPLY_MSG
00003F48  10 EE F8 00 00 00 00 00... load.q  r29, (sp)
00003F50  40 06 00 00 B8 DD FF FF... bra     .dos_main_loop
                         .dos_open_hostfs_write_try:
00003F58  11 C7 E8 00 60 02 00 00... store.q r24, 608(r29)
00003F60  01 0E C0 00 00 00 00 00... move.q  r1, r24
00003F68  50 06 00 00 08 5B 00 00... jsr     .dos_bootfs_create_write
00003F70  42 06 10 00 A8 7D 00 00... bne r2, r0, .dos_reply_err
00003F78  01 C6 08 00 00 00 00 00... move.q  r24, r1
00003F80  11 C7 E8 00 68 02 00 00... store.q r24, 616(r29)
00003F88  01 0E C0 00 00 00 00 00... move.q  r1, r24
00003F90  50 06 00 00 50 5F 00 00... jsr     .dos_hostrec_write_alloc
00003F98  42 06 10 00 88 00 00 00... bne r2, r0, .dos_open_hostfs_write_no_rec
00003FA0  01 CE 08 00 00 00 00 00... move.q  r25, r1
00003FA8  50 06 00 00 30 80 00 00... jsr     .dos_hnd_alloc
00003FB0  42 06 10 00 58 00 00 00... bne r2, r0, .dos_open_hostfs_write_no_hnd
00003FB8  01 96 08 00 00 00 00 00... move.q  r18, r1
00003FC0  10 EE F8 00 00 00 00 00... load.q  r29, (sp)
00003FC8  10 0F E8 00 B0 03 00 00... load.q  r1, 944(r29)
00003FD0  01 15 00 00 00 00 00 00... move.l  r2, #DOS_OK
00003FD8  01 1E 90 00 00 00 00 00... move.q  r3, r18
00003FE0  01 26 00 00 00 00 00 00... move.q  r4, r0
00003FE8  01 2E 00 00 00 00 00 00... move.q  r5, r0
00003FF0  EB 01 00 00 14 00 00 00... syscall #SYS_REPLY_MSG
00003FF8  10 EE F8 00 00 00 00 00... load.q  r29, (sp)
00004000  40 06 00 00 08 DD FF FF... bra     .dos_main_loop
                         .dos_open_hostfs_write_no_hnd:
00004008  01 0E C8 00 00 00 00 00... move.q  r1, r25
00004010  50 06 00 00 68 5F 00 00... jsr     .dos_hostrec_write_free
00004018  40 06 00 00 40 7C 00 00... bra     .dos_reply_full
                         .dos_open_hostfs_write_no_rec:
00004020  10 C7 E8 00 68 02 00 00... load.q  r24, 616(r29)
00004028  01 0E C0 00 00 00 00 00... move.q  r1, r24
00004030  50 06 00 00 70 5C 00 00... jsr     .dos_bootfs_close
00004038  40 06 00 00 20 7C 00 00... bra     .dos_reply_full
                         .dos_open_meta_lookup:
00004040  10 BF E8 00 50 01 00 00... load.q  r23, 336(r29)
00004048  10 A7 E8 00 C0 03 00 00... load.q  r20, 960(r29)
00004050  01 0E B8 00 00 00 00 00... move.q  r1, r23
00004058  50 06 00 00 30 7E 00 00... jsr     .dos_meta_find_by_name
00004060  10 EE F8 00 00 00 00 00... load.q  r29, (sp)
00004068  10 BF E8 00 50 01 00 00... load.q  r23, 336(r29)
00004070  10 A7 E8 00 C0 03 00 00... load.q  r20, 960(r29)
00004078  42 06 08 00 D0 00 00 00... bne r1, r0, .dos_open_have_entry
00004080  42 06 A0 00 28 00 00 00... bne r20, r0, .dos_open_create
00004088  10 E7 E8 00 88 02 00 00... load.q  r28, 648(r29)
00004090  20 E7 E0 00 01 00 00 00... add     r28, r28, #1
00004098  11 E7 E8 00 88 02 00 00... store.q r28, 648(r29)
000040A0  40 06 00 00 F8 FA FF FF... bra     .dos_do_open_retry
                         .dos_open_create:
000040A8  50 06 00 00 B0 7C 00 00... jsr     .dos_meta_alloc_entry
000040B0  42 06 10 00 A8 7B 00 00... bne r2, r0, .dos_reply_full
000040B8  10 BF E8 00 50 01 00 00... load.q  r23, 336(r29)
000040C0  01 CE 08 00 00 00 00 00... move.q  r25, r1
000040C8  11 07 C8 00 20 00 00 00... store.q r0, DOS_META_OFF_VA(r25)
000040D0  01 86 B8 00 00 00 00 00... move.q  r16, r23
000040D8  01 8E C8 00 00 00 00 00... move.q  r17, r25
000040E0  01 95 00 00 00 00 00 00... move.l  r18, #0
                         .dos_cpy_fname:
000040E8  10 78 80 00 00 00 00 00... load.b  r15, (r16)
000040F0  11 78 88 00 00 00 00 00... store.b r15, (r17)
000040F8  41 06 78 00 38 00 00 00... beq r15, r0, .dos_cpy_fname_done
00004100  20 87 80 00 01 00 00 00... add     r16, r16, #1
00004108  20 8F 88 00 01 00 00 00... add     r17, r17, #1
00004110  20 97 90 00 01 00 00 00... add     r18, r18, #1
00004118  01 E5 00 00 1F 00 00 00... move.l  r28, #31
00004120  43 06 90 E0 C8 FF FF FF... blt     r18, r28, .dos_cpy_fname
00004128  11 00 88 00 00 00 00 00... store.b r0, (r17)
                         .dos_cpy_fname_done:
00004130  11 05 C8 00 28 00 00 00... store.l r0, DOS_META_OFF_SIZE(r25)
00004138  01 0E C8 00 00 00 00 00... move.q  r1, r25
00004140  40 06 00 00 08 00 00 00... bra     .dos_open_have_entry
                         .dos_open_have_entry:
00004148  50 06 00 00 90 7E 00 00... jsr     .dos_hnd_alloc
00004150  42 06 10 00 08 7B 00 00... bne r2, r0, .dos_reply_full
00004158  01 96 08 00 00 00 00 00... move.q  r18, r1
00004160  10 EE F8 00 00 00 00 00... load.q  r29, (sp)
00004168  10 0F E8 00 B0 03 00 00... load.q  r1, 944(r29)
00004170  01 15 00 00 00 00 00 00... move.l  r2, #DOS_OK
00004178  01 1E 90 00 00 00 00 00... move.q  r3, r18
00004180  01 26 00 00 00 00 00 00... move.q  r4, r0
00004188  01 2E 00 00 00 00 00 00... move.q  r5, r0
00004190  EB 01 00 00 14 00 00 00... syscall #SYS_REPLY_MSG
00004198  10 EE F8 00 00 00 00 00... load.q  r29, (sp)
000041A0  40 06 00 00 68 DB FF FF... bra     .dos_main_loop
                         .dos_do_read:
000041A8  10 0F E8 00 C0 03 00 00... load.q  r1, 960(r29)
000041B0  10 9F E8 00 C8 03 00 00... load.q  r19, 968(r29)
000041B8  50 06 00 00 C0 7F 00 00... jsr     .dos_hnd_lookup
000041C0  41 06 08 00 00 02 00 00... beq r1, r0, .dos_read_badh
000041C8  01 96 10 00 00 00 00 00... move.q  r18, r2
000041D0  30 C7 08 00 01 00 00 00... and     r24, r1, #1
000041D8  42 06 C0 00 E0 00 00 00... bne r24, r0, .dos_read_hostrec
000041E0  01 76 08 00 00 00 00 00... move.q  r14, r1
000041E8  10 EE F8 00 00 00 00 00... load.q  r29, (sp)
000041F0  10 A7 70 00 20 00 00 00... load.q  r20, DOS_META_OFF_VA(r14)
000041F8  10 85 70 00 28 00 00 00... load.l  r16, DOS_META_OFF_SIZE(r14)
00004200  43 06 98 80 10 00 00 00... blt     r19, r16, .dos_read_clamp
00004208  01 9E 80 00 00 00 00 00... move.q  r19, r16
                         .dos_read_clamp:
00004210  10 C7 E8 00 B8 00 00 00... load.q  r24, 184(r29)
00004218  34 C7 C0 00 0C 00 00 00... lsl     r24, r24, #12
00004220  43 06 98 C0 10 00 00 00... blt     r19, r24, .dos_read_share_ok
00004228  01 9E C0 00 00 00 00 00... move.q  r19, r24
                         .dos_read_share_ok:
00004230  01 8E 00 00 00 00 00 00... move.q  r17, r0
00004238  41 06 A0 00 40 00 00 00... beq r20, r0, .dos_read_reply
00004240  41 06 98 00 38 00 00 00... beq r19, r0, .dos_read_reply
00004248  01 0E A0 00 00 00 00 00... move.q  r1, r20
00004250  10 17 E8 00 A8 00 00 00... load.q  r2, 168(r29)
00004258  01 1E 98 00 00 00 00 00... move.q  r3, r19
00004260  50 06 00 00 C0 81 00 00... jsr     .dos_extent_walk
00004268  01 8E 08 00 00 00 00 00... move.q  r17, r1
00004270  10 EE F8 00 00 00 00 00... load.q  r29, (sp)
                         .dos_read_reply:
00004278  10 0F E8 00 B0 03 00 00... load.q  r1, 944(r29)
00004280  01 15 00 00 00 00 00 00... move.l  r2, #DOS_OK
00004288  01 1E 88 00 00 00 00 00... move.q  r3, r17
00004290  01 26 00 00 00 00 00 00... move.q  r4, r0
00004298  01 2E 00 00 00 00 00 00... move.q  r5, r0
000042A0  EB 01 00 00 14 00 00 00... syscall #SYS_REPLY_MSG
000042A8  10 EE F8 00 00 00 00 00... load.q  r29, (sp)
000042B0  40 06 00 00 58 DA FF FF... bra     .dos_main_loop
                         .dos_read_hostrec:
000042B8  21 0F 08 00 01 00 00 00... sub     r1, r1, #1
000042C0  01 76 08 00 00 00 00 00... move.q  r14, r1
000042C8  10 EE F8 00 00 00 00 00... load.q  r29, (sp)
000042D0  10 87 70 00 08 00 00 00... load.q  r16, 8(r14)
000042D8  43 06 98 80 10 00 00 00... blt     r19, r16, .dos_read_host_clamp
000042E0  01 9E 80 00 00 00 00 00... move.q  r19, r16
                         .dos_read_host_clamp:
000042E8  10 C7 E8 00 B8 00 00 00... load.q  r24, 184(r29)
000042F0  34 C7 C0 00 0C 00 00 00... lsl     r24, r24, #12
000042F8  43 06 98 C0 10 00 00 00... blt     r19, r24, .dos_read_host_share_ok
00004300  01 9E C0 00 00 00 00 00... move.q  r19, r24
                         .dos_read_host_share_ok:
00004308  41 06 98 00 70 00 00 00... beq r19, r0, .dos_read_host_reply
00004310  10 A7 70 00 10 00 00 00... load.q  r20, 16(r14)
00004318  41 06 A0 00 00 7A 00 00... beq r20, r0, .dos_reply_err
00004320  10 AF E8 00 A8 00 00 00... load.q  r21, 168(r29)
00004328  01 B5 00 00 00 00 00 00... move.l  r22, #0
                         .dos_read_host_copy:
00004330  44 06 B0 98 38 00 00 00... bge     r22, r19, .dos_read_host_copy_done
00004338  20 BE A0 B0 00 00 00 00... add     r23, r20, r22
00004340  10 C0 B8 00 00 00 00 00... load.b  r24, (r23)
00004348  20 BE A8 B0 00 00 00 00... add     r23, r21, r22
00004350  11 C0 B8 00 00 00 00 00... store.b r24, (r23)
00004358  20 B7 B0 00 01 00 00 00... add     r22, r22, #1
00004360  40 06 00 00 D0 FF FF FF... bra     .dos_read_host_copy
                         .dos_read_host_copy_done:
00004368  01 8E 98 00 00 00 00 00... move.q  r17, r19
00004370  40 06 00 00 10 00 00 00... bra     .dos_read_host_reply_set
                         .dos_read_host_reply:
00004378  01 8E 00 00 00 00 00 00... move.q  r17, r0
                         .dos_read_host_reply_set:
00004380  10 0F E8 00 B0 03 00 00... load.q  r1, 944(r29)
00004388  01 15 00 00 00 00 00 00... move.l  r2, #DOS_OK
00004390  01 1E 88 00 00 00 00 00... move.q  r3, r17
00004398  01 26 00 00 00 00 00 00... move.q  r4, r0
000043A0  01 2E 00 00 00 00 00 00... move.q  r5, r0
000043A8  EB 01 00 00 14 00 00 00... syscall #SYS_REPLY_MSG
000043B0  10 EE F8 00 00 00 00 00... load.q  r29, (sp)
000043B8  40 06 00 00 50 D9 FF FF... bra     .dos_main_loop
                         .dos_read_badh:
000043C0  10 EE F8 00 00 00 00 00... load.q  r29, (sp)
000043C8  40 06 00 00 50 78 00 00... bra     .dos_reply_badh
                         .dos_do_write:
000043D0  10 0F E8 00 C0 03 00 00... load.q  r1, 960(r29)
000043D8  10 9F E8 00 C8 03 00 00... load.q  r19, 968(r29)
000043E0  50 06 00 00 98 7D 00 00... jsr     .dos_hnd_lookup
000043E8  41 06 08 00 88 02 00 00... beq r1, r0, .dos_write_badh
000043F0  30 C7 08 00 01 00 00 00... and     r24, r1, #1
000043F8  41 06 C0 00 38 01 00 00... beq r24, r0, .dos_write_meta_path
00004400  52 06 98 00 00 00 00 00... push    r19
00004408  52 06 08 00 00 00 00 00... push    r1
00004410  50 06 00 00 18 5C 00 00... jsr     .dos_hostrec_is_write
00004418  53 0E 00 00 00 00 00 00... pop     r1
00004420  53 9E 00 00 00 00 00 00... pop     r19
00004428  41 06 18 00 48 02 00 00... beq r3, r0, .dos_write_badh
00004430  21 C7 08 00 01 00 00 00... sub     r24, r1, #1
00004438  10 CF C0 00 08 00 00 00... load.q  r25, 8(r24)
00004440  10 EE F8 00 00 00 00 00... load.q  r29, (sp)
00004448  10 D7 E8 00 B8 00 00 00... load.q  r26, 184(r29)
00004450  34 D7 D0 00 0C 00 00 00... lsl     r26, r26, #12
00004458  43 06 98 D0 10 00 00 00... blt     r19, r26, .dwh_share_ok
00004460  01 9E D0 00 00 00 00 00... move.q  r19, r26
                         .dwh_share_ok:
00004468  11 CF E8 00 00 01 00 00... store.q r25, 256(r29)
00004470  11 9F E8 00 10 01 00 00... store.q r19, 272(r29)
00004478  11 C7 E8 00 08 01 00 00... store.q r24, 264(r29)
00004480  41 06 98 00 68 00 00 00... beq r19, r0, .dwh_done
00004488  10 17 E8 00 A8 00 00 00... load.q  r2, 168(r29)
00004490  01 1E 98 00 00 00 00 00... move.q  r3, r19
00004498  01 0E C8 00 00 00 00 00... move.q  r1, r25
000044A0  50 06 00 00 20 56 00 00... jsr     .dos_bootfs_write
000044A8  42 06 10 00 B8 01 00 00... bne r2, r0, .dos_write_full
000044B0  10 EE F8 00 00 00 00 00... load.q  r29, (sp)
000044B8  11 0F E8 00 10 01 00 00... store.q r1, 272(r29)
000044C0  10 C7 E8 00 08 01 00 00... load.q  r24, 264(r29)
000044C8  10 9F E8 00 10 01 00 00... load.q  r19, 272(r29)
000044D0  10 CF C0 00 10 00 00 00... load.q  r25, 16(r24)
000044D8  20 CE C8 98 00 00 00 00... add     r25, r25, r19
000044E0  11 CF C0 00 10 00 00 00... store.q r25, 16(r24)
                         .dwh_done:
000044E8  10 9F E8 00 10 01 00 00... load.q  r19, 272(r29)
000044F0  10 0F E8 00 B0 03 00 00... load.q  r1, 944(r29)
000044F8  01 15 00 00 00 00 00 00... move.l  r2, #DOS_OK
00004500  01 1E 98 00 00 00 00 00... move.q  r3, r19
00004508  01 26 00 00 00 00 00 00... move.q  r4, r0
00004510  01 2E 00 00 00 00 00 00... move.q  r5, r0
00004518  EB 01 00 00 14 00 00 00... syscall #SYS_REPLY_MSG
00004520  10 EE F8 00 00 00 00 00... load.q  r29, (sp)
00004528  40 06 00 00 E0 D7 FF FF... bra     .dos_main_loop
                         .dos_write_meta_path:
00004530  10 EE F8 00 00 00 00 00... load.q  r29, (sp)
00004538  11 0F E8 00 00 01 00 00... store.q r1, 256(r29)
00004540  01 76 08 00 00 00 00 00... move.q  r14, r1
00004548  10 27 70 00 20 00 00 00... load.q  r4, DOS_META_OFF_VA(r14)
00004550  11 27 E8 00 08 01 00 00... store.q r4, 264(r29)
00004558  10 C7 E8 00 B8 00 00 00... load.q  r24, 184(r29)
00004560  34 C7 C0 00 0C 00 00 00... lsl     r24, r24, #12
00004568  43 06 98 C0 10 00 00 00... blt     r19, r24, .dos_write_share_ok
00004570  01 9E C0 00 00 00 00 00... move.q  r19, r24
                         .dos_write_share_ok:
00004578  11 9F E8 00 10 01 00 00... store.q r19, 272(r29)
00004580  01 0E 98 00 00 00 00 00... move.q  r1, r19
00004588  50 06 00 00 B8 7C 00 00... jsr     .dos_extent_alloc
00004590  42 06 10 00 D0 00 00 00... bne r2, r0, .dos_write_full
00004598  10 EE F8 00 00 00 00 00... load.q  r29, (sp)
000045A0  01 CE 08 00 00 00 00 00... move.q  r25, r1
000045A8  41 06 C8 00 30 00 00 00... beq r25, r0, .dwr_no_alloc
000045B0  01 0E C8 00 00 00 00 00... move.q  r1, r25
000045B8  10 17 E8 00 A8 00 00 00... load.q  r2, 168(r29)
000045C0  10 1F E8 00 10 01 00 00... load.q  r3, 272(r29)
000045C8  50 06 00 00 30 7F 00 00... jsr     .dos_extent_write
000045D0  10 EE F8 00 00 00 00 00... load.q  r29, (sp)
                         .dwr_no_alloc:
000045D8  10 77 E8 00 00 01 00 00... load.q  r14, 256(r29)
000045E0  11 CF 70 00 20 00 00 00... store.q r25, DOS_META_OFF_VA(r14)
000045E8  10 9F E8 00 10 01 00 00... load.q  r19, 272(r29)
000045F0  11 9D 70 00 28 00 00 00... store.l r19, DOS_META_OFF_SIZE(r14)
000045F8  10 0F E8 00 08 01 00 00... load.q  r1, 264(r29)
00004600  41 06 08 00 18 00 00 00... beq r1, r0, .dwr_done
00004608  50 06 00 00 A8 7D 00 00... jsr     .dos_extent_free
00004610  10 EE F8 00 00 00 00 00... load.q  r29, (sp)
                         .dwr_done:
00004618  10 9F E8 00 10 01 00 00... load.q  r19, 272(r29)
00004620  10 0F E8 00 B0 03 00 00... load.q  r1, 944(r29)
00004628  01 15 00 00 00 00 00 00... move.l  r2, #DOS_OK
00004630  01 1E 98 00 00 00 00 00... move.q  r3, r19
00004638  01 26 00 00 00 00 00 00... move.q  r4, r0
00004640  01 2E 00 00 00 00 00 00... move.q  r5, r0
00004648  EB 01 00 00 14 00 00 00... syscall #SYS_REPLY_MSG
00004650  10 EE F8 00 00 00 00 00... load.q  r29, (sp)
00004658  40 06 00 00 B0 D6 FF FF... bra     .dos_main_loop
                         .dos_write_full:
00004660  10 EE F8 00 00 00 00 00... load.q  r29, (sp)
00004668  40 06 00 00 F0 75 00 00... bra     .dos_reply_full
                         .dos_write_badh:
00004670  10 EE F8 00 00 00 00 00... load.q  r29, (sp)
00004678  40 06 00 00 A0 75 00 00... bra     .dos_reply_badh
                         .dos_do_close:
00004680  10 0F E8 00 C0 03 00 00... load.q  r1, 960(r29)
00004688  50 06 00 00 F0 7A 00 00... jsr     .dos_hnd_lookup
00004690  41 06 08 00 D0 00 00 00... beq r1, r0, .dos_close_badh
00004698  30 C7 08 00 01 00 00 00... and     r24, r1, #1
000046A0  41 06 C0 00 70 00 00 00... beq r24, r0, .dos_close_clear
000046A8  52 06 10 00 00 00 00 00... push    r2
000046B0  52 06 08 00 00 00 00 00... push    r1
000046B8  50 06 00 00 70 59 00 00... jsr     .dos_hostrec_is_write
000046C0  53 0E 00 00 00 00 00 00... pop     r1
000046C8  53 16 00 00 00 00 00 00... pop     r2
000046D0  41 06 18 00 28 00 00 00... beq r3, r0, .dos_close_hostrec_read
000046D8  52 06 10 00 00 00 00 00... push    r2
000046E0  50 06 00 00 98 58 00 00... jsr     .dos_hostrec_write_free
000046E8  53 16 00 00 00 00 00 00... pop     r2
000046F0  40 06 00 00 20 00 00 00... bra     .dos_close_clear
                         .dos_close_hostrec_read:
000046F8  52 06 10 00 00 00 00 00... push    r2
00004700  50 06 00 00 40 57 00 00... jsr     .dos_hostrec_free
00004708  53 16 00 00 00 00 00 00... pop     r2
                         .dos_close_clear:
00004710  11 06 10 00 00 00 00 00... store.q r0, (r2)
00004718  10 EE F8 00 00 00 00 00... load.q  r29, (sp)
00004720  10 0F E8 00 B0 03 00 00... load.q  r1, 944(r29)
00004728  01 15 00 00 00 00 00 00... move.l  r2, #DOS_OK
00004730  01 1E 00 00 00 00 00 00... move.q  r3, r0
00004738  01 26 00 00 00 00 00 00... move.q  r4, r0
00004740  01 2E 00 00 00 00 00 00... move.q  r5, r0
00004748  EB 01 00 00 14 00 00 00... syscall #SYS_REPLY_MSG
00004750  10 EE F8 00 00 00 00 00... load.q  r29, (sp)
00004758  40 06 00 00 B0 D5 FF FF... bra     .dos_main_loop
                         .dos_close_badh:
00004760  10 EE F8 00 00 00 00 00... load.q  r29, (sp)
00004768  40 06 00 00 B0 74 00 00... bra     .dos_reply_badh
                         .dos_do_assign:
00004770  10 AD E8 00 D0 03 00 00... load.l  r21, 976(r29)
00004778  41 06 A8 00 20 75 00 00... beq r21, r0, .dos_reply_badarg
00004780  10 A7 E8 00 C0 03 00 00... load.q  r20, 960(r29)
00004788  01 E5 00 00 00 00 00 00... move.l  r28, #DOS_ASSIGN_LIST
00004790  41 06 A0 E0 60 00 00 00... beq     r20, r28, .dos_assign_list
00004798  01 E5 00 00 01 00 00 00... move.l  r28, #DOS_ASSIGN_QUERY
000047A0  41 06 A0 E0 68 02 00 00... beq     r20, r28, .dos_assign_query
000047A8  01 E5 00 00 02 00 00 00... move.l  r28, #DOS_ASSIGN_SET
000047B0  41 06 A0 E0 30 04 00 00... beq     r20, r28, .dos_assign_set
000047B8  01 E5 00 00 03 00 00 00... move.l  r28, #DOS_ASSIGN_LAYERED_QUERY
000047C0  41 06 A0 E0 00 07 00 00... beq     r20, r28, .dos_assign_layered_query
000047C8  01 E5 00 00 04 00 00 00... move.l  r28, #DOS_ASSIGN_ADD
000047D0  41 06 A0 E0 58 0B 00 00... beq     r20, r28, .dos_assign_add
000047D8  01 E5 00 00 05 00 00 00... move.l  r28, #DOS_ASSIGN_REMOVE
000047E0  41 06 A0 E0 A0 0D 00 00... beq     r20, r28, .dos_assign_remove
000047E8  40 06 00 00 B0 74 00 00... bra     .dos_reply_badarg
                         .dos_assign_list:
000047F0  10 A7 E8 00 A8 00 00 00... load.q  r20, 168(r29)
000047F8  10 C7 E8 00 B8 00 00 00... load.q  r24, 184(r29)
00004800  34 C7 C0 00 0C 00 00 00... lsl     r24, r24, #12
00004808  20 AF E8 00 C1 05 00 00... add     r21, r29, #(prog_doslib_assign_table - prog_doslib_data)
00004810  01 B5 00 00 00 00 00 00... move.l  r22, #0
00004818  01 BD 00 00 00 00 00 00... move.l  r23, #0
                         .dos_assign_list_loop:
00004820  01 E5 00 00 10 00 00 00... move.l  r28, #DOS_ASSIGN_TABLE_COUNT
00004828  44 06 B0 E0 A0 01 00 00... bge     r22, r28, .dos_assign_list_done
00004830  10 C8 A8 00 00 00 00 00... load.b  r25, (r21)
00004838  41 06 C8 00 78 01 00 00... beq r25, r0, .dos_assign_list_next
00004840  20 CF B8 00 01 00 00 00... add     r25, r23, #1
00004848  34 CF C8 00 05 00 00 00... lsl     r25, r25, #5
00004850  45 06 C8 C0 08 74 00 00... bgt     r25, r24, .dos_reply_full
00004858  01 D5 00 00 00 00 00 00... move.l  r26, #0
                         .dos_assign_list_copy:
00004860  01 E5 00 00 20 00 00 00... move.l  r28, #DOS_ASSIGN_ENTRY_SZ
00004868  44 06 D0 E0 38 00 00 00... bge     r26, r28, .dos_assign_list_copied
00004870  20 DE A8 D0 00 00 00 00... add     r27, r21, r26
00004878  10 E0 D8 00 00 00 00 00... load.b  r28, (r27)
00004880  20 DE A0 D0 00 00 00 00... add     r27, r20, r26
00004888  11 E0 D8 00 00 00 00 00... store.b r28, (r27)
00004890  20 D7 D0 00 01 00 00 00... add     r26, r26, #1
00004898  40 06 00 00 C8 FF FF FF... bra     .dos_assign_list_copy
                         .dos_assign_list_copied:
000048A0  11 A7 E8 00 30 01 00 00... store.q r20, 304(r29)
000048A8  11 AF E8 00 38 01 00 00... store.q r21, 312(r29)
000048B0  11 B7 E8 00 40 01 00 00... store.q r22, 320(r29)
000048B8  11 BF E8 00 48 01 00 00... store.q r23, 328(r29)
000048C0  01 0E B0 00 00 00 00 00... move.q  r1, r22
000048C8  50 06 00 00 D8 36 00 00... jsr     .dos_assign_overlay_first_target_for_slot
000048D0  10 A7 E8 00 30 01 00 00... load.q  r20, 304(r29)
000048D8  10 AF E8 00 38 01 00 00... load.q  r21, 312(r29)
000048E0  10 B7 E8 00 40 01 00 00... load.q  r22, 320(r29)
000048E8  10 BF E8 00 48 01 00 00... load.q  r23, 328(r29)
000048F0  10 C7 E8 00 B8 00 00 00... load.q  r24, 184(r29)
000048F8  34 C7 C0 00 0C 00 00 00... lsl     r24, r24, #12
00004900  41 06 18 00 A0 00 00 00... beq r3, r0, .dos_assign_list_no_overlay
00004908  01 D6 08 00 00 00 00 00... move.q  r26, r1
00004910  20 CF A0 00 10 00 00 00... add     r25, r20, #DOS_ASSIGN_TARGET_OFF
00004918  01 DD 00 00 00 00 00 00... move.l  r27, #0
                         .dosal_zero_tgt:
00004920  01 E5 00 00 10 00 00 00... move.l  r28, #DOS_ASSIGN_TARGET_MAX
00004928  44 06 D8 E0 28 00 00 00... bge     r27, r28, .dosal_copy_ovl
00004930  20 E6 C8 D8 00 00 00 00... add     r28, r25, r27
00004938  11 00 E0 00 00 00 00 00... store.b r0, (r28)
00004940  20 DF D8 00 01 00 00 00... add     r27, r27, #1
00004948  40 06 00 00 D8 FF FF FF... bra     .dosal_zero_tgt
                         .dosal_copy_ovl:
00004950  01 DD 00 00 00 00 00 00... move.l  r27, #0
                         .dosal_copy_loop:
00004958  01 E5 00 00 10 00 00 00... move.l  r28, #DOS_ASSIGN_OVERLAY_TGT_SZ
00004960  44 06 D8 E0 40 00 00 00... bge     r27, r28, .dos_assign_list_no_overlay
00004968  20 E6 D0 D8 00 00 00 00... add     r28, r26, r27
00004970  10 18 E0 00 00 00 00 00... load.b  r3, (r28)
00004978  41 06 18 00 28 00 00 00... beq r3, r0, .dos_assign_list_no_overlay
00004980  20 E6 C8 D8 00 00 00 00... add     r28, r25, r27
00004988  11 18 E0 00 00 00 00 00... store.b r3, (r28)
00004990  20 DF D8 00 01 00 00 00... add     r27, r27, #1
00004998  40 06 00 00 C0 FF FF FF... bra     .dosal_copy_loop
                         .dos_assign_list_no_overlay:
000049A0  20 A7 A0 00 20 00 00 00... add     r20, r20, #DOS_ASSIGN_ENTRY_SZ
000049A8  20 BF B8 00 01 00 00 00... add     r23, r23, #1
                         .dos_assign_list_next:
000049B0  20 AF A8 00 20 00 00 00... add     r21, r21, #DOS_ASSIGN_ENTRY_SZ
000049B8  20 B7 B0 00 01 00 00 00... add     r22, r22, #1
000049C0  40 06 00 00 60 FE FF FF... bra     .dos_assign_list_loop
                         .dos_assign_list_done:
000049C8  10 0F E8 00 B0 03 00 00... load.q  r1, 944(r29)
000049D0  01 15 00 00 00 00 00 00... move.l  r2, #DOS_OK
000049D8  01 1E B8 00 00 00 00 00... move.q  r3, r23
000049E0  01 26 00 00 00 00 00 00... move.q  r4, r0
000049E8  01 2E 00 00 00 00 00 00... move.q  r5, r0
000049F0  EB 01 00 00 14 00 00 00... syscall #SYS_REPLY_MSG
000049F8  10 EE F8 00 00 00 00 00... load.q  r29, (sp)
00004A00  40 06 00 00 08 D3 FF FF... bra     .dos_main_loop
                         .dos_assign_query:
00004A08  10 0F E8 00 A8 00 00 00... load.q  r1, 168(r29)
00004A10  20 1F E8 00 C0 00 00 00... add     r3, r29, #192
00004A18  50 06 00 00 60 2A 00 00... jsr     .dos_assign_read_name
00004A20  41 06 18 00 78 72 00 00... beq r3, r0, .dos_reply_badarg
00004A28  11 17 E8 00 F0 00 00 00... store.q r2, 240(r29)
00004A30  50 06 00 00 D8 27 00 00... jsr     .dos_assign_builtin_root_query_row
00004A38  42 06 18 00 20 01 00 00... bne r3, r0, .dos_assign_query_copy
00004A40  20 0F E8 00 C0 00 00 00... add     r1, r29, #192
00004A48  10 17 E8 00 F0 00 00 00... load.q  r2, 240(r29)
00004A50  50 06 00 00 70 25 00 00... jsr     .dos_assign_find_entry
00004A58  41 06 18 00 C0 72 00 00... beq r3, r0, .dos_reply_err
00004A60  11 0F E8 00 30 01 00 00... store.q r1, 304(r29)
00004A68  11 17 E8 00 38 01 00 00... store.q r2, 312(r29)
00004A70  01 0E 10 00 00 00 00 00... move.q  r1, r2
00004A78  50 06 00 00 28 35 00 00... jsr     .dos_assign_overlay_first_target_for_slot
00004A80  41 06 18 00 D0 00 00 00... beq r3, r0, .dos_assign_query_use_table
00004A88  01 C6 08 00 00 00 00 00... move.q  r24, r1
00004A90  10 CF E8 00 A8 00 00 00... load.q  r25, 168(r29)
00004A98  10 D7 E8 00 30 01 00 00... load.q  r26, 304(r29)
00004AA0  10 DE D0 00 00 00 00 00... load.q  r27, (r26)
00004AA8  11 DE C8 00 00 00 00 00... store.q r27, (r25)
00004AB0  10 DF D0 00 08 00 00 00... load.q  r27, 8(r26)
00004AB8  11 DF C8 00 08 00 00 00... store.q r27, 8(r25)
00004AC0  01 A6 00 00 00 00 00 00... move.q  r20, r0
00004AC8  20 AF C8 00 10 00 00 00... add     r21, r25, #DOS_ASSIGN_TARGET_OFF
                         .daq_zero_ovl:
00004AD0  01 B5 00 00 10 00 00 00... move.l  r22, #DOS_ASSIGN_TARGET_MAX
00004AD8  44 06 A0 B0 28 00 00 00... bge     r20, r22, .daq_copy_ovl
00004AE0  20 BE A8 A0 00 00 00 00... add     r23, r21, r20
00004AE8  11 00 B8 00 00 00 00 00... store.b r0, (r23)
00004AF0  20 A7 A0 00 01 00 00 00... add     r20, r20, #1
00004AF8  40 06 00 00 D8 FF FF FF... bra     .daq_zero_ovl
                         .daq_copy_ovl:
00004B00  01 A6 00 00 00 00 00 00... move.q  r20, r0
                         .daq_copy_ovl_loop:
00004B08  01 B5 00 00 10 00 00 00... move.l  r22, #DOS_ASSIGN_OVERLAY_TGT_SZ
00004B10  44 06 A0 B0 90 00 00 00... bge     r20, r22, .dos_assign_query_done
00004B18  20 BE C0 A0 00 00 00 00... add     r23, r24, r20
00004B20  10 18 B8 00 00 00 00 00... load.b  r3, (r23)
00004B28  41 06 18 00 78 00 00 00... beq r3, r0, .dos_assign_query_done
00004B30  20 BE A8 A0 00 00 00 00... add     r23, r21, r20
00004B38  11 18 B8 00 00 00 00 00... store.b r3, (r23)
00004B40  20 A7 A0 00 01 00 00 00... add     r20, r20, #1
00004B48  40 06 00 00 C0 FF FF FF... bra     .daq_copy_ovl_loop
                         .dos_assign_query_use_table:
00004B50  10 0F E8 00 30 01 00 00... load.q  r1, 304(r29)
                         .dos_assign_query_copy:
00004B58  10 AF E8 00 A8 00 00 00... load.q  r21, 168(r29)
00004B60  10 B6 08 00 00 00 00 00... load.q  r22, (r1)
00004B68  11 B6 A8 00 00 00 00 00... store.q r22, (r21)
00004B70  10 B7 08 00 08 00 00 00... load.q  r22, 8(r1)
00004B78  11 B7 A8 00 08 00 00 00... store.q r22, 8(r21)
00004B80  10 B7 08 00 10 00 00 00... load.q  r22, 16(r1)
00004B88  11 B7 A8 00 10 00 00 00... store.q r22, 16(r21)
00004B90  10 B7 08 00 18 00 00 00... load.q  r22, 24(r1)
00004B98  11 B7 A8 00 18 00 00 00... store.q r22, 24(r21)
                         .dos_assign_query_done:
00004BA0  10 0F E8 00 B0 03 00 00... load.q  r1, 944(r29)
00004BA8  01 15 00 00 00 00 00 00... move.l  r2, #DOS_OK
00004BB0  01 1D 00 00 01 00 00 00... move.l  r3, #1
00004BB8  01 26 00 00 00 00 00 00... move.q  r4, r0
00004BC0  01 2E 00 00 00 00 00 00... move.q  r5, r0
00004BC8  EB 01 00 00 14 00 00 00... syscall #SYS_REPLY_MSG
00004BD0  10 EE F8 00 00 00 00 00... load.q  r29, (sp)
00004BD8  40 06 00 00 30 D1 FF FF... bra     .dos_main_loop
                         .dos_assign_set:
00004BE0  10 0F E8 00 A8 00 00 00... load.q  r1, 168(r29)
00004BE8  20 1F E8 00 C0 00 00 00... add     r3, r29, #192
00004BF0  50 06 00 00 88 28 00 00... jsr     .dos_assign_read_name
00004BF8  41 06 18 00 A0 70 00 00... beq r3, r0, .dos_reply_badarg
00004C00  11 17 E8 00 F0 00 00 00... store.q r2, 240(r29)
00004C08  50 06 00 00 38 25 00 00... jsr     .dos_assign_builtin_root_row
00004C10  42 06 18 00 88 70 00 00... bne r3, r0, .dos_reply_badarg
00004C18  20 0F E8 00 C0 00 00 00... add     r1, r29, #192
00004C20  10 17 E8 00 F0 00 00 00... load.q  r2, 240(r29)
00004C28  20 1F E8 00 C1 05 00 00... add     r3, r29, #(prog_doslib_assign_table - prog_doslib_data)
00004C30  50 06 00 00 78 22 00 00... jsr     .dos_assign_name_eq_ci
00004C38  41 06 B8 00 60 70 00 00... beq r23, r0, .dos_reply_badarg
00004C40  10 0F E8 00 A8 00 00 00... load.q  r1, 168(r29)
00004C48  20 0F 08 00 10 00 00 00... add     r1, r1, #DOS_ASSIGN_TARGET_OFF
00004C50  50 06 00 00 50 29 00 00... jsr     .dos_assign_validate_target
00004C58  41 06 18 00 40 70 00 00... beq r3, r0, .dos_reply_badarg
00004C60  11 0F E8 00 E0 00 00 00... store.q r1, 224(r29)
00004C68  11 17 E8 00 E8 00 00 00... store.q r2, 232(r29)
00004C70  20 0F E8 00 C0 00 00 00... add     r1, r29, #192
00004C78  10 17 E8 00 F0 00 00 00... load.q  r2, 240(r29)
00004C80  50 06 00 00 40 23 00 00... jsr     .dos_assign_find_entry
00004C88  41 06 18 00 20 00 00 00... beq r3, r0, .dos_assign_set_new
00004C90  41 06 10 00 08 70 00 00... beq r2, r0, .dos_reply_badarg
00004C98  01 CE 08 00 00 00 00 00... move.q  r25, r1
00004CA0  40 06 00 00 20 00 00 00... bra     .dos_assign_set_slot_ready
                         .dos_assign_set_new:
00004CA8  50 06 00 00 F8 23 00 00... jsr     .dos_assign_find_free_entry
00004CB0  41 06 18 00 A8 6F 00 00... beq r3, r0, .dos_reply_full
00004CB8  01 CE 08 00 00 00 00 00... move.q  r25, r1
                         .dos_assign_set_slot_ready:
00004CC0  11 06 C8 00 00 00 00 00... store.q r0, (r25)
00004CC8  11 07 C8 00 08 00 00 00... store.q r0, 8(r25)
00004CD0  11 07 C8 00 10 00 00 00... store.q r0, 16(r25)
00004CD8  11 07 C8 00 18 00 00 00... store.q r0, 24(r25)
00004CE0  20 D7 E8 00 C0 00 00 00... add     r26, r29, #192
00004CE8  10 DF E8 00 F0 00 00 00... load.q  r27, 240(r29)
00004CF0  01 A5 00 00 00 00 00 00... move.l  r20, #0
                         .dos_assign_set_name_copy:
00004CF8  44 06 A0 D8 38 00 00 00... bge     r20, r27, .dos_assign_set_target_copy_setup
00004D00  20 AE D0 A0 00 00 00 00... add     r21, r26, r20
00004D08  10 B0 A8 00 00 00 00 00... load.b  r22, (r21)
00004D10  20 AE C8 A0 00 00 00 00... add     r21, r25, r20
00004D18  11 B0 A8 00 00 00 00 00... store.b r22, (r21)
00004D20  20 A7 A0 00 01 00 00 00... add     r20, r20, #1
00004D28  40 06 00 00 D0 FF FF FF... bra     .dos_assign_set_name_copy
                         .dos_assign_set_target_copy_setup:
00004D30  10 AF E8 00 E0 00 00 00... load.q  r21, 224(r29)
00004D38  10 B7 E8 00 E8 00 00 00... load.q  r22, 232(r29)
00004D40  01 A5 00 00 00 00 00 00... move.l  r20, #0
                         .dos_assign_set_target_copy:
00004D48  44 06 A0 B0 40 00 00 00... bge     r20, r22, .dos_assign_set_target_copied
00004D50  20 C6 A8 A0 00 00 00 00... add     r24, r21, r20
00004D58  10 E0 C0 00 00 00 00 00... load.b  r28, (r24)
00004D60  20 C7 C8 00 10 00 00 00... add     r24, r25, #DOS_ASSIGN_TARGET_OFF
00004D68  20 C6 C0 A0 00 00 00 00... add     r24, r24, r20
00004D70  11 E0 C0 00 00 00 00 00... store.b r28, (r24)
00004D78  20 A7 A0 00 01 00 00 00... add     r20, r20, #1
00004D80  40 06 00 00 C8 FF FF FF... bra     .dos_assign_set_target_copy
                         .dos_assign_set_target_copied:
00004D88  20 0F E8 00 C0 00 00 00... add     r1, r29, #192
00004D90  10 17 E8 00 F0 00 00 00... load.q  r2, 240(r29)
00004D98  50 06 00 00 28 22 00 00... jsr     .dos_assign_find_entry
00004DA0  41 06 18 00 E0 00 00 00... beq r3, r0, .dos_assign_set_done
00004DA8  11 17 E8 00 3C 01 00 00... store.q r2, 316(r29)
00004DB0  01 0E 10 00 00 00 00 00... move.q  r1, r2
00004DB8  50 06 00 00 18 30 00 00... jsr     .dos_assign_slot_layered_p
00004DC0  41 06 18 00 C0 00 00 00... beq r3, r0, .dos_assign_set_done
00004DC8  10 0F E8 00 3C 01 00 00... load.q  r1, 316(r29)
00004DD0  50 06 00 00 50 30 00 00... jsr     .dos_assign_overlay_for_slot
00004DD8  01 DE 08 00 00 00 00 00... move.q  r27, r1
00004DE0  01 A6 00 00 00 00 00 00... move.q  r20, r0
                         .das_ovl_clear:
00004DE8  01 AD 00 00 48 00 00 00... move.l  r21, #DOS_ASSIGN_OVERLAY_ENTRY_SZ
00004DF0  44 06 A0 A8 28 00 00 00... bge     r20, r21, .das_ovl_fill
00004DF8  20 B6 D8 A0 00 00 00 00... add     r22, r27, r20
00004E00  11 00 B0 00 00 00 00 00... store.b r0, (r22)
00004E08  20 A7 A0 00 01 00 00 00... add     r20, r20, #1
00004E10  40 06 00 00 D8 FF FF FF... bra     .das_ovl_clear
                         .das_ovl_fill:
00004E18  10 C7 E8 00 E0 00 00 00... load.q  r24, 224(r29)
00004E20  10 CF E8 00 E8 00 00 00... load.q  r25, 232(r29)
00004E28  20 D7 D8 00 08 00 00 00... add     r26, r27, #8
00004E30  01 A6 00 00 00 00 00 00... move.q  r20, r0
                         .das_ovl_copy:
00004E38  44 06 A0 C8 38 00 00 00... bge     r20, r25, .das_ovl_copy_done
00004E40  20 AE C0 A0 00 00 00 00... add     r21, r24, r20
00004E48  10 B0 A8 00 00 00 00 00... load.b  r22, (r21)
00004E50  20 AE D0 A0 00 00 00 00... add     r21, r26, r20
00004E58  11 B0 A8 00 00 00 00 00... store.b r22, (r21)
00004E60  20 A7 A0 00 01 00 00 00... add     r20, r20, #1
00004E68  40 06 00 00 D0 FF FF FF... bra     .das_ovl_copy
                         .das_ovl_copy_done:
00004E70  01 E5 00 00 01 00 00 00... move.l  r28, #1
00004E78  11 E0 D8 00 00 00 00 00... store.b r28, (r27)
                         .dos_assign_set_done:
00004E80  10 0F E8 00 B0 03 00 00... load.q  r1, 944(r29)
00004E88  01 15 00 00 00 00 00 00... move.l  r2, #DOS_OK
00004E90  01 1D 00 00 01 00 00 00... move.l  r3, #1
00004E98  01 26 00 00 00 00 00 00... move.q  r4, r0
00004EA0  01 2E 00 00 00 00 00 00... move.q  r5, r0
00004EA8  EB 01 00 00 14 00 00 00... syscall #SYS_REPLY_MSG
00004EB0  10 EE F8 00 00 00 00 00... load.q  r29, (sp)
00004EB8  40 06 00 00 50 CE FF FF... bra     .dos_main_loop
                         .dos_assign_layered_query:
00004EC0  10 0F E8 00 A8 00 00 00... load.q  r1, 168(r29)
00004EC8  20 1F E8 00 C0 00 00 00... add     r3, r29, #192
00004ED0  50 06 00 00 A8 25 00 00... jsr     .dos_assign_read_name
00004ED8  41 06 18 00 C0 6D 00 00... beq r3, r0, .dos_reply_badarg
00004EE0  11 17 E8 00 F0 00 00 00... store.q r2, 240(r29)
00004EE8  20 0F E8 00 C0 00 00 00... add     r1, r29, #192
00004EF0  10 17 E8 00 F0 00 00 00... load.q  r2, 240(r29)
00004EF8  50 06 00 00 10 23 00 00... jsr     .dos_assign_builtin_root_query_row
00004F00  41 06 18 00 40 00 00 00... beq r3, r0, .dalq_user_lookup
00004F08  20 C7 08 00 10 00 00 00... add     r24, r1, #DOS_ASSIGN_TARGET_OFF
00004F10  10 CF E8 00 A8 00 00 00... load.q  r25, 168(r29)
00004F18  01 0E C0 00 00 00 00 00... move.q  r1, r24
00004F20  01 16 C8 00 00 00 00 00... move.q  r2, r25
00004F28  50 06 00 00 D0 2F 00 00... jsr     .dos_assign_layered_emit_target_slot
00004F30  01 1D 00 00 01 00 00 00... move.l  r3, #1
00004F38  40 06 00 00 B8 03 00 00... bra     .dalq_reply_count
                         .dalq_user_lookup:
00004F40  20 0F E8 00 C0 00 00 00... add     r1, r29, #192
00004F48  10 17 E8 00 F0 00 00 00... load.q  r2, 240(r29)
00004F50  50 06 00 00 70 20 00 00... jsr     .dos_assign_find_entry
00004F58  41 06 18 00 C0 6D 00 00... beq r3, r0, .dos_reply_err
00004F60  01 C6 10 00 00 00 00 00... move.q  r24, r2
00004F68  11 C7 E8 00 F8 00 00 00... store.q r24, 248(r29)
00004F70  10 CF E8 00 A8 00 00 00... load.q  r25, 168(r29)
00004F78  11 CF E8 00 00 01 00 00... store.q r25, 256(r29)
00004F80  01 D6 00 00 00 00 00 00... move.q  r26, r0
00004F88  11 D7 E8 00 08 01 00 00... store.q r26, 264(r29)
00004F90  01 0E C0 00 00 00 00 00... move.q  r1, r24
00004F98  50 06 00 00 88 2E 00 00... jsr     .dos_assign_overlay_for_slot
00004FA0  01 DE 08 00 00 00 00 00... move.q  r27, r1
00004FA8  10 E0 D8 00 00 00 00 00... load.b  r28, (r27)
00004FB0  01 A6 00 00 00 00 00 00... move.q  r20, r0
                         .dalq_overlay_loop:
00004FB8  44 06 A0 E0 B0 00 00 00... bge     r20, r28, .dalq_overlay_done
00004FC0  01 AD 00 00 10 00 00 00... move.l  r21, #DOS_ASSIGN_OVERLAY_TGT_SZ
00004FC8  22 B6 A0 A8 00 00 00 00... mulu.q  r22, r20, r21
00004FD0  20 B7 B0 00 08 00 00 00... add     r22, r22, #8
00004FD8  20 B6 D8 B0 00 00 00 00... add     r22, r27, r22
00004FE0  01 0E B0 00 00 00 00 00... move.q  r1, r22
00004FE8  10 17 E8 00 A8 00 00 00... load.q  r2, 168(r29)
00004FF0  10 1F E8 00 00 01 00 00... load.q  r3, 256(r29)
00004FF8  50 06 00 00 58 2E 00 00... jsr     .dos_assign_layered_target_already_emitted
00005000  42 06 18 00 58 00 00 00... bne r3, r0, .dalq_overlay_skip
00005008  10 CF E8 00 00 01 00 00... load.q  r25, 256(r29)
00005010  01 0E B0 00 00 00 00 00... move.q  r1, r22
00005018  01 16 C8 00 00 00 00 00... move.q  r2, r25
00005020  50 06 00 00 D8 2E 00 00... jsr     .dos_assign_layered_emit_target_slot
00005028  10 CF E8 00 00 01 00 00... load.q  r25, 256(r29)
00005030  20 CF C8 00 20 00 00 00... add     r25, r25, #DOS_ASSIGN_LAYERED_TGT_SZ
00005038  11 CF E8 00 00 01 00 00... store.q r25, 256(r29)
00005040  10 D7 E8 00 08 01 00 00... load.q  r26, 264(r29)
00005048  20 D7 D0 00 01 00 00 00... add     r26, r26, #1
00005050  11 D7 E8 00 08 01 00 00... store.q r26, 264(r29)
                         .dalq_overlay_skip:
00005058  20 A7 A0 00 01 00 00 00... add     r20, r20, #1
00005060  40 06 00 00 58 FF FF FF... bra     .dalq_overlay_loop
                         .dalq_overlay_done:
00005068  10 C7 E8 00 F8 00 00 00... load.q  r24, 248(r29)
00005070  01 0E C0 00 00 00 00 00... move.q  r1, r24
00005078  50 06 00 00 58 2D 00 00... jsr     .dos_assign_slot_layered_p
00005080  41 06 18 00 F0 01 00 00... beq r3, r0, .dalq_emit_table_entry
00005088  10 C7 E8 00 F8 00 00 00... load.q  r24, 248(r29)
00005090  01 A6 C0 00 00 00 00 00... move.q  r20, r24
00005098  34 A7 A0 00 04 00 00 00... lsl     r20, r20, #4
000050A0  20 A7 A0 00 41 0C 00 00... add     r20, r20, #(prog_doslib_assign_base_table - prog_doslib_data)
000050A8  20 A6 E8 A0 00 00 00 00... add     r20, r29, r20
000050B0  10 AE A0 00 00 00 00 00... load.q  r21, (r20)
000050B8  20 AE E8 A8 00 00 00 00... add     r21, r29, r21
000050C0  01 0E A8 00 00 00 00 00... move.q  r1, r21
000050C8  10 17 E8 00 A8 00 00 00... load.q  r2, 168(r29)
000050D0  10 1F E8 00 00 01 00 00... load.q  r3, 256(r29)
000050D8  50 06 00 00 78 2D 00 00... jsr     .dos_assign_layered_target_already_emitted
000050E0  42 06 18 00 90 00 00 00... bne r3, r0, .dalq_skip_base_writable
000050E8  10 C7 E8 00 F8 00 00 00... load.q  r24, 248(r29)
000050F0  01 A6 C0 00 00 00 00 00... move.q  r20, r24
000050F8  34 A7 A0 00 04 00 00 00... lsl     r20, r20, #4
00005100  20 A7 A0 00 41 0C 00 00... add     r20, r20, #(prog_doslib_assign_base_table - prog_doslib_data)
00005108  20 A6 E8 A0 00 00 00 00... add     r20, r29, r20
00005110  10 AE A0 00 00 00 00 00... load.q  r21, (r20)
00005118  20 AE E8 A8 00 00 00 00... add     r21, r29, r21
00005120  10 CF E8 00 00 01 00 00... load.q  r25, 256(r29)
00005128  01 0E A8 00 00 00 00 00... move.q  r1, r21
00005130  01 16 C8 00 00 00 00 00... move.q  r2, r25
00005138  50 06 00 00 C0 2D 00 00... jsr     .dos_assign_layered_emit_target_slot
00005140  10 CF E8 00 00 01 00 00... load.q  r25, 256(r29)
00005148  20 CF C8 00 20 00 00 00... add     r25, r25, #DOS_ASSIGN_LAYERED_TGT_SZ
00005150  11 CF E8 00 00 01 00 00... store.q r25, 256(r29)
00005158  10 D7 E8 00 08 01 00 00... load.q  r26, 264(r29)
00005160  20 D7 D0 00 01 00 00 00... add     r26, r26, #1
00005168  11 D7 E8 00 08 01 00 00... store.q r26, 264(r29)
                         .dalq_skip_base_writable:
00005170  10 C7 E8 00 F8 00 00 00... load.q  r24, 248(r29)
00005178  01 A6 C0 00 00 00 00 00... move.q  r20, r24
00005180  34 A7 A0 00 04 00 00 00... lsl     r20, r20, #4
00005188  20 A7 A0 00 41 0C 00 00... add     r20, r20, #(prog_doslib_assign_base_table - prog_doslib_data)
00005190  20 A6 E8 A0 00 00 00 00... add     r20, r29, r20
00005198  20 A7 A0 00 08 00 00 00... add     r20, r20, #8
000051A0  10 AE A0 00 00 00 00 00... load.q  r21, (r20)
000051A8  20 AE E8 A8 00 00 00 00... add     r21, r29, r21
000051B0  01 0E A8 00 00 00 00 00... move.q  r1, r21
000051B8  10 17 E8 00 A8 00 00 00... load.q  r2, 168(r29)
000051C0  10 1F E8 00 00 01 00 00... load.q  r3, 256(r29)
000051C8  50 06 00 00 88 2C 00 00... jsr     .dos_assign_layered_target_already_emitted
000051D0  42 06 18 00 98 00 00 00... bne r3, r0, .dalq_skip_base_readonly
000051D8  10 C7 E8 00 F8 00 00 00... load.q  r24, 248(r29)
000051E0  01 A6 C0 00 00 00 00 00... move.q  r20, r24
000051E8  34 A7 A0 00 04 00 00 00... lsl     r20, r20, #4
000051F0  20 A7 A0 00 41 0C 00 00... add     r20, r20, #(prog_doslib_assign_base_table - prog_doslib_data)
000051F8  20 A6 E8 A0 00 00 00 00... add     r20, r29, r20
00005200  20 A7 A0 00 08 00 00 00... add     r20, r20, #8
00005208  10 AE A0 00 00 00 00 00... load.q  r21, (r20)
00005210  20 AE E8 A8 00 00 00 00... add     r21, r29, r21
00005218  10 CF E8 00 00 01 00 00... load.q  r25, 256(r29)
00005220  01 0E A8 00 00 00 00 00... move.q  r1, r21
00005228  01 16 C8 00 00 00 00 00... move.q  r2, r25
00005230  50 06 00 00 C8 2C 00 00... jsr     .dos_assign_layered_emit_target_slot
00005238  10 CF E8 00 00 01 00 00... load.q  r25, 256(r29)
00005240  20 CF C8 00 20 00 00 00... add     r25, r25, #DOS_ASSIGN_LAYERED_TGT_SZ
00005248  11 CF E8 00 00 01 00 00... store.q r25, 256(r29)
00005250  10 D7 E8 00 08 01 00 00... load.q  r26, 264(r29)
00005258  20 D7 D0 00 01 00 00 00... add     r26, r26, #1
00005260  11 D7 E8 00 08 01 00 00... store.q r26, 264(r29)
                         .dalq_skip_base_readonly:
00005268  40 06 00 00 80 00 00 00... bra     .dalq_done
                         .dalq_emit_table_entry:
00005270  10 D7 E8 00 08 01 00 00... load.q  r26, 264(r29)
00005278  42 06 D0 00 70 00 00 00... bne r26, r0, .dalq_done
00005280  10 C7 E8 00 F8 00 00 00... load.q  r24, 248(r29)
00005288  01 A5 00 00 20 00 00 00... move.l  r20, #DOS_ASSIGN_ENTRY_SZ
00005290  22 AE C0 A0 00 00 00 00... mulu.q  r21, r24, r20
00005298  20 AF A8 00 C1 05 00 00... add     r21, r21, #(prog_doslib_assign_table - prog_doslib_data)
000052A0  20 AE E8 A8 00 00 00 00... add     r21, r29, r21
000052A8  20 AF A8 00 10 00 00 00... add     r21, r21, #DOS_ASSIGN_TARGET_OFF
000052B0  10 CF E8 00 00 01 00 00... load.q  r25, 256(r29)
000052B8  01 0E A8 00 00 00 00 00... move.q  r1, r21
000052C0  01 16 C8 00 00 00 00 00... move.q  r2, r25
000052C8  50 06 00 00 30 2C 00 00... jsr     .dos_assign_layered_emit_target_slot
000052D0  10 D7 E8 00 08 01 00 00... load.q  r26, 264(r29)
000052D8  20 D7 D0 00 01 00 00 00... add     r26, r26, #1
000052E0  11 D7 E8 00 08 01 00 00... store.q r26, 264(r29)
                         .dalq_done:
000052E8  10 1F E8 00 08 01 00 00... load.q  r3, 264(r29)
                         .dalq_reply_count:
000052F0  10 0F E8 00 B0 03 00 00... load.q  r1, 944(r29)
000052F8  01 15 00 00 00 00 00 00... move.l  r2, #DOS_OK
00005300  01 26 00 00 00 00 00 00... move.q  r4, r0
00005308  01 2E 00 00 00 00 00 00... move.q  r5, r0
00005310  EB 01 00 00 14 00 00 00... syscall #SYS_REPLY_MSG
00005318  10 EE F8 00 00 00 00 00... load.q  r29, (sp)
00005320  40 06 00 00 E8 C9 FF FF... bra     .dos_main_loop
                         .dos_assign_add:
00005328  10 0F E8 00 A8 00 00 00... load.q  r1, 168(r29)
00005330  20 1F E8 00 C0 00 00 00... add     r3, r29, #192
00005338  50 06 00 00 40 21 00 00... jsr     .dos_assign_read_name
00005340  41 06 18 00 58 69 00 00... beq r3, r0, .dos_reply_badarg
00005348  11 17 E8 00 F0 00 00 00... store.q r2, 240(r29)
00005350  20 0F E8 00 C0 00 00 00... add     r1, r29, #192
00005358  10 17 E8 00 F0 00 00 00... load.q  r2, 240(r29)
00005360  50 06 00 00 E0 1D 00 00... jsr     .dos_assign_builtin_root_row
00005368  42 06 18 00 30 69 00 00... bne r3, r0, .dos_reply_badarg
00005370  20 0F E8 00 C0 00 00 00... add     r1, r29, #192
00005378  10 17 E8 00 F0 00 00 00... load.q  r2, 240(r29)
00005380  50 06 00 00 40 1C 00 00... jsr     .dos_assign_find_entry
00005388  41 06 18 00 10 69 00 00... beq r3, r0, .dos_reply_badarg
00005390  01 C6 10 00 00 00 00 00... move.q  r24, r2
00005398  11 C7 E8 00 F8 00 00 00... store.q r24, 248(r29)
000053A0  01 0E C0 00 00 00 00 00... move.q  r1, r24
000053A8  50 06 00 00 28 2A 00 00... jsr     .dos_assign_slot_layered_p
000053B0  41 06 18 00 E8 68 00 00... beq r3, r0, .dos_reply_badarg
000053B8  10 0F E8 00 A8 00 00 00... load.q  r1, 168(r29)
000053C0  20 0F 08 00 10 00 00 00... add     r1, r1, #DOS_ASSIGN_TARGET_OFF
000053C8  50 06 00 00 D8 21 00 00... jsr     .dos_assign_validate_target
000053D0  41 06 18 00 C8 68 00 00... beq r3, r0, .dos_reply_badarg
000053D8  11 0F E8 00 E0 00 00 00... store.q r1, 224(r29)
000053E0  11 17 E8 00 E8 00 00 00... store.q r2, 232(r29)
000053E8  10 C7 E8 00 F8 00 00 00... load.q  r24, 248(r29)
000053F0  01 0E C0 00 00 00 00 00... move.q  r1, r24
000053F8  50 06 00 00 28 2A 00 00... jsr     .dos_assign_overlay_for_slot
00005400  01 DE 08 00 00 00 00 00... move.q  r27, r1
00005408  10 E0 D8 00 00 00 00 00... load.b  r28, (r27)
00005410  01 A6 00 00 00 00 00 00... move.q  r20, r0
                         .daa_dup_loop:
00005418  44 06 A0 E0 60 00 00 00... bge     r20, r28, .daa_dup_done
00005420  01 AD 00 00 10 00 00 00... move.l  r21, #DOS_ASSIGN_OVERLAY_TGT_SZ
00005428  22 B6 A0 A8 00 00 00 00... mulu.q  r22, r20, r21
00005430  20 B7 B0 00 08 00 00 00... add     r22, r22, #8
00005438  20 B6 D8 B0 00 00 00 00... add     r22, r27, r22
00005440  01 0E B0 00 00 00 00 00... move.q  r1, r22
00005448  10 17 E8 00 E8 00 00 00... load.q  r2, 232(r29)
00005450  10 1F E8 00 E0 00 00 00... load.q  r3, 224(r29)
00005458  50 06 00 00 50 1A 00 00... jsr     .dos_assign_name_eq_ci
00005460  41 06 B8 00 E0 00 00 00... beq r23, r0, .daa_dup_noop
00005468  20 A7 A0 00 01 00 00 00... add     r20, r20, #1
00005470  40 06 00 00 A8 FF FF FF... bra     .daa_dup_loop
                         .daa_dup_done:
00005478  01 AD 00 00 04 00 00 00... move.l  r21, #DOS_ASSIGN_OVERLAY_MAX
00005480  44 06 E0 A8 D8 67 00 00... bge     r28, r21, .dos_reply_full
00005488  01 AD 00 00 10 00 00 00... move.l  r21, #DOS_ASSIGN_OVERLAY_TGT_SZ
00005490  22 B6 E0 A8 00 00 00 00... mulu.q  r22, r28, r21
00005498  20 B7 B0 00 08 00 00 00... add     r22, r22, #8
000054A0  20 B6 D8 B0 00 00 00 00... add     r22, r27, r22
000054A8  01 A6 00 00 00 00 00 00... move.q  r20, r0
                         .daa_zero:
000054B0  01 AD 00 00 10 00 00 00... move.l  r21, #DOS_ASSIGN_OVERLAY_TGT_SZ
000054B8  44 06 A0 A8 28 00 00 00... bge     r20, r21, .daa_copy
000054C0  20 C6 B0 A0 00 00 00 00... add     r24, r22, r20
000054C8  11 00 C0 00 00 00 00 00... store.b r0, (r24)
000054D0  20 A7 A0 00 01 00 00 00... add     r20, r20, #1
000054D8  40 06 00 00 D8 FF FF FF... bra     .daa_zero
                         .daa_copy:
000054E0  10 CF E8 00 E0 00 00 00... load.q  r25, 224(r29)
000054E8  10 C7 E8 00 E8 00 00 00... load.q  r24, 232(r29)
000054F0  01 A6 00 00 00 00 00 00... move.q  r20, r0
                         .daa_copy_loop:
000054F8  44 06 A0 C0 38 00 00 00... bge     r20, r24, .daa_copy_done
00005500  20 AE C8 A0 00 00 00 00... add     r21, r25, r20
00005508  10 D0 A8 00 00 00 00 00... load.b  r26, (r21)
00005510  20 AE B0 A0 00 00 00 00... add     r21, r22, r20
00005518  11 D0 A8 00 00 00 00 00... store.b r26, (r21)
00005520  20 A7 A0 00 01 00 00 00... add     r20, r20, #1
00005528  40 06 00 00 D0 FF FF FF... bra     .daa_copy_loop
                         .daa_copy_done:
00005530  20 E7 E0 00 01 00 00 00... add     r28, r28, #1
00005538  11 E0 D8 00 00 00 00 00... store.b r28, (r27)
                         .daa_dup_noop:
00005540  10 0F E8 00 B0 03 00 00... load.q  r1, 944(r29)
00005548  01 15 00 00 00 00 00 00... move.l  r2, #DOS_OK
00005550  01 1D 00 00 01 00 00 00... move.l  r3, #1
00005558  01 26 00 00 00 00 00 00... move.q  r4, r0
00005560  01 2E 00 00 00 00 00 00... move.q  r5, r0
00005568  EB 01 00 00 14 00 00 00... syscall #SYS_REPLY_MSG
00005570  10 EE F8 00 00 00 00 00... load.q  r29, (sp)
00005578  40 06 00 00 90 C7 FF FF... bra     .dos_main_loop
                         .dos_assign_remove:
00005580  10 0F E8 00 A8 00 00 00... load.q  r1, 168(r29)
00005588  20 1F E8 00 C0 00 00 00... add     r3, r29, #192
00005590  50 06 00 00 E8 1E 00 00... jsr     .dos_assign_read_name
00005598  41 06 18 00 00 67 00 00... beq r3, r0, .dos_reply_badarg
000055A0  11 17 E8 00 F0 00 00 00... store.q r2, 240(r29)
000055A8  20 0F E8 00 C0 00 00 00... add     r1, r29, #192
000055B0  10 17 E8 00 F0 00 00 00... load.q  r2, 240(r29)
000055B8  50 06 00 00 88 1B 00 00... jsr     .dos_assign_builtin_root_row
000055C0  42 06 18 00 D8 66 00 00... bne r3, r0, .dos_reply_badarg
000055C8  20 0F E8 00 C0 00 00 00... add     r1, r29, #192
000055D0  10 17 E8 00 F0 00 00 00... load.q  r2, 240(r29)
000055D8  50 06 00 00 E8 19 00 00... jsr     .dos_assign_find_entry
000055E0  41 06 18 00 B8 66 00 00... beq r3, r0, .dos_reply_badarg
000055E8  01 C6 10 00 00 00 00 00... move.q  r24, r2
000055F0  11 C7 E8 00 F8 00 00 00... store.q r24, 248(r29)
000055F8  01 0E C0 00 00 00 00 00... move.q  r1, r24
00005600  50 06 00 00 D0 27 00 00... jsr     .dos_assign_slot_layered_p
00005608  41 06 18 00 90 66 00 00... beq r3, r0, .dos_reply_badarg
00005610  10 0F E8 00 A8 00 00 00... load.q  r1, 168(r29)
00005618  20 0F 08 00 10 00 00 00... add     r1, r1, #DOS_ASSIGN_TARGET_OFF
00005620  50 06 00 00 80 1F 00 00... jsr     .dos_assign_validate_target
00005628  41 06 18 00 70 66 00 00... beq r3, r0, .dos_reply_badarg
00005630  11 0F E8 00 E0 00 00 00... store.q r1, 224(r29)
00005638  11 17 E8 00 E8 00 00 00... store.q r2, 232(r29)
00005640  10 C7 E8 00 F8 00 00 00... load.q  r24, 248(r29)
00005648  01 0E C0 00 00 00 00 00... move.q  r1, r24
00005650  50 06 00 00 D0 27 00 00... jsr     .dos_assign_overlay_for_slot
00005658  01 DE 08 00 00 00 00 00... move.q  r27, r1
00005660  10 E0 D8 00 00 00 00 00... load.b  r28, (r27)
00005668  01 A6 00 00 00 00 00 00... move.q  r20, r0
                         .dar_find:
00005670  44 06 A0 E0 28 66 00 00... bge     r20, r28, .dos_reply_badarg
00005678  01 AD 00 00 10 00 00 00... move.l  r21, #DOS_ASSIGN_OVERLAY_TGT_SZ
00005680  22 B6 A0 A8 00 00 00 00... mulu.q  r22, r20, r21
00005688  20 B7 B0 00 08 00 00 00... add     r22, r22, #8
00005690  20 B6 D8 B0 00 00 00 00... add     r22, r27, r22
00005698  01 0E B0 00 00 00 00 00... move.q  r1, r22
000056A0  10 17 E8 00 E8 00 00 00... load.q  r2, 232(r29)
000056A8  10 1F E8 00 E0 00 00 00... load.q  r3, 224(r29)
000056B0  50 06 00 00 F8 17 00 00... jsr     .dos_assign_name_eq_ci
000056B8  41 06 B8 00 18 00 00 00... beq r23, r0, .dar_found
000056C0  20 A7 A0 00 01 00 00 00... add     r20, r20, #1
000056C8  40 06 00 00 A8 FF FF FF... bra     .dar_find
                         .dar_found:
                         .dar_shift_loop:
000056D0  20 AF A0 00 01 00 00 00... add     r21, r20, #1
000056D8  44 06 A8 E0 98 00 00 00... bge     r21, r28, .dar_shift_done
000056E0  01 B5 00 00 10 00 00 00... move.l  r22, #DOS_ASSIGN_OVERLAY_TGT_SZ
000056E8  22 BE A0 B0 00 00 00 00... mulu.q  r23, r20, r22
000056F0  20 BF B8 00 08 00 00 00... add     r23, r23, #8
000056F8  20 BE D8 B8 00 00 00 00... add     r23, r27, r23
00005700  22 C6 A8 B0 00 00 00 00... mulu.q  r24, r21, r22
00005708  20 C7 C0 00 08 00 00 00... add     r24, r24, #8
00005710  20 C6 D8 C0 00 00 00 00... add     r24, r27, r24
00005718  01 CE 00 00 00 00 00 00... move.q  r25, r0
                         .dar_shift_byte:
00005720  01 D5 00 00 10 00 00 00... move.l  r26, #DOS_ASSIGN_OVERLAY_TGT_SZ
00005728  44 06 C8 D0 38 00 00 00... bge     r25, r26, .dar_shift_next
00005730  20 D6 C0 C8 00 00 00 00... add     r26, r24, r25
00005738  10 18 D0 00 00 00 00 00... load.b  r3, (r26)
00005740  20 D6 B8 C8 00 00 00 00... add     r26, r23, r25
00005748  11 18 D0 00 00 00 00 00... store.b r3, (r26)
00005750  20 CF C8 00 01 00 00 00... add     r25, r25, #1
00005758  40 06 00 00 C8 FF FF FF... bra     .dar_shift_byte
                         .dar_shift_next:
00005760  20 A7 A0 00 01 00 00 00... add     r20, r20, #1
00005768  40 06 00 00 68 FF FF FF... bra     .dar_shift_loop
                         .dar_shift_done:
00005770  21 E7 E0 00 01 00 00 00... sub     r28, r28, #1
00005778  01 B5 00 00 10 00 00 00... move.l  r22, #DOS_ASSIGN_OVERLAY_TGT_SZ
00005780  22 BE E0 B0 00 00 00 00... mulu.q  r23, r28, r22
00005788  20 BF B8 00 08 00 00 00... add     r23, r23, #8
00005790  20 BE D8 B8 00 00 00 00... add     r23, r27, r23
00005798  01 CE 00 00 00 00 00 00... move.q  r25, r0
                         .dar_clear:
000057A0  01 D5 00 00 10 00 00 00... move.l  r26, #DOS_ASSIGN_OVERLAY_TGT_SZ
000057A8  44 06 C8 D0 28 00 00 00... bge     r25, r26, .dar_done
000057B0  20 D6 B8 C8 00 00 00 00... add     r26, r23, r25
000057B8  11 00 D0 00 00 00 00 00... store.b r0, (r26)
000057C0  20 CF C8 00 01 00 00 00... add     r25, r25, #1
000057C8  40 06 00 00 D8 FF FF FF... bra     .dar_clear
                         .dar_done:
000057D0  11 E0 D8 00 00 00 00 00... store.b r28, (r27)
000057D8  10 0F E8 00 B0 03 00 00... load.q  r1, 944(r29)
000057E0  01 15 00 00 00 00 00 00... move.l  r2, #DOS_OK
000057E8  01 1D 00 00 01 00 00 00... move.l  r3, #1
000057F0  01 26 00 00 00 00 00 00... move.q  r4, r0
000057F8  01 2E 00 00 00 00 00 00... move.q  r5, r0
00005800  EB 01 00 00 14 00 00 00... syscall #SYS_REPLY_MSG
00005808  10 EE F8 00 00 00 00 00... load.q  r29, (sp)
00005810  40 06 00 00 F8 C4 FF FF... bra     .dos_main_loop
                         .dos_do_loadseg:
00005818  11 07 E8 00 98 02 00 00... store.q r0, 664(r29)
                         .dos_do_loadseg_retry:
00005820  10 BF E8 00 A8 00 00 00... load.q  r23, 168(r29)
00005828  11 07 E8 00 58 03 00 00... store.q r0, 856(r29)
00005830  10 E7 E8 00 98 02 00 00... load.q  r28, 664(r29)
00005838  11 E7 E8 00 70 03 00 00... store.q r28, 880(r29)
00005840  50 06 00 00 78 23 00 00... jsr     .dos_resolve_cmd
00005848  10 EE F8 00 00 00 00 00... load.q  r29, (sp)
00005850  41 06 B0 00 60 4B 00 00... beq r22, r0, .dos_run_reply_notfound_final
00005858  11 BF E8 00 40 01 00 00... store.q r23, 320(r29)
00005860  01 0E B8 00 00 00 00 00... move.q  r1, r23
00005868  01 15 00 00 00 00 00 00... move.l  r2, #0
00005870  50 06 00 00 68 40 00 00... jsr     .dos_hostfs_layered_relpath_for_resolved_name
00005878  41 06 18 00 A8 02 00 00... beq r3, r0, .dos_loadseg_meta_lookup
00005880  01 C6 08 00 00 00 00 00... move.q  r24, r1
00005888  11 C7 E8 00 60 02 00 00... store.q r24, 608(r29)
00005890  01 0E C0 00 00 00 00 00... move.q  r1, r24
00005898  50 06 00 00 F0 40 00 00... jsr     .dos_bootfs_stat
000058A0  41 06 18 00 20 00 00 00... beq r3, r0, .dos_loadseg_host_stat_ok
000058A8  01 E5 00 00 04 00 00 00... move.l  r28, #ERR_NOTFOUND
000058B0  41 06 18 E0 70 02 00 00... beq     r3, r28, .dos_loadseg_meta_lookup
000058B8  40 06 00 00 60 64 00 00... bra     .dos_reply_err
                         .dos_loadseg_host_stat_ok:
000058C0  01 E6 10 00 00 00 00 00... move.q  r28, r2
000058C8  30 E7 E0 00 FF FF FF FF... and     r28, r28, #0xFFFFFFFF
000058D0  01 7E 00 00 00 00 00 00... move.q  r15, r0
000058D8  20 7F 78 00 01 00 00 00... add     r15, r15, #BOOT_HOSTFS_KIND_FILE
000058E0  42 06 E0 78 38 64 00 00... bne     r28, r15, .dos_reply_err
000058E8  01 BE 08 00 00 00 00 00... move.q  r23, r1
000058F0  41 06 B8 00 A8 63 00 00... beq r23, r0, .dos_reply_badarg
000058F8  11 BF E8 00 48 01 00 00... store.q r23, 328(r29)
00005900  52 06 E8 00 00 00 00 00... push    r29
00005908  01 0E B8 00 00 00 00 00... move.q  r1, r23
00005910  01 15 00 00 00 00 01 00... move.l  r2, #MEMF_CLEAR
00005918  EB 01 00 00 01 00 00 00... syscall #SYS_ALLOC_MEM
00005920  53 EE 00 00 00 00 00 00... pop     r29
00005928  42 06 10 00 B0 63 00 00... bne r2, r0, .dos_reply_nomem
00005930  11 0F E8 00 50 01 00 00... store.q r1, 336(r29)
00005938  10 C7 E8 00 60 02 00 00... load.q  r24, 608(r29)
00005940  01 0E C0 00 00 00 00 00... move.q  r1, r24
00005948  50 06 00 00 D8 40 00 00... jsr     .dos_bootfs_open
00005950  42 06 10 00 60 01 00 00... bne r2, r0, .dos_loadseg_host_free_tmp_err
00005958  01 A6 08 00 00 00 00 00... move.q  r20, r1
00005960  01 0E A0 00 00 00 00 00... move.q  r1, r20
00005968  10 17 E8 00 50 01 00 00... load.q  r2, 336(r29)
00005970  10 1F E8 00 48 01 00 00... load.q  r3, 328(r29)
00005978  50 06 00 00 08 42 00 00... jsr     .dos_bootfs_read_all
00005980  01 C6 08 00 00 00 00 00... move.q  r24, r1
00005988  01 CE 10 00 00 00 00 00... move.q  r25, r2
00005990  01 0E A0 00 00 00 00 00... move.q  r1, r20
00005998  50 06 00 00 08 43 00 00... jsr     .dos_bootfs_close
000059A0  42 06 C8 00 10 01 00 00... bne r25, r0, .dos_loadseg_host_free_tmp_err
000059A8  10 0F E8 00 50 01 00 00... load.q  r1, 336(r29)
000059B0  01 16 C0 00 00 00 00 00... move.q  r2, r24
000059B8  52 06 C0 00 00 00 00 00... push    r24
000059C0  50 06 00 00 E0 30 00 00... jsr     .dos_validate_loaded_elf_aslr_contract
000059C8  53 C6 00 00 00 00 00 00... pop     r24
000059D0  42 06 A0 00 18 01 00 00... bne r20, r0, .dos_loadseg_host_badarg_free_tmp
000059D8  10 0F E8 00 50 01 00 00... load.q  r1, 336(r29)
000059E0  01 16 C0 00 00 00 00 00... move.q  r2, r24
000059E8  01 F6 E8 00 00 00 00 00... move.q  r30, r29
000059F0  50 06 00 00 28 6D 00 00... jsr     .dos_elf_build_seglist
000059F8  01 EE F0 00 00 00 00 00... move.q  r29, r30
00005A00  11 0F E8 00 58 01 00 00... store.q r1, 344(r29)
00005A08  11 17 E8 00 60 01 00 00... store.q r2, 352(r29)
00005A10  52 06 E8 00 00 00 00 00... push    r29
00005A18  10 0F E8 00 50 01 00 00... load.q  r1, 336(r29)
00005A20  10 17 E8 00 48 01 00 00... load.q  r2, 328(r29)
00005A28  EB 01 00 00 02 00 00 00... syscall #SYS_FREE_MEM
00005A30  53 EE 00 00 00 00 00 00... pop     r29
00005A38  10 0F E8 00 B0 03 00 00... load.q  r1, 944(r29)
00005A40  10 17 E8 00 60 01 00 00... load.q  r2, 352(r29)
00005A48  10 1F E8 00 58 01 00 00... load.q  r3, 344(r29)
00005A50  01 26 00 00 00 00 00 00... move.q  r4, r0
00005A58  01 2E 00 00 00 00 00 00... move.q  r5, r0
00005A60  EB 01 00 00 14 00 00 00... syscall #SYS_REPLY_MSG
00005A68  10 EE F8 00 00 00 00 00... load.q  r29, (sp)
00005A70  40 06 00 00 98 C2 FF FF... bra     .dos_main_loop
                         .dos_loadseg_host_free_tmp:
00005A78  52 06 E8 00 00 00 00 00... push    r29
00005A80  10 0F E8 00 50 01 00 00... load.q  r1, 336(r29)
00005A88  41 06 08 00 18 00 00 00... beq r1, r0, .dos_loadseg_host_free_done
00005A90  10 17 E8 00 48 01 00 00... load.q  r2, 328(r29)
00005A98  EB 01 00 00 02 00 00 00... syscall #SYS_FREE_MEM
                         .dos_loadseg_host_free_done:
00005AA0  53 EE 00 00 00 00 00 00... pop     r29
00005AA8  40 06 00 00 78 00 00 00... bra     .dos_loadseg_meta_lookup
                         .dos_loadseg_host_free_tmp_err:
00005AB0  52 06 E8 00 00 00 00 00... push    r29
00005AB8  10 0F E8 00 50 01 00 00... load.q  r1, 336(r29)
00005AC0  41 06 08 00 18 00 00 00... beq r1, r0, .dos_loadseg_host_free_done_err
00005AC8  10 17 E8 00 48 01 00 00... load.q  r2, 328(r29)
00005AD0  EB 01 00 00 02 00 00 00... syscall #SYS_FREE_MEM
                         .dos_loadseg_host_free_done_err:
00005AD8  53 EE 00 00 00 00 00 00... pop     r29
00005AE0  40 06 00 00 38 62 00 00... bra     .dos_reply_err
                         .dos_loadseg_host_badarg_free_tmp:
00005AE8  52 06 E8 00 00 00 00 00... push    r29
00005AF0  10 0F E8 00 50 01 00 00... load.q  r1, 336(r29)
00005AF8  41 06 08 00 18 00 00 00... beq r1, r0, .dos_loadseg_host_badarg_free_done
00005B00  10 17 E8 00 48 01 00 00... load.q  r2, 328(r29)
00005B08  EB 01 00 00 02 00 00 00... syscall #SYS_FREE_MEM
                         .dos_loadseg_host_badarg_free_done:
00005B10  53 EE 00 00 00 00 00 00... pop     r29
00005B18  40 06 00 00 80 61 00 00... bra     .dos_reply_badarg
                         .dos_loadseg_meta_lookup:
00005B20  10 BF E8 00 40 01 00 00... load.q  r23, 320(r29)
00005B28  01 0E B8 00 00 00 00 00... move.q  r1, r23
00005B30  50 06 00 00 58 63 00 00... jsr     .dos_meta_find_by_name
00005B38  41 06 08 00 F0 47 00 00... beq r1, r0, .dos_run_notfound
00005B40  01 76 08 00 00 00 00 00... move.q  r14, r1
00005B48  10 EE F8 00 00 00 00 00... load.q  r29, (sp)
00005B50  10 AF 70 00 20 00 00 00... load.q  r21, DOS_META_OFF_VA(r14)
00005B58  10 BD 70 00 28 00 00 00... load.l  r23, DOS_META_OFF_SIZE(r14)
00005B60  41 06 A8 00 38 61 00 00... beq r21, r0, .dos_reply_badarg
00005B68  41 06 B8 00 30 61 00 00... beq r23, r0, .dos_reply_badarg
00005B70  11 AF E8 00 40 01 00 00... store.q r21, 320(r29)
00005B78  11 BF E8 00 48 01 00 00... store.q r23, 328(r29)
00005B80  52 06 E8 00 00 00 00 00... push    r29
00005B88  01 0E B8 00 00 00 00 00... move.q  r1, r23
00005B90  01 15 00 00 00 00 01 00... move.l  r2, #MEMF_CLEAR
00005B98  EB 01 00 00 01 00 00 00... syscall #SYS_ALLOC_MEM
00005BA0  53 EE 00 00 00 00 00 00... pop     r29
00005BA8  42 06 10 00 30 61 00 00... bne r2, r0, .dos_reply_nomem
00005BB0  11 0F E8 00 50 01 00 00... store.q r1, 336(r29)
00005BB8  10 0F E8 00 40 01 00 00... load.q  r1, 320(r29)
00005BC0  10 17 E8 00 50 01 00 00... load.q  r2, 336(r29)
00005BC8  10 1F E8 00 48 01 00 00... load.q  r3, 328(r29)
00005BD0  50 06 00 00 50 68 00 00... jsr     .dos_extent_walk
00005BD8  10 EE F8 00 00 00 00 00... load.q  r29, (sp)
00005BE0  10 0F E8 00 50 01 00 00... load.q  r1, 336(r29)
00005BE8  10 17 E8 00 48 01 00 00... load.q  r2, 328(r29)
00005BF0  50 06 00 00 B0 2E 00 00... jsr     .dos_validate_loaded_elf_aslr_contract
00005BF8  42 06 A0 00 A8 00 00 00... bne r20, r0, .dos_loadseg_meta_badarg_free
00005C00  10 0F E8 00 50 01 00 00... load.q  r1, 336(r29)
00005C08  10 17 E8 00 48 01 00 00... load.q  r2, 328(r29)
00005C10  01 F6 E8 00 00 00 00 00... move.q  r30, r29
00005C18  50 06 00 00 00 6B 00 00... jsr     .dos_elf_build_seglist
00005C20  01 EE F0 00 00 00 00 00... move.q  r29, r30
00005C28  11 0F E8 00 58 01 00 00... store.q r1, 344(r29)
00005C30  11 17 E8 00 60 01 00 00... store.q r2, 352(r29)
00005C38  52 06 E8 00 00 00 00 00... push    r29
00005C40  10 0F E8 00 50 01 00 00... load.q  r1, 336(r29)
00005C48  10 17 E8 00 48 01 00 00... load.q  r2, 328(r29)
00005C50  EB 01 00 00 02 00 00 00... syscall #SYS_FREE_MEM
00005C58  53 EE 00 00 00 00 00 00... pop     r29
00005C60  10 0F E8 00 B0 03 00 00... load.q  r1, 944(r29)
00005C68  10 17 E8 00 60 01 00 00... load.q  r2, 352(r29)
00005C70  10 1F E8 00 58 01 00 00... load.q  r3, 344(r29)
00005C78  01 26 00 00 00 00 00 00... move.q  r4, r0
00005C80  01 2E 00 00 00 00 00 00... move.q  r5, r0
00005C88  EB 01 00 00 14 00 00 00... syscall #SYS_REPLY_MSG
00005C90  10 EE F8 00 00 00 00 00... load.q  r29, (sp)
00005C98  40 06 00 00 70 C0 FF FF... bra     .dos_main_loop
                         .dos_loadseg_meta_badarg_free:
00005CA0  52 06 E8 00 00 00 00 00... push    r29
00005CA8  10 0F E8 00 50 01 00 00... load.q  r1, 336(r29)
00005CB0  10 17 E8 00 48 01 00 00... load.q  r2, 328(r29)
00005CB8  EB 01 00 00 02 00 00 00... syscall #SYS_FREE_MEM
00005CC0  53 EE 00 00 00 00 00 00... pop     r29
00005CC8  40 06 00 00 D0 5F 00 00... bra     .dos_reply_badarg
                         .dos_do_unloadseg:
00005CD0  10 A7 E8 00 C0 03 00 00... load.q  r20, 960(r29)
00005CD8  10 AF E8 00 B0 00 00 00... load.q  r21, 176(r29)
00005CE0  01 B6 00 00 00 00 00 00... move.q  r22, r0
                         .dos_ul_walk:
00005CE8  41 06 A8 00 30 5F 00 00... beq r21, r0, .dos_reply_badh
00005CF0  41 06 A8 A0 20 00 00 00... beq     r21, r20, .dos_ul_found
00005CF8  01 B6 A8 00 00 00 00 00... move.q  r22, r21
00005D00  10 AE A8 00 00 00 00 00... load.q  r21, DOS_SEGLIST_NEXT(r21)
00005D08  40 06 00 00 E0 FF FF FF... bra     .dos_ul_walk
                         .dos_ul_found:
00005D10  10 C6 A8 00 00 00 00 00... load.q  r24, DOS_SEGLIST_NEXT(r21)
00005D18  41 06 B0 00 18 00 00 00... beq r22, r0, .dos_ul_head
00005D20  11 C6 B0 00 00 00 00 00... store.q r24, DOS_SEGLIST_NEXT(r22)
00005D28  40 06 00 00 10 00 00 00... bra     .dos_ul_free
                         .dos_ul_head:
00005D30  11 C7 E8 00 B0 00 00 00... store.q r24, 176(r29)
                         .dos_ul_free:
00005D38  01 0E A8 00 00 00 00 00... move.q  r1, r21
00005D40  50 06 00 00 90 68 00 00... jsr     .dos_seglist_free_unlinked
00005D48  10 0F E8 00 B0 03 00 00... load.q  r1, 944(r29)
00005D50  01 15 00 00 00 00 00 00... move.l  r2, #DOS_OK
00005D58  01 1E 00 00 00 00 00 00... move.q  r3, r0
00005D60  01 26 00 00 00 00 00 00... move.q  r4, r0
00005D68  01 2E 00 00 00 00 00 00... move.q  r5, r0
00005D70  EB 01 00 00 14 00 00 00... syscall #SYS_REPLY_MSG
00005D78  10 EE F8 00 00 00 00 00... load.q  r29, (sp)
00005D80  40 06 00 00 88 BF FF FF... bra     .dos_main_loop
                         .dos_do_runseg:
00005D88  10 A7 E8 00 C0 03 00 00... load.q  r20, 960(r29)
00005D90  10 AF E8 00 B0 00 00 00... load.q  r21, 176(r29)
00005D98  01 B6 00 00 00 00 00 00... move.q  r22, r0
                         .dos_runseg_walk:
00005DA0  41 06 A8 00 78 5E 00 00... beq r21, r0, .dos_reply_badh
00005DA8  41 06 A8 A0 20 00 00 00... beq     r21, r20, .dos_runseg_found
00005DB0  01 B6 A8 00 00 00 00 00... move.q  r22, r21
00005DB8  10 AE A8 00 00 00 00 00... load.q  r21, DOS_SEGLIST_NEXT(r21)
00005DC0  40 06 00 00 E0 FF FF FF... bra     .dos_runseg_walk
                         .dos_runseg_found:
                         .dos_runseg_args:
00005DC8  10 87 E8 00 A8 00 00 00... load.q  r16, 168(r29)
00005DD0  01 8E 80 00 00 00 00 00... move.q  r17, r16
00005DD8  01 95 00 00 00 00 00 00... move.l  r18, #0
                         .dos_runseg_arglen:
00005DE0  10 78 88 00 00 00 00 00... load.b  r15, (r17)
00005DE8  41 06 78 00 30 00 00 00... beq r15, r0, .dos_runseg_launch
00005DF0  20 8F 88 00 01 00 00 00... add     r17, r17, #1
00005DF8  20 97 90 00 01 00 00 00... add     r18, r18, #1
00005E00  01 E5 00 00 00 01 00 00... move.l  r28, #DATA_ARGS_MAX
00005E08  43 06 90 E0 D8 FF FF FF... blt     r18, r28, .dos_runseg_arglen
00005E10  40 06 00 00 88 5E 00 00... bra     .dos_reply_badarg
                         .dos_runseg_launch:
00005E18  01 0E A8 00 00 00 00 00... move.q  r1, r21
00005E20  01 16 80 00 00 00 00 00... move.q  r2, r16
00005E28  01 1E 90 00 00 00 00 00... move.q  r3, r18
00005E30  01 F6 E8 00 00 00 00 00... move.q  r30, r29
00005E38  01 9E E8 00 00 00 00 00... move.q  r19, r29
00005E40  50 06 00 00 88 00 00 00... jsr     .dos_launch_seglist
00005E48  01 EE F0 00 00 00 00 00... move.q  r29, r30
00005E50  01 2E 08 00 00 00 00 00... move.q  r5, r1
00005E58  11 EE F8 00 00 00 00 00... store.q r29, (sp)
00005E60  10 0F E8 00 B0 03 00 00... load.q  r1, 944(r29)
00005E68  01 1E 28 00 00 00 00 00... move.q  r3, r5
00005E70  01 26 00 00 00 00 00 00... move.q  r4, r0
00005E78  01 2E 00 00 00 00 00 00... move.q  r5, r0
00005E80  EB 01 00 00 14 00 00 00... syscall #SYS_REPLY_MSG
00005E88  10 EE F8 00 00 00 00 00... load.q  r29, (sp)
00005E90  40 06 00 00 78 BE FF FF... bra     .dos_main_loop
                         .dos_boot_fail:
00005E98  01 1E 10 00 00 00 00 00... move.q  r3, r2
00005EA0  20 0F 08 00 30 00 00 00... add     r1, r1, #0x30
00005EA8  EB 01 00 00 21 00 00 00... syscall #SYS_DEBUG_PUTCHAR
00005EB0  20 0F 18 00 30 00 00 00... add     r1, r3, #0x30
00005EB8  EB 01 00 00 21 00 00 00... syscall #SYS_DEBUG_PUTCHAR
00005EC0  EB 01 00 00 22 00 00 00... syscall #SYS_EXIT_TASK
                         .dos_launch_seglist:
00005EC8  21 FF F8 00 F0 00 00 00... sub     sp, sp, #240
00005ED0  11 F7 F8 00 E0 00 00 00... store.q r30, 224(sp)
00005ED8  11 9F F8 00 E8 00 00 00... store.q r19, 232(sp)
00005EE0  01 AE 08 00 00 00 00 00... move.q  r21, r1
00005EE8  01 86 10 00 00 00 00 00... move.q  r16, r2
00005EF0  01 96 18 00 00 00 00 00... move.q  r18, r3
00005EF8  10 BD A8 00 0C 00 00 00... load.l  r23, DOS_SEGLIST_OFF_COUNT(r21)
00005F00  41 06 B8 00 58 07 00 00... beq r23, r0, .dos_launchseg_badarg
00005F08  11 AF F8 00 40 00 00 00... store.q r21, 64(sp)
00005F10  11 87 F8 00 48 00 00 00... store.q r16, 72(sp)
00005F18  11 97 F8 00 50 00 00 00... store.q r18, 80(sp)
00005F20  11 BF F8 00 58 00 00 00... store.q r23, 88(sp)
00005F28  11 06 F8 00 00 00 00 00... store.q r0, 0(sp)
00005F30  11 07 F8 00 08 00 00 00... store.q r0, 8(sp)
00005F38  11 07 F8 00 10 00 00 00... store.q r0, 16(sp)
00005F40  11 07 F8 00 18 00 00 00... store.q r0, 24(sp)
00005F48  11 07 F8 00 20 00 00 00... store.q r0, 32(sp)
00005F50  11 07 F8 00 28 00 00 00... store.q r0, 40(sp)
00005F58  11 07 F8 00 30 00 00 00... store.q r0, 48(sp)
00005F60  11 07 F8 00 38 00 00 00... store.q r0, 56(sp)
00005F68  11 07 F8 00 60 00 00 00... store.q r0, 96(sp)
00005F70  11 07 F8 00 68 00 00 00... store.q r0, 104(sp)
00005F78  01 C6 A8 00 00 00 00 00... move.q  r24, r21
00005F80  20 C7 C0 00 18 00 00 00... add     r24, r24, #DOS_SEGLIST_HDR_SZ
00005F88  01 D5 00 00 00 00 00 00... move.l  r26, #0
00005F90  01 DD 00 00 00 00 00 00... move.l  r27, #0
00005F98  01 E5 00 00 00 00 00 00... move.l  r28, #0
00005FA0  01 CD 00 00 00 00 00 00... move.l  r25, #0
                         .dos_launchseg_scan:
00005FA8  44 06 D0 B8 D0 01 00 00... bge     r26, r23, .dos_launchseg_scanned
00005FB0  10 3F C0 00 08 00 00 00... load.q  r7, DOS_SEG_OFF_TARGET(r24)
00005FB8  10 45 C0 00 20 00 00 00... load.l  r8, DOS_SEG_OFF_PAGES(r24)
00005FC0  41 06 40 00 98 06 00 00... beq r8, r0, .dos_launchseg_badarg
00005FC8  01 4E 40 00 00 00 00 00... move.q  r9, r8
00005FD0  34 4F 48 00 0C 00 00 00... lsl     r9, r9, #12
00005FD8  20 56 38 48 00 00 00 00... add     r10, r7, r9
00005FE0  43 06 50 38 78 06 00 00... blt     r10, r7, .dos_launchseg_badarg
00005FE8  10 5D C0 00 24 00 00 00... load.l  r11, DOS_SEG_OFF_FLAGS(r24)
00005FF0  01 66 58 00 00 00 00 00... move.q  r12, r11
00005FF8  30 67 60 00 F8 FF FF FF... and     r12, r12, #0xFFFFFFF8
00006000  42 06 60 00 58 06 00 00... bne r12, r0, .dos_launchseg_badarg
00006008  41 06 58 00 50 06 00 00... beq r11, r0, .dos_launchseg_badarg
00006010  01 66 58 00 00 00 00 00... move.q  r12, r11
00006018  01 6E 00 00 00 00 00 00... move.q  r13, r0
00006020  20 6F 68 00 02 00 00 00... add     r13, r13, #2
00006028  41 06 60 68 30 06 00 00... beq     r12, r13, .dos_launchseg_badarg
00006030  01 66 58 00 00 00 00 00... move.q  r12, r11
00006038  30 67 60 00 03 00 00 00... and     r12, r12, #3
00006040  01 6E 00 00 00 00 00 00... move.q  r13, r0
00006048  20 6F 68 00 03 00 00 00... add     r13, r13, #3
00006050  41 06 60 68 08 06 00 00... beq     r12, r13, .dos_launchseg_badarg
00006058  30 67 58 00 01 00 00 00... and     r12, r11, #1
00006060  41 06 60 00 A0 00 00 00... beq r12, r0, .dos_launchseg_scan_data
00006068  42 06 D8 00 30 00 00 00... bne r27, r0, .dos_launchseg_scan_code_seen
00006070  01 DD 00 00 01 00 00 00... move.l  r27, #1
00006078  11 3E F8 00 00 00 00 00... store.q r7, 0(sp)
00006080  11 57 F8 00 08 00 00 00... store.q r10, 8(sp)
00006088  11 5F F8 00 68 00 00 00... store.q r11, 104(sp)
00006090  40 06 00 00 38 00 00 00... bra     .dos_launchseg_scan_exec
                         .dos_launchseg_scan_code_seen:
00006098  10 66 F8 00 00 00 00 00... load.q  r12, 0(sp)
000060A0  44 06 38 60 10 00 00 00... bge     r7, r12, .dos_launchseg_code_min_ok
000060A8  11 3E F8 00 00 00 00 00... store.q r7, 0(sp)
                         .dos_launchseg_code_min_ok:
000060B0  10 67 F8 00 08 00 00 00... load.q  r12, 8(sp)
000060B8  44 06 60 50 10 00 00 00... bge     r12, r10, .dos_launchseg_scan_exec
000060C0  11 57 F8 00 08 00 00 00... store.q r10, 8(sp)
                         .dos_launchseg_scan_exec:
000060C8  30 67 58 00 01 00 00 00... and     r12, r11, #1
000060D0  41 06 60 00 90 00 00 00... beq r12, r0, .dos_launchseg_scan_next
000060D8  10 67 A8 00 10 00 00 00... load.q  r12, DOS_SEGLIST_OFF_ENTRY(r21)
000060E0  43 06 60 38 80 00 00 00... blt     r12, r7, .dos_launchseg_scan_next
000060E8  44 06 60 50 78 00 00 00... bge     r12, r10, .dos_launchseg_scan_next
000060F0  01 CD 00 00 01 00 00 00... move.l  r25, #1
000060F8  40 06 00 00 68 00 00 00... bra     .dos_launchseg_scan_next
                         .dos_launchseg_scan_data:
00006100  42 06 E0 00 30 00 00 00... bne r28, r0, .dos_launchseg_scan_data_seen
00006108  01 E5 00 00 01 00 00 00... move.l  r28, #1
00006110  11 3F F8 00 10 00 00 00... store.q r7, 16(sp)
00006118  11 57 F8 00 18 00 00 00... store.q r10, 24(sp)
00006120  11 5F F8 00 70 00 00 00... store.q r11, 112(sp)
00006128  40 06 00 00 38 00 00 00... bra     .dos_launchseg_scan_next
                         .dos_launchseg_scan_data_seen:
00006130  10 67 F8 00 10 00 00 00... load.q  r12, 16(sp)
00006138  44 06 38 60 10 00 00 00... bge     r7, r12, .dos_launchseg_data_min_ok
00006140  11 3F F8 00 10 00 00 00... store.q r7, 16(sp)
                         .dos_launchseg_data_min_ok:
00006148  10 67 F8 00 18 00 00 00... load.q  r12, 24(sp)
00006150  44 06 60 50 10 00 00 00... bge     r12, r10, .dos_launchseg_scan_next
00006158  11 57 F8 00 18 00 00 00... store.q r10, 24(sp)
                         .dos_launchseg_scan_next:
00006160  20 C7 C0 00 28 00 00 00... add     r24, r24, #DOS_SEG_ENTRY_SZ
00006168  20 D7 D0 00 01 00 00 00... add     r26, r26, #1
00006170  40 06 00 00 38 FE FF FF... bra     .dos_launchseg_scan
                         .dos_launchseg_scanned:
00006178  41 06 D8 00 E0 04 00 00... beq r27, r0, .dos_launchseg_badarg
00006180  41 06 C8 00 D8 04 00 00... beq r25, r0, .dos_launchseg_badarg
00006188  10 1F F8 00 08 00 00 00... load.q  r3, 8(sp)
00006190  10 26 F8 00 00 00 00 00... load.q  r4, 0(sp)
00006198  21 1E 18 20 00 00 00 00... sub     r3, r3, r4
000061A0  35 1F 18 00 0C 00 00 00... lsr     r3, r3, #12
000061A8  41 06 18 00 B0 04 00 00... beq r3, r0, .dos_launchseg_badarg
000061B0  11 1F F8 00 30 00 00 00... store.q r3, 48(sp)
000061B8  41 06 E0 00 40 00 00 00... beq r28, r0, .dos_launchseg_no_data
000061C0  10 2F F8 00 18 00 00 00... load.q  r5, 24(sp)
000061C8  10 37 F8 00 10 00 00 00... load.q  r6, 16(sp)
000061D0  21 2E 28 30 00 00 00 00... sub     r5, r5, r6
000061D8  35 2F 28 00 0C 00 00 00... lsr     r5, r5, #12
000061E0  41 06 28 00 78 04 00 00... beq r5, r0, .dos_launchseg_badarg
000061E8  11 2F F8 00 38 00 00 00... store.q r5, 56(sp)
000061F0  40 06 00 00 10 00 00 00... bra     .dos_launchseg_alloc_code
                         .dos_launchseg_no_data:
000061F8  11 07 F8 00 38 00 00 00... store.q r0, 56(sp)
                         .dos_launchseg_alloc_code:
00006200  01 0E 18 00 00 00 00 00... move.q  r1, r3
00006208  34 0F 08 00 0C 00 00 00... lsl     r1, r1, #12
00006210  01 15 00 00 00 00 01 00... move.l  r2, #MEMF_CLEAR
00006218  52 06 E8 00 00 00 00 00... push    r29
00006220  EB 01 00 00 01 00 00 00... syscall #SYS_ALLOC_MEM
00006228  53 EE 00 00 00 00 00 00... pop     r29
00006230  42 06 10 00 18 05 00 00... bne r2, r0, .dos_launchseg_nomem
00006238  11 0F F8 00 20 00 00 00... store.q r1, 32(sp)
00006240  01 0D 00 00 00 10 00 00... move.l  r1, #4096
00006248  01 15 00 00 00 00 01 00... move.l  r2, #MEMF_CLEAR
00006250  52 06 E8 00 00 00 00 00... push    r29
00006258  EB 01 00 00 01 00 00 00... syscall #SYS_ALLOC_MEM
00006260  53 EE 00 00 00 00 00 00... pop     r29
00006268  42 06 10 00 30 04 00 00... bne r2, r0, .dos_launchseg_fail_free_code
00006270  11 0F F8 00 60 00 00 00... store.q r1, 96(sp)
00006278  41 06 E0 00 70 00 00 00... beq r28, r0, .dos_launchseg_copy_loop
00006280  01 0E 28 00 00 00 00 00... move.q  r1, r5
00006288  34 0F 08 00 0C 00 00 00... lsl     r1, r1, #12
00006290  01 15 00 00 00 00 01 00... move.l  r2, #MEMF_CLEAR
00006298  52 06 E8 00 00 00 00 00... push    r29
000062A0  EB 01 00 00 01 00 00 00... syscall #SYS_ALLOC_MEM
000062A8  53 EE 00 00 00 00 00 00... pop     r29
000062B0  42 06 10 00 58 04 00 00... bne r2, r0, .dos_launchseg_fail_free_desc
000062B8  11 0F F8 00 28 00 00 00... store.q r1, 40(sp)
000062C0  10 AF F8 00 40 00 00 00... load.q  r21, 64(sp)
000062C8  10 BF F8 00 58 00 00 00... load.q  r23, 88(sp)
000062D0  01 C6 A8 00 00 00 00 00... move.q  r24, r21
000062D8  20 C7 C0 00 18 00 00 00... add     r24, r24, #DOS_SEGLIST_HDR_SZ
000062E0  01 D5 00 00 00 00 00 00... move.l  r26, #0
                         .dos_launchseg_copy_loop:
000062E8  44 06 D0 B8 D8 00 00 00... bge     r26, r23, .dos_launchseg_exec
000062F0  10 3E C0 00 00 00 00 00... load.q  r7, DOS_SEG_OFF_MEMVA(r24)
000062F8  10 47 C0 00 10 00 00 00... load.q  r8, DOS_SEG_OFF_FILESZ(r24)
00006300  10 4F C0 00 08 00 00 00... load.q  r9, DOS_SEG_OFF_TARGET(r24)
00006308  10 5D C0 00 24 00 00 00... load.l  r11, DOS_SEG_OFF_FLAGS(r24)
00006310  30 67 58 00 01 00 00 00... and     r12, r11, #1
00006318  41 06 60 00 30 00 00 00... beq r12, r0, .dos_launchseg_copy_data
00006320  10 6F F8 00 20 00 00 00... load.q  r13, 32(sp)
00006328  10 76 F8 00 00 00 00 00... load.q  r14, 0(sp)
00006330  21 76 48 70 00 00 00 00... sub     r14, r9, r14
00006338  20 6E 68 70 00 00 00 00... add     r13, r13, r14
00006340  40 06 00 00 28 00 00 00... bra     .dos_launchseg_copy_bytes
                         .dos_launchseg_copy_data:
00006348  10 6F F8 00 28 00 00 00... load.q  r13, 40(sp)
00006350  10 77 F8 00 10 00 00 00... load.q  r14, 16(sp)
00006358  21 76 48 70 00 00 00 00... sub     r14, r9, r14
00006360  20 6E 68 70 00 00 00 00... add     r13, r13, r14
                         .dos_launchseg_copy_bytes:
00006368  01 55 00 00 00 00 00 00... move.l  r10, #0
                         .dos_launchseg_copy_byte_loop:
00006370  44 06 50 40 38 00 00 00... bge     r10, r8, .dos_launchseg_copy_next
00006378  20 2E 38 50 00 00 00 00... add     r5, r7, r10
00006380  10 30 28 00 00 00 00 00... load.b  r6, (r5)
00006388  20 2E 68 50 00 00 00 00... add     r5, r13, r10
00006390  11 30 28 00 00 00 00 00... store.b r6, (r5)
00006398  20 57 50 00 01 00 00 00... add     r10, r10, #1
000063A0  40 06 00 00 D0 FF FF FF... bra     .dos_launchseg_copy_byte_loop
                         .dos_launchseg_copy_next:
000063A8  20 C7 C0 00 28 00 00 00... add     r24, r24, #DOS_SEG_ENTRY_SZ
000063B0  20 D7 D0 00 01 00 00 00... add     r26, r26, #1
000063B8  40 06 00 00 30 FF FF FF... bra     .dos_launchseg_copy_loop
                         .dos_launchseg_exec:
000063C0  10 C7 F8 00 60 00 00 00... load.q  r24, 96(sp)
000063C8  01 1D 00 00 4C 44 45 53... move.l  r3, #M14_LDESC_MAGIC
000063D0  11 1C C0 00 00 00 00 00... store.l r3, M14_LDESC_OFF_MAGIC(r24)
000063D8  01 1D 00 00 01 00 00 00... move.l  r3, #M14_LDESC_VERSION
000063E0  11 1D C0 00 04 00 00 00... store.l r3, M14_LDESC_OFF_VERSION(r24)
000063E8  01 1D 00 00 30 00 00 00... move.l  r3, #M14_LDESC_SIZE
000063F0  11 1D C0 00 08 00 00 00... store.l r3, M14_LDESC_OFF_SIZE(r24)
000063F8  01 1D 00 00 01 00 00 00... move.l  r3, #1
00006400  42 06 E0 00 10 00 00 00... bne r28, r0, .dos_launchseg_two_segments
00006408  40 06 00 00 10 00 00 00... bra     .dos_launchseg_store_segcnt
                         .dos_launchseg_two_segments:
00006410  01 1D 00 00 02 00 00 00... move.l  r3, #2
                         .dos_launchseg_store_segcnt:
00006418  11 1D C0 00 0C 00 00 00... store.l r3, M14_LDESC_OFF_SEGCNT(r24)
00006420  10 1F A8 00 10 00 00 00... load.q  r3, DOS_SEGLIST_OFF_ENTRY(r21)
00006428  11 1F C0 00 10 00 00 00... store.q r3, M14_LDESC_OFF_ENTRY(r24)
00006430  01 1D 00 00 01 00 00 00... move.l  r3, #1
00006438  11 1D C0 00 18 00 00 00... store.l r3, M14_LDESC_OFF_STACKPG(r24)
00006440  01 1E C0 00 00 00 00 00... move.q  r3, r24
00006448  20 1F 18 00 30 00 00 00... add     r3, r3, #48
00006450  11 1F C0 00 20 00 00 00... store.q r3, M14_LDESC_OFF_SEGTBL(r24)
00006458  01 36 C0 00 00 00 00 00... move.q  r6, r24
00006460  20 37 30 00 30 00 00 00... add     r6, r6, #48
00006468  10 3F F8 00 20 00 00 00... load.q  r7, 32(sp)
00006470  11 3E 30 00 00 00 00 00... store.q r7, M14_LDSEG_OFF_SRCPTR(r6)
00006478  10 3F F8 00 30 00 00 00... load.q  r7, 48(sp)
00006480  34 3F 38 00 0C 00 00 00... lsl     r7, r7, #12
00006488  11 3F 30 00 08 00 00 00... store.q r7, M14_LDSEG_OFF_SRCSZ(r6)
00006490  10 3E F8 00 00 00 00 00... load.q  r7, 0(sp)
00006498  11 3F 30 00 10 00 00 00... store.q r7, M14_LDSEG_OFF_TARGET(r6)
000064A0  10 3F F8 00 30 00 00 00... load.q  r7, 48(sp)
000064A8  11 3D 30 00 18 00 00 00... store.l r7, M14_LDSEG_OFF_PAGES(r6)
000064B0  10 3F F8 00 68 00 00 00... load.q  r7, 104(sp)
000064B8  11 3D 30 00 1C 00 00 00... store.l r7, M14_LDSEG_OFF_FLAGS(r6)
000064C0  41 06 E0 00 70 00 00 00... beq r28, r0, .dos_launchseg_exec_call
000064C8  01 36 C0 00 00 00 00 00... move.q  r6, r24
000064D0  20 37 30 00 50 00 00 00... add     r6, r6, #80
000064D8  10 3F F8 00 28 00 00 00... load.q  r7, 40(sp)
000064E0  11 3E 30 00 00 00 00 00... store.q r7, M14_LDSEG_OFF_SRCPTR(r6)
000064E8  10 3F F8 00 38 00 00 00... load.q  r7, 56(sp)
000064F0  34 3F 38 00 0C 00 00 00... lsl     r7, r7, #12
000064F8  11 3F 30 00 08 00 00 00... store.q r7, M14_LDSEG_OFF_SRCSZ(r6)
00006500  10 3F F8 00 10 00 00 00... load.q  r7, 16(sp)
00006508  11 3F 30 00 10 00 00 00... store.q r7, M14_LDSEG_OFF_TARGET(r6)
00006510  10 3F F8 00 38 00 00 00... load.q  r7, 56(sp)
00006518  11 3D 30 00 18 00 00 00... store.l r7, M14_LDSEG_OFF_PAGES(r6)
00006520  10 3F F8 00 70 00 00 00... load.q  r7, 112(sp)
00006528  11 3D 30 00 1C 00 00 00... store.l r7, M14_LDSEG_OFF_FLAGS(r6)
                         .dos_launchseg_exec_call:
00006530  01 0E C0 00 00 00 00 00... move.q  r1, r24
00006538  01 15 00 00 30 00 00 00... move.l  r2, #M14_LDESC_SIZE
00006540  10 1F F8 00 48 00 00 00... load.q  r3, 72(sp)
00006548  10 27 F8 00 50 00 00 00... load.q  r4, 80(sp)
00006550  52 06 E8 00 00 00 00 00... push    r29
00006558  EB 01 00 00 23 00 00 00... syscall #SYS_EXEC_PROGRAM
00006560  53 EE 00 00 00 00 00 00... pop     r29
00006568  01 D6 08 00 00 00 00 00... move.q  r26, r1
00006570  01 DE 10 00 00 00 00 00... move.q  r27, r2
00006578  10 0F F8 00 60 00 00 00... load.q  r1, 96(sp)
00006580  41 06 08 00 28 00 00 00... beq r1, r0, .dos_launchseg_free_data
00006588  01 15 00 00 00 10 00 00... move.l  r2, #4096
00006590  52 06 E8 00 00 00 00 00... push    r29
00006598  EB 01 00 00 02 00 00 00... syscall #SYS_FREE_MEM
000065A0  53 EE 00 00 00 00 00 00... pop     r29
                         .dos_launchseg_free_data:
000065A8  10 0F F8 00 28 00 00 00... load.q  r1, 40(sp)
000065B0  41 06 08 00 30 00 00 00... beq r1, r0, .dos_launchseg_free_code
000065B8  10 17 F8 00 38 00 00 00... load.q  r2, 56(sp)
000065C0  34 17 10 00 0C 00 00 00... lsl     r2, r2, #12
000065C8  52 06 E8 00 00 00 00 00... push    r29
000065D0  EB 01 00 00 02 00 00 00... syscall #SYS_FREE_MEM
000065D8  53 EE 00 00 00 00 00 00... pop     r29
                         .dos_launchseg_free_code:
000065E0  10 0F F8 00 20 00 00 00... load.q  r1, 32(sp)
000065E8  41 06 08 00 30 00 00 00... beq r1, r0, .dos_launchseg_result
000065F0  10 17 F8 00 30 00 00 00... load.q  r2, 48(sp)
000065F8  34 17 10 00 0C 00 00 00... lsl     r2, r2, #12
00006600  52 06 E8 00 00 00 00 00... push    r29
00006608  EB 01 00 00 02 00 00 00... syscall #SYS_FREE_MEM
00006610  53 EE 00 00 00 00 00 00... pop     r29
                         .dos_launchseg_result:
00006618  41 06 D8 00 60 01 00 00... beq r27, r0, .dos_launchseg_ok
00006620  01 0D 00 00 58 00 00 00... move.l  r1, #0x58
00006628  EB 01 00 00 21 00 00 00... syscall #SYS_DEBUG_PUTCHAR
00006630  01 0E D8 00 00 00 00 00... move.q  r1, r27
00006638  20 0F 08 00 30 00 00 00... add     r1, r1, #0x30
00006640  EB 01 00 00 21 00 00 00... syscall #SYS_DEBUG_PUTCHAR
00006648  01 2D 00 00 01 00 00 00... move.l  r5, #ERR_NOMEM
00006650  41 06 D8 28 F8 00 00 00... beq     r27, r5, .dos_launchseg_nomem
                         .dos_launchseg_badarg:
00006658  01 0D 00 00 50 00 00 00... move.l  r1, #0x50
00006660  EB 01 00 00 21 00 00 00... syscall #SYS_DEBUG_PUTCHAR
00006668  10 9F F8 00 E8 00 00 00... load.q  r19, 232(sp)
00006670  10 F7 F8 00 E0 00 00 00... load.q  r30, 224(sp)
00006678  01 0E 00 00 00 00 00 00... move.q  r1, r0
00006680  01 15 00 00 02 00 00 00... move.l  r2, #DOS_ERR_BADARG
00006688  20 FF F8 00 F0 00 00 00... add     sp, sp, #240
00006690  51 00 00 00 00 00 00 00... rts
                         .dos_launchseg_fail_free_code:
00006698  10 0F F8 00 60 00 00 00... load.q  r1, 96(sp)
000066A0  41 06 08 00 28 00 00 00... beq r1, r0, .dos_launchseg_fail_free_code_only
000066A8  01 15 00 00 00 10 00 00... move.l  r2, #4096
000066B0  52 06 E8 00 00 00 00 00... push    r29
000066B8  EB 01 00 00 02 00 00 00... syscall #SYS_FREE_MEM
000066C0  53 EE 00 00 00 00 00 00... pop     r29
                         .dos_launchseg_fail_free_code_only:
000066C8  10 0F F8 00 20 00 00 00... load.q  r1, 32(sp)
000066D0  41 06 08 00 78 00 00 00... beq r1, r0, .dos_launchseg_nomem
000066D8  10 17 F8 00 30 00 00 00... load.q  r2, 48(sp)
000066E0  34 17 10 00 0C 00 00 00... lsl     r2, r2, #12
000066E8  52 06 E8 00 00 00 00 00... push    r29
000066F0  EB 01 00 00 02 00 00 00... syscall #SYS_FREE_MEM
000066F8  53 EE 00 00 00 00 00 00... pop     r29
00006700  40 06 00 00 48 00 00 00... bra     .dos_launchseg_nomem
                         .dos_launchseg_fail_free_desc:
00006708  10 0F F8 00 28 00 00 00... load.q  r1, 40(sp)
00006710  41 06 08 00 88 FF FF FF... beq r1, r0, .dos_launchseg_fail_free_code
00006718  10 17 F8 00 38 00 00 00... load.q  r2, 56(sp)
00006720  34 17 10 00 0C 00 00 00... lsl     r2, r2, #12
00006728  52 06 E8 00 00 00 00 00... push    r29
00006730  EB 01 00 00 02 00 00 00... syscall #SYS_FREE_MEM
00006738  53 EE 00 00 00 00 00 00... pop     r29
00006740  40 06 00 00 58 FF FF FF... bra     .dos_launchseg_fail_free_code
                         .dos_launchseg_nomem:
00006748  10 9F F8 00 E8 00 00 00... load.q  r19, 232(sp)
00006750  10 F7 F8 00 E0 00 00 00... load.q  r30, 224(sp)
00006758  01 0E 00 00 00 00 00 00... move.q  r1, r0
00006760  01 15 00 00 06 00 00 00... move.l  r2, #DOS_ERR_NOMEM
00006768  20 FF F8 00 F0 00 00 00... add     sp, sp, #240
00006770  51 00 00 00 00 00 00 00... rts
                         .dos_launchseg_ok:
00006778  10 9F F8 00 E8 00 00 00... load.q  r19, 232(sp)
00006780  10 F7 F8 00 E0 00 00 00... load.q  r30, 224(sp)
00006788  01 0E D0 00 00 00 00 00... move.q  r1, r26
00006790  01 15 00 00 00 00 00 00... move.l  r2, #DOS_OK
00006798  20 FF F8 00 F0 00 00 00... add     sp, sp, #240
000067A0  51 00 00 00 00 00 00 00... rts
                         .dos_manifest_launch_by_id:
000067A8  EB 01 00 00 27 00 00 00... syscall #SYS_BOOT_MANIFEST
000067B0  41 06 10 00 48 00 00 00... beq r2, r0, .dmli_ok
000067B8  01 25 00 00 01 00 00 00... move.l  r4, #ERR_NOMEM
000067C0  41 06 10 20 20 00 00 00... beq     r2, r4, .dmli_nomem
000067C8  01 0E 00 00 00 00 00 00... move.q  r1, r0
000067D0  01 15 00 00 02 00 00 00... move.l  r2, #DOS_ERR_BADARG
000067D8  51 00 00 00 00 00 00 00... rts
                         .dmli_nomem:
000067E0  01 0E 00 00 00 00 00 00... move.q  r1, r0
000067E8  01 15 00 00 06 00 00 00... move.l  r2, #DOS_ERR_NOMEM
000067F0  51 00 00 00 00 00 00 00... rts
                         .dmli_ok:
000067F8  01 15 00 00 00 00 00 00... move.l  r2, #DOS_OK
00006800  51 00 00 00 00 00 00 00... rts
         = 0000000000000010  DOS_ASSIGN_NAME_MAX   equ 16
         = 0000000000000010  DOS_ASSIGN_TARGET_OFF equ 16
         = 0000000000000010  DOS_ASSIGN_TARGET_MAX equ 16
         = 0000000000000020  DOS_ASSIGN_ENTRY_SZ   equ 32
         = 0000000000000008  DOS_ASSIGN_DEFAULT_COUNT equ 8
         = 0000000000000010  DOS_ASSIGN_TABLE_COUNT equ 16
         = 0000000000000010  DOS_ASSIGN_OVERLAY_TGT_SZ  equ 16
         = 0000000000000048  DOS_ASSIGN_OVERLAY_ENTRY_SZ equ 72
         = 00000000000000DE  DOS_ASSIGN_LAYERED_MASK    equ 0xDE
                         .dos_name_eq_ci32:
00006808  01 A6 00 00 00 00 00 00... move.q  r20, r0
                         .dne_loop:
00006810  01 AE 00 00 00 00 00 00... move.q  r21, r0
00006818  20 AF A8 00 20 00 00 00... add     r21, r21, #32
00006820  44 06 A0 A8 B8 00 00 00... bge     r20, r21, .dne_match
00006828  20 B6 08 A0 00 00 00 00... add     r22, r1, r20
00006830  10 B0 B0 00 00 00 00 00... load.b  r22, (r22)
00006838  20 C6 10 A0 00 00 00 00... add     r24, r2, r20
00006840  10 C0 C0 00 00 00 00 00... load.b  r24, (r24)
00006848  41 06 B0 00 18 00 00 00... beq r22, r0, .dne_a_zero
00006850  41 06 C0 00 98 00 00 00... beq r24, r0, .dne_mismatch
00006858  40 06 00 00 18 00 00 00... bra     .dne_fold_case
                         .dne_a_zero:
00006860  41 06 C0 00 78 00 00 00... beq r24, r0, .dne_match
00006868  40 06 00 00 80 00 00 00... bra     .dne_mismatch
                         .dne_fold_case:
00006870  01 CD 00 00 61 00 00 00... move.l  r25, #0x61
00006878  43 06 B0 C8 20 00 00 00... blt     r22, r25, .dne_a_done
00006880  01 CD 00 00 7B 00 00 00... move.l  r25, #0x7B
00006888  44 06 B0 C8 10 00 00 00... bge     r22, r25, .dne_a_done
00006890  21 B7 B0 00 20 00 00 00... sub     r22, r22, #0x20
                         .dne_a_done:
00006898  01 CD 00 00 61 00 00 00... move.l  r25, #0x61
000068A0  43 06 C0 C8 20 00 00 00... blt     r24, r25, .dne_b_done
000068A8  01 CD 00 00 7B 00 00 00... move.l  r25, #0x7B
000068B0  44 06 C0 C8 10 00 00 00... bge     r24, r25, .dne_b_done
000068B8  21 C7 C0 00 20 00 00 00... sub     r24, r24, #0x20
                         .dne_b_done:
000068C0  42 06 B0 C0 28 00 00 00... bne     r22, r24, .dne_mismatch
000068C8  20 A7 A0 00 01 00 00 00... add     r20, r20, #1
000068D0  40 06 00 00 40 FF FF FF... bra     .dne_loop
                         .dne_match:
000068D8  01 BE 00 00 00 00 00 00... move.q  r23, r0
000068E0  51 00 00 00 00 00 00 00... rts
                         .dne_mismatch:
000068E8  01 BD 00 00 01 00 00 00... move.l  r23, #1
000068F0  51 00 00 00 00 00 00 00... rts
                         .dos_manifest_find_row_by_name:
000068F8  01 D6 08 00 00 00 00 00... move.q  r26, r1
00006900  20 17 E8 00 88 04 00 00... add     r2, r29, #(prog_doslib_seed_name_hwres - prog_doslib_data)
00006908  50 06 00 00 00 FF FF FF... jsr     .dos_name_eq_ci32
00006910  41 06 B8 00 80 00 00 00... beq r23, r0, .dmfrn_hwres
00006918  01 0E D0 00 00 00 00 00... move.q  r1, r26
00006920  20 17 E8 00 37 04 00 00... add     r2, r29, #(prog_doslib_seed_name_input - prog_doslib_data)
00006928  50 06 00 00 E0 FE FF FF... jsr     .dos_name_eq_ci32
00006930  41 06 B8 00 70 00 00 00... beq r23, r0, .dmfrn_input
00006938  01 0E D0 00 00 00 00 00... move.q  r1, r26
00006940  20 17 E8 00 49 04 00 00... add     r2, r29, #(prog_doslib_seed_name_graphics - prog_doslib_data)
00006948  50 06 00 00 C0 FE FF FF... jsr     .dos_name_eq_ci32
00006950  41 06 B8 00 60 00 00 00... beq r23, r0, .dmfrn_graphics
00006958  01 0E D0 00 00 00 00 00... move.q  r1, r26
00006960  20 17 E8 00 69 04 00 00... add     r2, r29, #(prog_doslib_seed_name_intuition - prog_doslib_data)
00006968  50 06 00 00 A0 FE FF FF... jsr     .dos_name_eq_ci32
00006970  41 06 B8 00 50 00 00 00... beq r23, r0, .dmfrn_intuition
                         .dmfrn_notfound:
00006978  01 0E 00 00 00 00 00 00... move.q  r1, r0
00006980  01 16 00 00 00 00 00 00... move.q  r2, r0
00006988  51 00 00 00 00 00 00 00... rts
                         .dmfrn_hwres:
00006990  01 A5 00 00 0D 00 00 00... move.l  r20, #BOOT_MANIFEST_ID_HWRES
00006998  40 06 00 00 38 00 00 00... bra     .dmfrn_found
                         .dmfrn_input:
000069A0  01 A5 00 00 0E 00 00 00... move.l  r20, #BOOT_MANIFEST_ID_INPUT
000069A8  40 06 00 00 28 00 00 00... bra     .dmfrn_found
                         .dmfrn_graphics:
000069B0  01 A5 00 00 0F 00 00 00... move.l  r20, #BOOT_MANIFEST_ID_GRAPHICS
000069B8  40 06 00 00 18 00 00 00... bra     .dmfrn_found
                         .dmfrn_intuition:
000069C0  01 A5 00 00 10 00 00 00... move.l  r20, #BOOT_MANIFEST_ID_INTUITION
000069C8  40 06 00 00 08 00 00 00... bra     .dmfrn_found
                         .dmfrn_found:
000069D0  01 0E A0 00 00 00 00 00... move.q  r1, r20
000069D8  01 15 00 00 01 00 00 00... move.l  r2, #1
000069E0  51 00 00 00 00 00 00 00... rts
                         .dos_manifest_launch_raw:
000069E8  EB 01 00 00 23 00 00 00... syscall #SYS_EXEC_PROGRAM
000069F0  41 06 10 00 48 00 00 00... beq r2, r0, .dmrl_ok
000069F8  01 2D 00 00 01 00 00 00... move.l  r5, #ERR_NOMEM
00006A00  41 06 10 28 20 00 00 00... beq     r2, r5, .dmrl_nomem
00006A08  01 0E 00 00 00 00 00 00... move.q  r1, r0
00006A10  01 15 00 00 02 00 00 00... move.l  r2, #DOS_ERR_BADARG
00006A18  51 00 00 00 00 00 00 00... rts
                         .dmrl_nomem:
00006A20  01 0E 00 00 00 00 00 00... move.q  r1, r0
00006A28  01 15 00 00 06 00 00 00... move.l  r2, #DOS_ERR_NOMEM
00006A30  51 00 00 00 00 00 00 00... rts
                         .dmrl_ok:
00006A38  01 15 00 00 00 00 00 00... move.l  r2, #DOS_OK
00006A40  51 00 00 00 00 00 00 00... rts
                         .dos_launch_hostfs_resolved_name:
00006A48  11 BF E8 00 50 01 00 00... store.q r23, 336(r29)
00006A50  01 0E B8 00 00 00 00 00... move.q  r1, r23
00006A58  50 06 00 00 60 25 00 00... jsr     .dos_hostfs_relpath_for_resolved_name
00006A60  41 06 18 00 30 04 00 00... beq r3, r0, .dlhrn_notfound
00006A68  01 C6 08 00 00 00 00 00... move.q  r24, r1
00006A70  01 DE C0 00 00 00 00 00... move.q  r27, r24
00006A78  40 06 00 00 38 00 00 00... bra     .dlhrn_have_relpath
                         .dos_launch_hostfs_relpath_name:
00006A80  01 C6 B8 00 00 00 00 00... move.q  r24, r23
00006A88  01 DE C0 00 00 00 00 00... move.q  r27, r24
00006A90  11 BF E8 00 78 03 00 00... store.q r23, 888(r29)
00006A98  11 87 E8 00 A0 02 00 00... store.q r16, 672(r29)
00006AA0  11 97 E8 00 A8 02 00 00... store.q r18, 680(r29)
00006AA8  11 8F E8 00 B0 02 00 00... store.q r17, 688(r29)
                         .dlhrn_have_relpath:
00006AB0  01 0E C0 00 00 00 00 00... move.q  r1, r24
00006AB8  50 06 00 00 D0 2E 00 00... jsr     .dos_bootfs_stat
00006AC0  42 06 18 00 58 03 00 00... bne r3, r0, .dlhrn_hosterr
00006AC8  01 CE 08 00 00 00 00 00... move.q  r25, r1
00006AD0  41 06 C8 00 18 03 00 00... beq r25, r0, .dlhrn_badarg
00006AD8  11 CF E8 00 70 02 00 00... store.q r25, 624(r29)
00006AE0  01 0E D8 00 00 00 00 00... move.q  r1, r27
00006AE8  50 06 00 00 38 2F 00 00... jsr     .dos_bootfs_open
00006AF0  42 06 10 00 40 03 00 00... bne r2, r0, .dlhrn_hosterr_r2
00006AF8  01 A6 08 00 00 00 00 00... move.q  r20, r1
00006B00  11 A7 E8 00 68 02 00 00... store.q r20, 616(r29)
00006B08  10 CF E8 00 70 02 00 00... load.q  r25, 624(r29)
00006B10  52 06 E8 00 00 00 00 00... push    r29
00006B18  01 0E C8 00 00 00 00 00... move.q  r1, r25
00006B20  01 15 00 00 00 00 01 00... move.l  r2, #MEMF_CLEAR
00006B28  EB 01 00 00 01 00 00 00... syscall #SYS_ALLOC_MEM
00006B30  53 EE 00 00 00 00 00 00... pop     r29
00006B38  42 06 10 00 C0 01 00 00... bne r2, r0, .dlhrn_nomem_close
00006B40  11 0F E8 00 28 01 00 00... store.q r1, 296(r29)
00006B48  10 A7 E8 00 68 02 00 00... load.q  r20, 616(r29)
00006B50  01 0E A0 00 00 00 00 00... move.q  r1, r20
00006B58  10 17 E8 00 28 01 00 00... load.q  r2, 296(r29)
00006B60  01 1E C8 00 00 00 00 00... move.q  r3, r25
00006B68  50 06 00 00 18 30 00 00... jsr     .dos_bootfs_read_all
00006B70  11 0F E8 00 60 02 00 00... store.q r1, 608(r29)
00006B78  01 D6 10 00 00 00 00 00... move.q  r26, r2
00006B80  10 A7 E8 00 68 02 00 00... load.q  r20, 616(r29)
00006B88  01 0E A0 00 00 00 00 00... move.q  r1, r20
00006B90  50 06 00 00 10 31 00 00... jsr     .dos_bootfs_close
00006B98  42 06 D0 00 D0 01 00 00... bne r26, r0, .dlhrn_free_tmp_readerr
00006BA0  10 AF E8 00 28 01 00 00... load.q  r21, 296(r29)
00006BA8  10 BF E8 00 60 02 00 00... load.q  r23, 608(r29)
00006BB0  10 7C A8 00 00 00 00 00... load.l  r15, (r21)
00006BB8  01 E5 00 00 7F 45 4C 46... move.l  r28, #0x464C457F
00006BC0  42 06 78 E0 E8 01 00 00... bne     r15, r28, .dlhrn_free_tmp_nonelf
00006BC8  01 0E A8 00 00 00 00 00... move.q  r1, r21
00006BD0  01 16 B8 00 00 00 00 00... move.q  r2, r23
00006BD8  10 77 E8 00 A0 02 00 00... load.q  r14, 672(r29)
00006BE0  10 7F E8 00 A8 02 00 00... load.q  r15, 680(r29)
00006BE8  10 87 E8 00 B0 02 00 00... load.q  r16, 688(r29)
00006BF0  52 06 80 00 00 00 00 00... push    r16
00006BF8  52 06 78 00 00 00 00 00... push    r15
00006C00  52 06 70 00 00 00 00 00... push    r14
00006C08  52 06 B8 00 00 00 00 00... push    r23
00006C10  52 06 A8 00 00 00 00 00... push    r21
00006C18  50 06 00 00 88 1E 00 00... jsr     .dos_validate_loaded_elf_aslr_contract
00006C20  53 AE 00 00 00 00 00 00... pop     r21
00006C28  53 BE 00 00 00 00 00 00... pop     r23
00006C30  53 76 00 00 00 00 00 00... pop     r14
00006C38  53 7E 00 00 00 00 00 00... pop     r15
00006C40  53 86 00 00 00 00 00 00... pop     r16
00006C48  11 77 E8 00 A0 02 00 00... store.q r14, 672(r29)
00006C50  11 7F E8 00 A8 02 00 00... store.q r15, 680(r29)
00006C58  11 87 E8 00 B0 02 00 00... store.q r16, 688(r29)
00006C60  42 06 A0 00 C8 00 00 00... bne r20, r0, .dlhrn_free_tmp_badarg
00006C68  52 06 E8 00 00 00 00 00... push    r29
00006C70  01 0E A8 00 00 00 00 00... move.q  r1, r21
00006C78  01 16 B8 00 00 00 00 00... move.q  r2, r23
00006C80  10 1F E8 00 A0 02 00 00... load.q  r3, 672(r29)
00006C88  10 27 E8 00 A8 02 00 00... load.q  r4, 680(r29)
00006C90  10 2F E8 00 B0 02 00 00... load.q  r5, 688(r29)
00006C98  EB 01 00 00 29 00 00 00... syscall #SYS_BOOT_ELF_EXEC
00006CA0  53 EE 00 00 00 00 00 00... pop     r29
00006CA8  11 0F E8 00 30 01 00 00... store.q r1, 304(r29)
00006CB0  11 17 E8 00 38 01 00 00... store.q r2, 312(r29)
00006CB8  52 06 E8 00 00 00 00 00... push    r29
00006CC0  10 0F E8 00 28 01 00 00... load.q  r1, 296(r29)
00006CC8  10 17 E8 00 70 02 00 00... load.q  r2, 624(r29)
00006CD0  EB 01 00 00 02 00 00 00... syscall #SYS_FREE_MEM
00006CD8  53 EE 00 00 00 00 00 00... pop     r29
00006CE0  10 0F E8 00 30 01 00 00... load.q  r1, 304(r29)
00006CE8  10 17 E8 00 38 01 00 00... load.q  r2, 312(r29)
00006CF0  51 00 00 00 00 00 00 00... rts
                         .dlhrn_nomem_close:
00006CF8  10 A7 E8 00 68 02 00 00... load.q  r20, 616(r29)
00006D00  01 0E A0 00 00 00 00 00... move.q  r1, r20
00006D08  50 06 00 00 98 2F 00 00... jsr     .dos_bootfs_close
00006D10  01 0E 00 00 00 00 00 00... move.q  r1, r0
00006D18  01 15 00 00 06 00 00 00... move.l  r2, #DOS_ERR_NOMEM
00006D20  51 00 00 00 00 00 00 00... rts
                         .dlhrn_free_tmp_badarg:
00006D28  52 06 E8 00 00 00 00 00... push    r29
00006D30  10 0F E8 00 28 01 00 00... load.q  r1, 296(r29)
00006D38  10 17 E8 00 70 02 00 00... load.q  r2, 624(r29)
00006D40  EB 01 00 00 02 00 00 00... syscall #SYS_FREE_MEM
00006D48  53 EE 00 00 00 00 00 00... pop     r29
00006D50  01 0E 00 00 00 00 00 00... move.q  r1, r0
00006D58  01 15 00 00 02 00 00 00... move.l  r2, #DOS_ERR_BADARG
00006D60  51 00 00 00 00 00 00 00... rts
                         .dlhrn_free_tmp_readerr:
00006D68  52 06 E8 00 00 00 00 00... push    r29
00006D70  10 0F E8 00 28 01 00 00... load.q  r1, 296(r29)
00006D78  10 17 E8 00 70 02 00 00... load.q  r2, 624(r29)
00006D80  EB 01 00 00 02 00 00 00... syscall #SYS_FREE_MEM
00006D88  53 EE 00 00 00 00 00 00... pop     r29
00006D90  01 0E 00 00 00 00 00 00... move.q  r1, r0
00006D98  01 16 D0 00 00 00 00 00... move.q  r2, r26
00006DA0  51 00 00 00 00 00 00 00... rts
                         .dlhrn_free_tmp_nonelf:
00006DA8  52 06 E8 00 00 00 00 00... push    r29
00006DB0  10 0F E8 00 28 01 00 00... load.q  r1, 296(r29)
00006DB8  10 17 E8 00 70 02 00 00... load.q  r2, 624(r29)
00006DC0  EB 01 00 00 02 00 00 00... syscall #SYS_FREE_MEM
00006DC8  53 EE 00 00 00 00 00 00... pop     r29
00006DD0  01 0E 00 00 00 00 00 00... move.q  r1, r0
00006DD8  01 15 00 00 02 00 00 00... move.l  r2, #DOS_ERR_BADARG
00006DE0  51 00 00 00 00 00 00 00... rts
                         .dlhrn_badarg:
00006DE8  01 0E 00 00 00 00 00 00... move.q  r1, r0
00006DF0  01 15 00 00 02 00 00 00... move.l  r2, #DOS_ERR_BADARG
00006DF8  51 00 00 00 00 00 00 00... rts
                         .dlhrn_nonfile:
00006E00  01 0E 00 00 00 00 00 00... move.q  r1, r0
00006E08  01 15 00 00 02 00 00 00... move.l  r2, #DOS_ERR_BADARG
00006E10  51 00 00 00 00 00 00 00... rts
                         .dlhrn_hosterr:
00006E18  01 0E 00 00 00 00 00 00... move.q  r1, r0
00006E20  01 A6 18 00 00 00 00 00... move.q  r20, r3
00006E28  40 06 00 00 18 00 00 00... bra     .dlhrn_map_err
                         .dlhrn_hosterr_r2:
00006E30  01 0E 00 00 00 00 00 00... move.q  r1, r0
00006E38  01 A6 10 00 00 00 00 00... move.q  r20, r2
                         .dlhrn_map_err:
00006E40  01 AD 00 00 04 00 00 00... move.l  r21, #ERR_NOTFOUND
00006E48  42 06 A0 A8 18 00 00 00... bne     r20, r21, .dlhrn_map_nomem
00006E50  01 15 00 00 01 00 00 00... move.l  r2, #DOS_ERR_NOTFOUND
00006E58  51 00 00 00 00 00 00 00... rts
                         .dlhrn_map_nomem:
00006E60  01 AD 00 00 01 00 00 00... move.l  r21, #ERR_NOMEM
00006E68  42 06 A0 A8 18 00 00 00... bne     r20, r21, .dlhrn_map_badarg
00006E70  01 15 00 00 06 00 00 00... move.l  r2, #DOS_ERR_NOMEM
00006E78  51 00 00 00 00 00 00 00... rts
                         .dlhrn_map_badarg:
00006E80  01 15 00 00 02 00 00 00... move.l  r2, #DOS_ERR_BADARG
00006E88  51 00 00 00 00 00 00 00... rts
                         .dlhrn_notfound:
00006E90  01 0E 00 00 00 00 00 00... move.q  r1, r0
00006E98  01 15 00 00 01 00 00 00... move.l  r2, #DOS_ERR_NOTFOUND
00006EA0  51 00 00 00 00 00 00 00... rts
                         .dos_assign_name_eq_ci:
00006EA8  01 A5 00 00 00 00 00 00... move.l  r20, #0
                         .dane_loop:
00006EB0  44 06 A0 10 98 00 00 00... bge     r20, r2, .dane_input_done
00006EB8  20 AE 08 A0 00 00 00 00... add     r21, r1, r20
00006EC0  10 A8 A8 00 00 00 00 00... load.b  r21, (r21)
00006EC8  20 C6 18 A0 00 00 00 00... add     r24, r3, r20
00006ED0  10 C0 C0 00 00 00 00 00... load.b  r24, (r24)
00006ED8  41 06 C0 00 88 00 00 00... beq r24, r0, .dane_mismatch
00006EE0  01 CD 00 00 61 00 00 00... move.l  r25, #0x61
00006EE8  43 06 A8 C8 20 00 00 00... blt     r21, r25, .dane_a_done
00006EF0  01 CD 00 00 7B 00 00 00... move.l  r25, #0x7B
00006EF8  44 06 A8 C8 10 00 00 00... bge     r21, r25, .dane_a_done
00006F00  21 AF A8 00 20 00 00 00... sub     r21, r21, #0x20
                         .dane_a_done:
00006F08  01 CD 00 00 61 00 00 00... move.l  r25, #0x61
00006F10  43 06 C0 C8 20 00 00 00... blt     r24, r25, .dane_b_done
00006F18  01 CD 00 00 7B 00 00 00... move.l  r25, #0x7B
00006F20  44 06 C0 C8 10 00 00 00... bge     r24, r25, .dane_b_done
00006F28  21 C7 C0 00 20 00 00 00... sub     r24, r24, #0x20
                         .dane_b_done:
00006F30  42 06 A8 C0 30 00 00 00... bne     r21, r24, .dane_mismatch
00006F38  20 A7 A0 00 01 00 00 00... add     r20, r20, #1
00006F40  40 06 00 00 70 FF FF FF... bra     .dane_loop
                         .dane_input_done:
00006F48  20 C6 18 10 00 00 00 00... add     r24, r3, r2
00006F50  10 C0 C0 00 00 00 00 00... load.b  r24, (r24)
00006F58  41 06 C0 00 18 00 00 00... beq r24, r0, .dane_match
                         .dane_mismatch:
00006F60  01 BD 00 00 01 00 00 00... move.l  r23, #1
00006F68  51 00 00 00 00 00 00 00... rts
                         .dane_match:
00006F70  01 BE 00 00 00 00 00 00... move.q  r23, r0
00006F78  51 00 00 00 00 00 00 00... rts
                         .dos_assign_target_len:
00006F80  01 15 00 00 00 00 00 00... move.l  r2, #0
                         .datl_loop:
00006F88  20 C6 08 10 00 00 00 00... add     r24, r1, r2
00006F90  10 C8 C0 00 00 00 00 00... load.b  r25, (r24)
00006F98  41 06 C8 00 20 00 00 00... beq r25, r0, .datl_done
00006FA0  20 17 10 00 01 00 00 00... add     r2, r2, #1
00006FA8  01 C5 00 00 10 00 00 00... move.l  r24, #DOS_ASSIGN_TARGET_MAX
00006FB0  43 06 10 C0 D8 FF FF FF... blt     r2, r24, .datl_loop
                         .datl_done:
00006FB8  51 00 00 00 00 00 00 00... rts
                         .dos_assign_find_entry:
00006FC0  20 AF E8 00 C1 05 00 00... add     r21, r29, #(prog_doslib_assign_table - prog_doslib_data)
00006FC8  01 A5 00 00 00 00 00 00... move.l  r20, #0
                         .dafe_loop:
00006FD0  01 C5 00 00 10 00 00 00... move.l  r24, #DOS_ASSIGN_TABLE_COUNT
00006FD8  44 06 A0 C0 A8 00 00 00... bge     r20, r24, .dafe_notfound
00006FE0  10 C0 A8 00 00 00 00 00... load.b  r24, (r21)
00006FE8  41 06 C0 00 60 00 00 00... beq r24, r0, .dafe_next_empty
00006FF0  01 D6 A8 00 00 00 00 00... move.q  r26, r21
00006FF8  01 1E D0 00 00 00 00 00... move.q  r3, r26
00007000  52 06 A0 00 00 00 00 00... push    r20
00007008  52 06 A8 00 00 00 00 00... push    r21
00007010  50 06 00 00 98 FE FF FF... jsr     .dos_assign_name_eq_ci
00007018  53 AE 00 00 00 00 00 00... pop     r21
00007020  53 A6 00 00 00 00 00 00... pop     r20
00007028  41 06 B8 00 38 00 00 00... beq r23, r0, .dafe_found
                         .dafe_next:
00007030  20 AF D0 00 20 00 00 00... add     r21, r26, #DOS_ASSIGN_ENTRY_SZ
00007038  20 A7 A0 00 01 00 00 00... add     r20, r20, #1
00007040  40 06 00 00 90 FF FF FF... bra     .dafe_loop
                         .dafe_next_empty:
00007048  20 AF A8 00 20 00 00 00... add     r21, r21, #DOS_ASSIGN_ENTRY_SZ
00007050  20 A7 A0 00 01 00 00 00... add     r20, r20, #1
00007058  40 06 00 00 78 FF FF FF... bra     .dafe_loop
                         .dafe_found:
00007060  01 0E D0 00 00 00 00 00... move.q  r1, r26
00007068  01 16 A0 00 00 00 00 00... move.q  r2, r20
00007070  01 1D 00 00 01 00 00 00... move.l  r3, #1
00007078  51 00 00 00 00 00 00 00... rts
                         .dafe_notfound:
00007080  01 0E 00 00 00 00 00 00... move.q  r1, r0
00007088  01 16 00 00 00 00 00 00... move.q  r2, r0
00007090  01 1E 00 00 00 00 00 00... move.q  r3, r0
00007098  51 00 00 00 00 00 00 00... rts
                         .dos_assign_find_free_entry:
000070A0  20 AF E8 00 C1 05 00 00... add     r21, r29, #(prog_doslib_assign_table - prog_doslib_data)
000070A8  01 A5 00 00 08 00 00 00... move.l  r20, #DOS_ASSIGN_DEFAULT_COUNT
000070B0  01 C5 00 00 08 00 00 00... move.l  r24, #DOS_ASSIGN_DEFAULT_COUNT
000070B8  34 C7 C0 00 05 00 00 00... lsl     r24, r24, #5
000070C0  20 AE A8 C0 00 00 00 00... add     r21, r21, r24
                         .daffe_loop:
000070C8  01 C5 00 00 10 00 00 00... move.l  r24, #DOS_ASSIGN_TABLE_COUNT
000070D0  44 06 A0 C0 50 00 00 00... bge     r20, r24, .daffe_notfound
000070D8  10 C0 A8 00 00 00 00 00... load.b  r24, (r21)
000070E0  41 06 C0 00 20 00 00 00... beq r24, r0, .daffe_found
000070E8  20 AF A8 00 20 00 00 00... add     r21, r21, #DOS_ASSIGN_ENTRY_SZ
000070F0  20 A7 A0 00 01 00 00 00... add     r20, r20, #1
000070F8  40 06 00 00 D0 FF FF FF... bra     .daffe_loop
                         .daffe_found:
00007100  01 0E A8 00 00 00 00 00... move.q  r1, r21
00007108  01 16 A0 00 00 00 00 00... move.q  r2, r20
00007110  01 1D 00 00 01 00 00 00... move.l  r3, #1
00007118  51 00 00 00 00 00 00 00... rts
                         .daffe_notfound:
00007120  01 0E 00 00 00 00 00 00... move.q  r1, r0
00007128  01 16 00 00 00 00 00 00... move.q  r2, r0
00007130  01 1E 00 00 00 00 00 00... move.q  r3, r0
00007138  51 00 00 00 00 00 00 00... rts
                         .dos_assign_builtin_root_row:
00007140  01 D6 08 00 00 00 00 00... move.q  r26, r1
00007148  01 DE 10 00 00 00 00 00... move.q  r27, r2
00007150  01 C5 00 00 03 00 00 00... move.l  r24, #3
00007158  42 06 D8 C0 30 00 00 00... bne     r27, r24, .dabr_try_iossys
00007160  01 0E D0 00 00 00 00 00... move.q  r1, r26
00007168  01 16 D8 00 00 00 00 00... move.q  r2, r27
00007170  20 1F E8 00 F2 04 00 00... add     r3, r29, #(prog_doslib_assign_builtin_sys_row - prog_doslib_data)
00007178  50 06 00 00 30 FD FF FF... jsr     .dos_assign_name_eq_ci
00007180  41 06 B8 00 58 00 00 00... beq r23, r0, .dabr_sys
                         .dabr_try_iossys:
00007188  01 C5 00 00 06 00 00 00... move.l  r24, #6
00007190  42 06 D8 C0 30 00 00 00... bne     r27, r24, .dabr_notfound
00007198  01 0E D0 00 00 00 00 00... move.q  r1, r26
000071A0  01 16 D8 00 00 00 00 00... move.q  r2, r27
000071A8  20 1F E8 00 32 05 00 00... add     r3, r29, #(prog_doslib_assign_builtin_iossys_row - prog_doslib_data)
000071B0  50 06 00 00 F8 FC FF FF... jsr     .dos_assign_name_eq_ci
000071B8  41 06 B8 00 38 00 00 00... beq r23, r0, .dabr_iossys
                         .dabr_notfound:
000071C0  01 0E 00 00 00 00 00 00... move.q  r1, r0
000071C8  01 1E 00 00 00 00 00 00... move.q  r3, r0
000071D0  51 00 00 00 00 00 00 00... rts
                         .dabr_sys:
000071D8  20 0F E8 00 F2 04 00 00... add     r1, r29, #(prog_doslib_assign_builtin_sys_row - prog_doslib_data)
000071E0  01 1D 00 00 01 00 00 00... move.l  r3, #1
000071E8  51 00 00 00 00 00 00 00... rts
                         .dabr_iossys:
000071F0  20 0F E8 00 32 05 00 00... add     r1, r29, #(prog_doslib_assign_builtin_iossys_row - prog_doslib_data)
000071F8  01 1D 00 00 01 00 00 00... move.l  r3, #1
00007200  51 00 00 00 00 00 00 00... rts
                         .dos_assign_builtin_root_query_row:
00007208  01 D6 08 00 00 00 00 00... move.q  r26, r1
00007210  01 DE 10 00 00 00 00 00... move.q  r27, r2
00007218  01 C5 00 00 03 00 00 00... move.l  r24, #3
00007220  42 06 D8 C0 30 00 00 00... bne     r27, r24, .dabrq_try_iossys
00007228  01 0E D0 00 00 00 00 00... move.q  r1, r26
00007230  01 16 D8 00 00 00 00 00... move.q  r2, r27
00007238  20 1F E8 00 F2 04 00 00... add     r3, r29, #(prog_doslib_assign_builtin_sys_row - prog_doslib_data)
00007240  50 06 00 00 68 FC FF FF... jsr     .dos_assign_name_eq_ci
00007248  41 06 B8 00 58 00 00 00... beq r23, r0, .dabrq_sys
                         .dabrq_try_iossys:
00007250  01 C5 00 00 06 00 00 00... move.l  r24, #6
00007258  42 06 D8 C0 30 00 00 00... bne     r27, r24, .dabrq_notfound
00007260  01 0E D0 00 00 00 00 00... move.q  r1, r26
00007268  01 16 D8 00 00 00 00 00... move.q  r2, r27
00007270  20 1F E8 00 12 05 00 00... add     r3, r29, #(prog_doslib_assign_builtin_iossys_query_row - prog_doslib_data)
00007278  50 06 00 00 30 FC FF FF... jsr     .dos_assign_name_eq_ci
00007280  41 06 B8 00 38 00 00 00... beq r23, r0, .dabrq_iossys
                         .dabrq_notfound:
00007288  01 0E 00 00 00 00 00 00... move.q  r1, r0
00007290  01 1E 00 00 00 00 00 00... move.q  r3, r0
00007298  51 00 00 00 00 00 00 00... rts
                         .dabrq_sys:
000072A0  20 0F E8 00 F2 04 00 00... add     r1, r29, #(prog_doslib_assign_builtin_sys_row - prog_doslib_data)
000072A8  01 1D 00 00 01 00 00 00... move.l  r3, #1
000072B0  51 00 00 00 00 00 00 00... rts
                         .dabrq_iossys:
000072B8  20 0F E8 00 12 05 00 00... add     r1, r29, #(prog_doslib_assign_builtin_iossys_query_row - prog_doslib_data)
000072C0  01 1D 00 00 01 00 00 00... move.l  r3, #1
000072C8  51 00 00 00 00 00 00 00... rts
                         .dos_assign_lookup:
000072D0  11 A7 E8 00 28 03 00 00... store.q r20, 808(r29)
000072D8  11 DF E8 00 08 03 00 00... store.q r27, 776(r29)
000072E0  11 0F E8 00 C0 01 00 00... store.q r1, 448(r29)
000072E8  11 17 E8 00 C8 01 00 00... store.q r2, 456(r29)
000072F0  50 06 00 00 D0 FC FF FF... jsr     .dos_assign_find_entry
000072F8  42 06 18 00 40 00 00 00... bne r3, r0, .dal_found_table
00007300  10 0F E8 00 C0 01 00 00... load.q  r1, 448(r29)
00007308  10 17 E8 00 C8 01 00 00... load.q  r2, 456(r29)
00007310  50 06 00 00 30 FE FF FF... jsr     .dos_assign_builtin_root_row
00007318  41 06 18 00 20 01 00 00... beq r3, r0, .dal_notfound
00007320  10 D7 E8 00 70 03 00 00... load.q  r26, 880(r29)
00007328  42 06 D0 00 10 01 00 00... bne r26, r0, .dal_notfound
00007330  40 06 00 00 C8 00 00 00... bra     .dal_found
                         .dal_found_table:
00007338  11 0F E8 00 60 03 00 00... store.q r1, 864(r29)
00007340  11 17 E8 00 68 03 00 00... store.q r2, 872(r29)
00007348  10 CF E8 00 58 03 00 00... load.q  r25, 856(r29)
00007350  42 06 C8 00 A0 00 00 00... bne r25, r0, .dal_reload_entry
00007358  01 0E 10 00 00 00 00 00... move.q  r1, r2
00007360  50 06 00 00 70 0A 00 00... jsr     .dos_assign_slot_layered_p
00007368  41 06 18 00 78 00 00 00... beq r3, r0, .dal_not_layered
00007370  10 0F E8 00 68 03 00 00... load.q  r1, 872(r29)
00007378  50 06 00 00 A8 0A 00 00... jsr     .dos_assign_overlay_for_slot
00007380  01 A6 08 00 00 00 00 00... move.q  r20, r1
00007388  10 A8 A0 00 00 00 00 00... load.b  r21, (r20)
00007390  10 D7 E8 00 70 03 00 00... load.q  r26, 880(r29)
00007398  44 06 D0 A8 38 00 00 00... bge     r26, r21, .dal_layered_past_overlay
000073A0  01 DD 00 00 10 00 00 00... move.l  r27, #DOS_ASSIGN_OVERLAY_TGT_SZ
000073A8  22 E6 D0 D8 00 00 00 00... mulu.q  r28, r26, r27
000073B0  20 E7 E0 00 08 00 00 00... add     r28, r28, #8
000073B8  20 0E A0 E0 00 00 00 00... add     r1, r20, r28
000073C0  50 06 00 00 C0 FB FF FF... jsr     .dos_assign_target_len
000073C8  40 06 00 00 40 00 00 00... bra     .dal_return_ok
                         .dal_layered_past_overlay:
000073D0  41 06 D0 A8 20 00 00 00... beq     r26, r21, .dal_reload_entry
000073D8  40 06 00 00 60 00 00 00... bra     .dal_notfound
                         .dal_not_layered:
000073E0  10 D7 E8 00 70 03 00 00... load.q  r26, 880(r29)
000073E8  42 06 D0 00 50 00 00 00... bne r26, r0, .dal_notfound
                         .dal_reload_entry:
000073F0  10 0F E8 00 60 03 00 00... load.q  r1, 864(r29)
                         .dal_found:
000073F8  20 0F 08 00 10 00 00 00... add     r1, r1, #DOS_ASSIGN_TARGET_OFF
00007400  50 06 00 00 80 FB FF FF... jsr     .dos_assign_target_len
                         .dal_return_ok:
00007408  11 07 E8 00 58 03 00 00... store.q r0, 856(r29)
00007410  11 07 E8 00 70 03 00 00... store.q r0, 880(r29)
00007418  10 A7 E8 00 28 03 00 00... load.q  r20, 808(r29)
00007420  10 DF E8 00 08 03 00 00... load.q  r27, 776(r29)
00007428  01 1D 00 00 01 00 00 00... move.l  r3, #1
00007430  51 00 00 00 00 00 00 00... rts
                         .dal_notfound:
00007438  11 07 E8 00 58 03 00 00... store.q r0, 856(r29)
00007440  11 07 E8 00 70 03 00 00... store.q r0, 880(r29)
00007448  10 A7 E8 00 28 03 00 00... load.q  r20, 808(r29)
00007450  10 DF E8 00 08 03 00 00... load.q  r27, 776(r29)
00007458  01 0E 00 00 00 00 00 00... move.q  r1, r0
00007460  01 16 00 00 00 00 00 00... move.q  r2, r0
00007468  01 1E 00 00 00 00 00 00... move.q  r3, r0
00007470  51 00 00 00 00 00 00 00... rts
                         .dos_assign_read_name:
00007478  01 B6 18 00 00 00 00 00... move.q  r22, r3
00007480  01 A5 00 00 00 00 00 00... move.l  r20, #0
                         .darn_loop:
00007488  01 C5 00 00 10 00 00 00... move.l  r24, #DOS_ASSIGN_NAME_MAX
00007490  21 C7 C0 00 01 00 00 00... sub     r24, r24, #1
00007498  44 06 A0 C0 98 00 00 00... bge     r20, r24, .darn_limit
000074A0  20 AE 08 A0 00 00 00 00... add     r21, r1, r20
000074A8  10 C0 A8 00 00 00 00 00... load.b  r24, (r21)
000074B0  41 06 C0 00 98 00 00 00... beq r24, r0, .darn_done
000074B8  01 CD 00 00 3A 00 00 00... move.l  r25, #0x3A
000074C0  41 06 C0 C8 10 04 00 00... beq     r24, r25, .darn_bad
000074C8  01 CD 00 00 61 00 00 00... move.l  r25, #0x61
000074D0  43 06 C0 C8 20 00 00 00... blt     r24, r25, .darn_upper_chk
000074D8  01 CD 00 00 7B 00 00 00... move.l  r25, #0x7B
000074E0  44 06 C0 C8 10 00 00 00... bge     r24, r25, .darn_upper_chk
000074E8  21 C7 C0 00 20 00 00 00... sub     r24, r24, #0x20
                         .darn_upper_chk:
000074F0  01 CD 00 00 41 00 00 00... move.l  r25, #0x41
000074F8  43 06 C0 C8 D8 03 00 00... blt     r24, r25, .darn_bad
00007500  01 CD 00 00 5B 00 00 00... move.l  r25, #0x5B
00007508  44 06 C0 C8 C8 03 00 00... bge     r24, r25, .darn_bad
00007510  20 AE B0 A0 00 00 00 00... add     r21, r22, r20
00007518  11 C0 A8 00 00 00 00 00... store.b r24, (r21)
00007520  20 A7 A0 00 01 00 00 00... add     r20, r20, #1
00007528  40 06 00 00 60 FF FF FF... bra     .darn_loop
                         .darn_limit:
00007530  20 AE 08 A0 00 00 00 00... add     r21, r1, r20
00007538  10 C0 A8 00 00 00 00 00... load.b  r24, (r21)
00007540  41 06 C0 00 08 00 00 00... beq r24, r0, .darn_done
                         .darn_done:
00007548  41 06 A0 00 88 03 00 00... beq r20, r0, .darn_bad
00007550  20 AE B0 A0 00 00 00 00... add     r21, r22, r20
00007558  11 00 A8 00 00 00 00 00... store.b r0, (r21)
00007560  01 0E B0 00 00 00 00 00... move.q  r1, r22
00007568  01 16 A0 00 00 00 00 00... move.q  r2, r20
00007570  01 1D 00 00 01 00 00 00... move.l  r3, #1
00007578  51 00 00 00 00 00 00 00... rts
                         .darn_bad:
                         .davt_bad:
00007580  01 0E 00 00 00 00 00 00... move.q  r1, r0
00007588  01 16 00 00 00 00 00 00... move.q  r2, r0
00007590  01 1E 00 00 00 00 00 00... move.q  r3, r0
00007598  51 00 00 00 00 00 00 00... rts
                         .dos_assign_validate_target:
000075A0  01 DE 08 00 00 00 00 00... move.q  r27, r1
000075A8  01 A5 00 00 00 00 00 00... move.l  r20, #0
                         .davt_len:
000075B0  01 C5 00 00 10 00 00 00... move.l  r24, #DOS_ASSIGN_TARGET_MAX
000075B8  21 C7 C0 00 01 00 00 00... sub     r24, r24, #1
000075C0  44 06 A0 C0 30 00 00 00... bge     r20, r24, .davt_limit
000075C8  20 AE D8 A0 00 00 00 00... add     r21, r27, r20
000075D0  10 C0 A8 00 00 00 00 00... load.b  r24, (r21)
000075D8  41 06 C0 00 30 00 00 00... beq r24, r0, .davt_len_done
000075E0  20 A7 A0 00 01 00 00 00... add     r20, r20, #1
000075E8  40 06 00 00 C8 FF FF FF... bra     .davt_len
                         .davt_limit:
000075F0  20 AE D8 A0 00 00 00 00... add     r21, r27, r20
000075F8  10 C0 A8 00 00 00 00 00... load.b  r24, (r21)
00007600  42 06 C0 00 80 FF FF FF... bne r24, r0, .davt_bad
                         .davt_len_done:
00007608  01 C5 00 00 02 00 00 00... move.l  r24, #2
00007610  43 06 A0 C0 70 FF FF FF... blt     r20, r24, .davt_bad
00007618  20 AE D8 A0 00 00 00 00... add     r21, r27, r20
00007620  21 AF A8 00 01 00 00 00... sub     r21, r21, #1
00007628  10 C0 A8 00 00 00 00 00... load.b  r24, (r21)
00007630  01 CD 00 00 2F 00 00 00... move.l  r25, #0x2F
00007638  42 06 C0 C8 48 FF FF FF... bne     r24, r25, .davt_bad
00007640  20 B7 E8 00 D0 00 00 00... add     r22, r29, #208
00007648  01 D5 00 00 00 00 00 00... move.l  r26, #0
00007650  01 E6 00 00 00 00 00 00... move.q  r28, r0
00007658  01 F6 00 00 00 00 00 00... move.q  r30, r0
                         .davt_copy_path:
00007660  44 06 D0 A0 D8 00 00 00... bge     r26, r20, .davt_path_done
00007668  20 AE D8 D0 00 00 00 00... add     r21, r27, r26
00007670  10 C0 A8 00 00 00 00 00... load.b  r24, (r21)
00007678  01 CD 00 00 2F 00 00 00... move.l  r25, #0x2F
00007680  41 06 C0 C8 80 00 00 00... beq     r24, r25, .davt_store_slash
00007688  01 CD 00 00 61 00 00 00... move.l  r25, #0x61
00007690  43 06 C0 C8 20 00 00 00... blt     r24, r25, .davt_path_upper_chk
00007698  01 CD 00 00 7B 00 00 00... move.l  r25, #0x7B
000076A0  44 06 C0 C8 10 00 00 00... bge     r24, r25, .davt_path_upper_chk
000076A8  21 C7 C0 00 20 00 00 00... sub     r24, r24, #0x20
                         .davt_path_upper_chk:
000076B0  01 CD 00 00 41 00 00 00... move.l  r25, #0x41
000076B8  43 06 C0 C8 C8 FE FF FF... blt     r24, r25, .davt_bad
000076C0  01 CD 00 00 5B 00 00 00... move.l  r25, #0x5B
000076C8  44 06 C0 C8 B8 FE FF FF... bge     r24, r25, .davt_bad
000076D0  42 06 F0 00 10 00 00 00... bne r30, r0, .davt_store_char
000076D8  20 E7 E0 00 01 00 00 00... add     r28, r28, #1
                         .davt_store_char:
000076E0  20 AE B0 D0 00 00 00 00... add     r21, r22, r26
000076E8  11 C0 A8 00 00 00 00 00... store.b r24, (r21)
000076F0  20 D7 D0 00 01 00 00 00... add     r26, r26, #1
000076F8  40 06 00 00 68 FF FF FF... bra     .davt_copy_path
                         .davt_store_slash:
00007700  41 06 D0 00 80 FE FF FF... beq r26, r0, .davt_bad
00007708  41 06 E0 00 78 FE FF FF... beq r28, r0, .davt_bad
00007710  01 F5 00 00 01 00 00 00... move.l  r30, #1
00007718  20 AE B0 D0 00 00 00 00... add     r21, r22, r26
00007720  11 C0 A8 00 00 00 00 00... store.b r24, (r21)
00007728  20 D7 D0 00 01 00 00 00... add     r26, r26, #1
00007730  40 06 00 00 30 FF FF FF... bra     .davt_copy_path
                         .davt_path_done:
00007738  20 AE B0 D0 00 00 00 00... add     r21, r22, r26
00007740  11 00 A8 00 00 00 00 00... store.b r0, (r21)
00007748  01 C5 00 00 03 00 00 00... move.l  r24, #3
00007750  42 06 E0 C0 88 00 00 00... bne     r28, r24, .davt_check_ram
00007758  10 C0 B0 00 00 00 00 00... load.b  r24, (r22)
00007760  01 CD 00 00 53 00 00 00... move.l  r25, #0x53
00007768  42 06 C0 C8 70 00 00 00... bne     r24, r25, .davt_check_ram
00007770  10 C1 B0 00 01 00 00 00... load.b  r24, 1(r22)
00007778  01 CD 00 00 59 00 00 00... move.l  r25, #0x59
00007780  42 06 C0 C8 58 00 00 00... bne     r24, r25, .davt_check_ram
00007788  10 C1 B0 00 02 00 00 00... load.b  r24, 2(r22)
00007790  01 CD 00 00 53 00 00 00... move.l  r25, #0x53
00007798  42 06 C0 C8 40 00 00 00... bne     r24, r25, .davt_check_ram
000077A0  10 C1 B0 00 03 00 00 00... load.b  r24, 3(r22)
000077A8  01 CD 00 00 2F 00 00 00... move.l  r25, #0x2F
000077B0  42 06 C0 C8 28 00 00 00... bne     r24, r25, .davt_check_ram
000077B8  01 0E B0 00 00 00 00 00... move.q  r1, r22
000077C0  01 16 A0 00 00 00 00 00... move.q  r2, r20
000077C8  01 1D 00 00 01 00 00 00... move.l  r3, #1
000077D0  51 00 00 00 00 00 00 00... rts
                         .davt_check_ram:
000077D8  01 C5 00 00 03 00 00 00... move.l  r24, #3
000077E0  42 06 E0 C0 48 00 00 00... bne     r28, r24, .davt_lookup_prefix
000077E8  10 C0 B0 00 00 00 00 00... load.b  r24, (r22)
000077F0  01 CD 00 00 52 00 00 00... move.l  r25, #0x52
000077F8  42 06 C0 C8 30 00 00 00... bne     r24, r25, .davt_lookup_prefix
00007800  10 C1 B0 00 01 00 00 00... load.b  r24, 1(r22)
00007808  01 CD 00 00 41 00 00 00... move.l  r25, #0x41
00007810  42 06 C0 C8 18 00 00 00... bne     r24, r25, .davt_lookup_prefix
00007818  10 C1 B0 00 02 00 00 00... load.b  r24, 2(r22)
00007820  01 CD 00 00 4D 00 00 00... move.l  r25, #0x4D
                         .davt_lookup_prefix:
00007828  01 C5 00 00 01 00 00 00... move.l  r24, #1
00007830  11 C7 E8 00 58 03 00 00... store.q r24, 856(r29)
00007838  11 B7 E8 00 E0 02 00 00... store.q r22, 736(r29)
00007840  11 E7 E8 00 E8 02 00 00... store.q r28, 744(r29)
00007848  01 0E B0 00 00 00 00 00... move.q  r1, r22
00007850  01 16 E0 00 00 00 00 00... move.q  r2, r28
00007858  50 06 00 00 78 FA FF FF... jsr     .dos_assign_lookup
00007860  41 06 18 00 20 FD FF FF... beq r3, r0, .davt_bad
00007868  10 B7 E8 00 E0 02 00 00... load.q  r22, 736(r29)
00007870  10 E7 E8 00 E8 02 00 00... load.q  r28, 744(r29)
00007878  01 C6 08 00 00 00 00 00... move.q  r24, r1
00007880  01 CE 10 00 00 00 00 00... move.q  r25, r2
00007888  43 06 E0 A0 28 00 00 00... blt     r28, r20, .davt_nested_ok
                         .davt_lookup_done:
00007890  01 0E C0 00 00 00 00 00... move.q  r1, r24
00007898  01 16 C8 00 00 00 00 00... move.q  r2, r25
000078A0  01 1D 00 00 01 00 00 00... move.l  r3, #1
000078A8  51 00 00 00 00 00 00 00... rts
                         .davt_nested_ok:
000078B0  01 0E B0 00 00 00 00 00... move.q  r1, r22
000078B8  01 16 A0 00 00 00 00 00... move.q  r2, r20
000078C0  01 1D 00 00 01 00 00 00... move.l  r3, #1
000078C8  51 00 00 00 00 00 00 00... rts
                         .darn_bad:
000078D0  11 00 B0 00 00 00 00 00... store.b r0, (r22)
000078D8  01 0E B0 00 00 00 00 00... move.q  r1, r22
000078E0  01 16 00 00 00 00 00 00... move.q  r2, r0
000078E8  01 1E 00 00 00 00 00 00... move.q  r3, r0
000078F0  51 00 00 00 00 00 00 00... rts
                         .dos_resolved_is_iossys:
000078F8  01 76 08 00 00 00 00 00... move.q  r14, r1
00007900  10 78 70 00 00 00 00 00... load.b  r15, (r14)
00007908  30 7F 78 00 DF 00 00 00... and     r15, r15, #0xDF
00007910  01 8D 00 00 53 00 00 00... move.l  r17, #0x53
00007918  42 06 78 88 68 00 00 00... bne     r15, r17, .dri_check
00007920  10 79 70 00 01 00 00 00... load.b  r15, 1(r14)
00007928  30 7F 78 00 DF 00 00 00... and     r15, r15, #0xDF
00007930  01 8D 00 00 59 00 00 00... move.l  r17, #0x59
00007938  42 06 78 88 48 00 00 00... bne     r15, r17, .dri_check
00007940  10 79 70 00 02 00 00 00... load.b  r15, 2(r14)
00007948  30 7F 78 00 DF 00 00 00... and     r15, r15, #0xDF
00007950  01 8D 00 00 53 00 00 00... move.l  r17, #0x53
00007958  42 06 78 88 28 00 00 00... bne     r15, r17, .dri_check
00007960  10 79 70 00 03 00 00 00... load.b  r15, 3(r14)
00007968  01 8D 00 00 2F 00 00 00... move.l  r17, #0x2F
00007970  42 06 78 88 10 00 00 00... bne     r15, r17, .dri_check
00007978  20 77 70 00 04 00 00 00... add     r14, r14, #4
                         .dri_check:
00007980  10 78 70 00 00 00 00 00... load.b  r15, (r14)
00007988  30 7F 78 00 DF 00 00 00... and     r15, r15, #0xDF
00007990  01 8D 00 00 49 00 00 00... move.l  r17, #0x49
00007998  42 06 78 88 D0 00 00 00... bne     r15, r17, .dri_no
000079A0  10 79 70 00 01 00 00 00... load.b  r15, 1(r14)
000079A8  30 7F 78 00 DF 00 00 00... and     r15, r15, #0xDF
000079B0  01 8D 00 00 4F 00 00 00... move.l  r17, #0x4F
000079B8  42 06 78 88 B0 00 00 00... bne     r15, r17, .dri_no
000079C0  10 79 70 00 02 00 00 00... load.b  r15, 2(r14)
000079C8  30 7F 78 00 DF 00 00 00... and     r15, r15, #0xDF
000079D0  01 8D 00 00 53 00 00 00... move.l  r17, #0x53
000079D8  42 06 78 88 90 00 00 00... bne     r15, r17, .dri_no
000079E0  10 79 70 00 03 00 00 00... load.b  r15, 3(r14)
000079E8  30 7F 78 00 DF 00 00 00... and     r15, r15, #0xDF
000079F0  01 8D 00 00 53 00 00 00... move.l  r17, #0x53
000079F8  42 06 78 88 70 00 00 00... bne     r15, r17, .dri_no
00007A00  10 79 70 00 04 00 00 00... load.b  r15, 4(r14)
00007A08  30 7F 78 00 DF 00 00 00... and     r15, r15, #0xDF
00007A10  01 8D 00 00 59 00 00 00... move.l  r17, #0x59
00007A18  42 06 78 88 50 00 00 00... bne     r15, r17, .dri_no
00007A20  10 79 70 00 05 00 00 00... load.b  r15, 5(r14)
00007A28  30 7F 78 00 DF 00 00 00... and     r15, r15, #0xDF
00007A30  01 8D 00 00 53 00 00 00... move.l  r17, #0x53
00007A38  42 06 78 88 30 00 00 00... bne     r15, r17, .dri_no
00007A40  10 79 70 00 06 00 00 00... load.b  r15, 6(r14)
00007A48  01 8D 00 00 2F 00 00 00... move.l  r17, #0x2F
00007A50  42 06 78 88 18 00 00 00... bne     r15, r17, .dri_no
00007A58  01 1D 00 00 01 00 00 00... move.l  r3, #1
00007A60  51 00 00 00 00 00 00 00... rts
                         .dri_no:
00007A68  01 1E 00 00 00 00 00 00... move.q  r3, r0
00007A70  51 00 00 00 00 00 00 00... rts
                         .dos_resolve_apply_target:
00007A78  01 C5 00 00 04 00 00 00... move.l  r24, #4
00007A80  42 06 10 C0 78 00 00 00... bne     r2, r24, .drat_copy_target_entry
00007A88  10 C0 08 00 00 00 00 00... load.b  r24, (r1)
00007A90  01 CD 00 00 52 00 00 00... move.l  r25, #0x52
00007A98  42 06 C0 C8 60 00 00 00... bne     r24, r25, .drat_copy_target_entry
00007AA0  10 C1 08 00 01 00 00 00... load.b  r24, 1(r1)
00007AA8  01 CD 00 00 41 00 00 00... move.l  r25, #0x41
00007AB0  42 06 C0 C8 48 00 00 00... bne     r24, r25, .drat_copy_target_entry
00007AB8  10 C1 08 00 02 00 00 00... load.b  r24, 2(r1)
00007AC0  01 CD 00 00 4D 00 00 00... move.l  r25, #0x4D
00007AC8  42 06 C0 C8 30 00 00 00... bne     r24, r25, .drat_copy_target_entry
00007AD0  10 C1 08 00 03 00 00 00... load.b  r24, 3(r1)
00007AD8  01 CD 00 00 2F 00 00 00... move.l  r25, #0x2F
00007AE0  42 06 C0 C8 18 00 00 00... bne     r24, r25, .drat_copy_target_entry
00007AE8  20 0F 08 00 04 00 00 00... add     r1, r1, #4
00007AF0  01 16 00 00 00 00 00 00... move.q  r2, r0
                         .drat_copy_target_entry:
00007AF8  20 8F E8 00 E8 03 00 00... add     r17, r29, #1000
00007B00  01 A6 08 00 00 00 00 00... move.q  r20, r1
00007B08  01 AE 10 00 00 00 00 00... move.q  r21, r2
                         .drat_copy_target:
00007B10  41 06 A8 00 38 00 00 00... beq r21, r0, .drat_copy_rest_setup
00007B18  10 80 A0 00 00 00 00 00... load.b  r16, (r20)
00007B20  11 80 88 00 00 00 00 00... store.b r16, (r17)
00007B28  20 A7 A0 00 01 00 00 00... add     r20, r20, #1
00007B30  20 8F 88 00 01 00 00 00... add     r17, r17, #1
00007B38  21 AF A8 00 01 00 00 00... sub     r21, r21, #1
00007B40  40 06 00 00 D0 FF FF FF... bra     .drat_copy_target
                         .drat_copy_rest_setup:
00007B48  01 9D 00 00 1F 00 00 00... move.l  r19, #31
00007B50  21 9E 98 10 00 00 00 00... sub     r19, r19, r2
                         .drat_copy_rest:
00007B58  10 80 70 00 00 00 00 00... load.b  r16, (r14)
00007B60  41 06 80 00 38 00 00 00... beq r16, r0, .drat_term
00007B68  41 06 98 00 30 00 00 00... beq r19, r0, .drat_term
00007B70  11 80 88 00 00 00 00 00... store.b r16, (r17)
00007B78  20 77 70 00 01 00 00 00... add     r14, r14, #1
00007B80  20 8F 88 00 01 00 00 00... add     r17, r17, #1
00007B88  21 9F 98 00 01 00 00 00... sub     r19, r19, #1
00007B90  40 06 00 00 C8 FF FF FF... bra     .drat_copy_rest
                         .drat_term:
00007B98  11 00 88 00 00 00 00 00... store.b r0, (r17)
00007BA0  20 BF E8 00 E8 03 00 00... add     r23, r29, #1000
00007BA8  01 B5 00 00 01 00 00 00... move.l  r22, #1
00007BB0  51 00 00 00 00 00 00 00... rts
                         .dos_resolve_cmd:
00007BB8  01 95 00 00 01 00 00 00... move.l  r18, #1
00007BC0  40 06 00 00 10 00 00 00... bra     .dos_resolve_scan
                         .dos_resolve_file:
00007BC8  01 95 00 00 00 00 00 00... move.l  r18, #0
                         .dos_resolve_scan:
00007BD0  01 B5 00 00 01 00 00 00... move.l  r22, #1
00007BD8  01 76 B8 00 00 00 00 00... move.q  r14, r23
00007BE0  01 7D 00 00 00 00 00 00... move.l  r15, #0
                         .dos_resolve_colon:
00007BE8  10 80 70 00 00 00 00 00... load.b  r16, (r14)
00007BF0  41 06 80 00 38 00 00 00... beq r16, r0, .dos_resolve_no_colon
00007BF8  01 8D 00 00 3A 00 00 00... move.l  r17, #0x3A
00007C00  41 06 80 88 C8 00 00 00... beq     r16, r17, .dos_resolve_has_colon
00007C08  20 77 70 00 01 00 00 00... add     r14, r14, #1
00007C10  20 7F 78 00 01 00 00 00... add     r15, r15, #1
00007C18  01 8D 00 00 20 00 00 00... move.l  r17, #32
00007C20  43 06 78 88 C8 FF FF FF... blt     r15, r17, .dos_resolve_colon
                         .dos_resolve_no_colon:
00007C28  01 76 B8 00 00 00 00 00... move.q  r14, r23
00007C30  01 7D 00 00 00 00 00 00... move.l  r15, #0
                         .dos_resolve_slash_scan:
00007C38  10 80 70 00 00 00 00 00... load.b  r16, (r14)
00007C40  41 06 80 00 38 00 00 00... beq r16, r0, .dos_resolve_no_slash
00007C48  01 8D 00 00 2F 00 00 00... move.l  r17, #0x2F
00007C50  41 06 80 88 68 00 00 00... beq     r16, r17, .dos_resolve_bare_ret
00007C58  20 77 70 00 01 00 00 00... add     r14, r14, #1
00007C60  20 7F 78 00 01 00 00 00... add     r15, r15, #1
00007C68  01 8D 00 00 20 00 00 00... move.l  r17, #32
00007C70  43 06 78 88 C8 FF FF FF... blt     r15, r17, .dos_resolve_slash_scan
                         .dos_resolve_no_slash:
00007C78  41 06 90 00 40 00 00 00... beq r18, r0, .dos_resolve_bare_ret
00007C80  01 DE B8 00 00 00 00 00... move.q  r27, r23
00007C88  20 0F E8 00 F0 04 00 00... add     r1, r29, #(prog_doslib_assign_default_c - prog_doslib_data)
00007C90  01 15 00 00 01 00 00 00... move.l  r2, #1
00007C98  50 06 00 00 38 F6 FF FF... jsr     .dos_assign_lookup
00007CA0  41 06 18 00 C8 00 00 00... beq r3, r0, .dos_resolve_notfound
00007CA8  01 76 D8 00 00 00 00 00... move.q  r14, r27
00007CB0  50 06 00 00 C8 FD FF FF... jsr     .dos_resolve_apply_target
                         .dos_resolve_bare_ret:
00007CB8  01 B5 00 00 01 00 00 00... move.l  r22, #1
00007CC0  51 00 00 00 00 00 00 00... rts
                         .dos_resolve_has_colon:
00007CC8  11 BF E8 00 F8 02 00 00... store.q r23, 760(r29)
00007CD0  11 7F E8 00 F0 02 00 00... store.q r15, 752(r29)
00007CD8  01 0E B8 00 00 00 00 00... move.q  r1, r23
00007CE0  01 16 78 00 00 00 00 00... move.q  r2, r15
00007CE8  50 06 00 00 98 00 00 00... jsr     .dos_assign_name_supported
00007CF0  41 06 18 00 78 00 00 00... beq r3, r0, .dos_resolve_notfound
00007CF8  10 0F E8 00 F8 02 00 00... load.q  r1, 760(r29)
00007D00  10 17 E8 00 F0 02 00 00... load.q  r2, 752(r29)
00007D08  50 06 00 00 C8 F5 FF FF... jsr     .dos_assign_lookup
00007D10  41 06 18 00 58 00 00 00... beq r3, r0, .dos_resolve_notfound
00007D18  10 DF E8 00 F8 02 00 00... load.q  r27, 760(r29)
00007D20  10 7F E8 00 F0 02 00 00... load.q  r15, 752(r29)
00007D28  20 76 D8 78 00 00 00 00... add     r14, r27, r15
00007D30  20 77 70 00 01 00 00 00... add     r14, r14, #1
00007D38  41 06 10 00 18 00 00 00... beq r2, r0, .dos_resolve_ram
00007D40  50 06 00 00 38 FD FF FF... jsr     .dos_resolve_apply_target
00007D48  51 00 00 00 00 00 00 00... rts
                         .dos_resolve_ram:
00007D50  01 BE 70 00 00 00 00 00... move.q  r23, r14
00007D58  01 B5 00 00 01 00 00 00... move.l  r22, #1
00007D60  51 00 00 00 00 00 00 00... rts
                         .dos_resolve_notfound:
00007D68  01 B6 00 00 00 00 00 00... move.q  r22, r0
00007D70  01 BE 00 00 00 00 00 00... move.q  r23, r0
00007D78  51 00 00 00 00 00 00 00... rts
                         .dos_assign_name_supported:
00007D80  11 DF E8 00 00 03 00 00... store.q r27, 768(r29)
00007D88  11 0F E8 00 D0 01 00 00... store.q r1, 464(r29)
00007D90  11 17 E8 00 D8 01 00 00... store.q r2, 472(r29)
00007D98  50 06 00 00 28 F2 FF FF... jsr     .dos_assign_find_entry
00007DA0  42 06 18 00 20 00 00 00... bne r3, r0, .dans_done
00007DA8  10 0F E8 00 D0 01 00 00... load.q  r1, 464(r29)
00007DB0  10 17 E8 00 D8 01 00 00... load.q  r2, 472(r29)
00007DB8  50 06 00 00 88 F3 FF FF... jsr     .dos_assign_builtin_root_row
                         .dans_done:
00007DC0  10 DF E8 00 00 03 00 00... load.q  r27, 768(r29)
00007DC8  51 00 00 00 00 00 00 00... rts
                         .dos_assign_slot_layered_p:
00007DD0  01 A6 08 00 00 00 00 00... move.q  r20, r1
00007DD8  34 A7 A0 00 04 00 00 00... lsl     r20, r20, #4
00007DE0  20 A7 A0 00 41 0C 00 00... add     r20, r20, #(prog_doslib_assign_base_table - prog_doslib_data)
00007DE8  20 A6 E8 A0 00 00 00 00... add     r20, r29, r20
00007DF0  10 A6 A0 00 00 00 00 00... load.q  r20, (r20)
00007DF8  41 06 A0 00 18 00 00 00... beq r20, r0, .daslp_no
00007E00  01 1D 00 00 01 00 00 00... move.l  r3, #1
00007E08  51 00 00 00 00 00 00 00... rts
                         .daslp_no:
00007E10  01 1E 00 00 00 00 00 00... move.q  r3, r0
00007E18  51 00 00 00 00 00 00 00... rts
                         .dos_assign_overlay_for_slot:
00007E20  01 A6 08 00 00 00 00 00... move.q  r20, r1
00007E28  01 AD 00 00 48 00 00 00... move.l  r21, #DOS_ASSIGN_OVERLAY_ENTRY_SZ
00007E30  22 B6 A0 A8 00 00 00 00... mulu.q  r22, r20, r21
00007E38  20 B7 B0 00 C1 07 00 00... add     r22, r22, #(prog_doslib_assign_overlay - prog_doslib_data)
00007E40  20 0E E8 B0 00 00 00 00... add     r1, r29, r22
00007E48  51 00 00 00 00 00 00 00... rts
                         .dos_assign_layered_target_already_emitted:
00007E50  21 26 18 10 00 00 00 00... sub     r4, r3, r2
00007E58  01 A6 00 00 00 00 00 00... move.q  r20, r0
                         .daltae_slot_loop:
00007E60  44 06 A0 20 88 00 00 00... bge     r20, r4, .daltae_not_dup
00007E68  20 AE 10 A0 00 00 00 00... add     r21, r2, r20
00007E70  01 B6 00 00 00 00 00 00... move.q  r22, r0
                         .daltae_byte_loop:
00007E78  01 BD 00 00 20 00 00 00... move.l  r23, #DOS_ASSIGN_LAYERED_TGT_SZ
00007E80  44 06 B0 B8 48 00 00 00... bge     r22, r23, .daltae_match
00007E88  20 C6 08 B0 00 00 00 00... add     r24, r1, r22
00007E90  10 C8 C0 00 00 00 00 00... load.b  r25, (r24)
00007E98  20 C6 A8 B0 00 00 00 00... add     r24, r21, r22
00007EA0  10 D0 C0 00 00 00 00 00... load.b  r26, (r24)
00007EA8  42 06 C8 D0 30 00 00 00... bne     r25, r26, .daltae_next_slot
00007EB0  41 06 C8 00 18 00 00 00... beq r25, r0, .daltae_match
00007EB8  20 B7 B0 00 01 00 00 00... add     r22, r22, #1
00007EC0  40 06 00 00 B8 FF FF FF... bra     .daltae_byte_loop
                         .daltae_match:
00007EC8  01 1D 00 00 01 00 00 00... move.l  r3, #1
00007ED0  51 00 00 00 00 00 00 00... rts
                         .daltae_next_slot:
00007ED8  20 A7 A0 00 20 00 00 00... add     r20, r20, #DOS_ASSIGN_LAYERED_TGT_SZ
00007EE0  40 06 00 00 80 FF FF FF... bra     .daltae_slot_loop
                         .daltae_not_dup:
00007EE8  01 1E 00 00 00 00 00 00... move.q  r3, r0
00007EF0  51 00 00 00 00 00 00 00... rts
                         .dos_assign_layered_emit_target_slot:
00007EF8  01 A6 08 00 00 00 00 00... move.q  r20, r1
00007F00  01 AE 10 00 00 00 00 00... move.q  r21, r2
00007F08  01 B6 00 00 00 00 00 00... move.q  r22, r0
                         .daleds_zero:
00007F10  01 BD 00 00 20 00 00 00... move.l  r23, #DOS_ASSIGN_LAYERED_TGT_SZ
00007F18  44 06 B0 B8 28 00 00 00... bge     r22, r23, .daleds_copy_init
00007F20  20 C6 A8 B0 00 00 00 00... add     r24, r21, r22
00007F28  11 00 C0 00 00 00 00 00... store.b r0, (r24)
00007F30  20 B7 B0 00 01 00 00 00... add     r22, r22, #1
00007F38  40 06 00 00 D8 FF FF FF... bra     .daleds_zero
                         .daleds_copy_init:
00007F40  01 B6 00 00 00 00 00 00... move.q  r22, r0
                         .daleds_copy:
00007F48  01 BD 00 00 20 00 00 00... move.l  r23, #DOS_ASSIGN_LAYERED_TGT_SZ
00007F50  21 BF B8 00 01 00 00 00... sub     r23, r23, #1
00007F58  44 06 B0 B8 40 00 00 00... bge     r22, r23, .daleds_done
00007F60  20 C6 A0 B0 00 00 00 00... add     r24, r20, r22
00007F68  10 C8 C0 00 00 00 00 00... load.b  r25, (r24)
00007F70  41 06 C8 00 28 00 00 00... beq r25, r0, .daleds_done
00007F78  20 C6 A8 B0 00 00 00 00... add     r24, r21, r22
00007F80  11 C8 C0 00 00 00 00 00... store.b r25, (r24)
00007F88  20 B7 B0 00 01 00 00 00... add     r22, r22, #1
00007F90  40 06 00 00 B8 FF FF FF... bra     .daleds_copy
                         .daleds_done:
00007F98  51 00 00 00 00 00 00 00... rts
                         .dos_assign_overlay_first_target_for_slot:
00007FA0  50 06 00 00 80 FE FF FF... jsr     .dos_assign_overlay_for_slot
00007FA8  01 A6 08 00 00 00 00 00... move.q  r20, r1
00007FB0  10 A8 A0 00 00 00 00 00... load.b  r21, (r20)
00007FB8  41 06 A8 00 20 00 00 00... beq r21, r0, .daofts_none
00007FC0  20 0F A0 00 08 00 00 00... add     r1, r20, #8
00007FC8  01 1D 00 00 01 00 00 00... move.l  r3, #1
00007FD0  51 00 00 00 00 00 00 00... rts
                         .daofts_none:
00007FD8  01 0E 00 00 00 00 00 00... move.q  r1, r0
00007FE0  01 1E 00 00 00 00 00 00... move.q  r3, r0
00007FE8  51 00 00 00 00 00 00 00... rts
                         .dos_assign_sync_table_entry_to_overlay:
00007FF0  01 C6 08 00 00 00 00 00... move.q  r24, r1
00007FF8  50 06 00 00 D8 FD FF FF... jsr     .dos_assign_slot_layered_p
00008000  41 06 18 00 88 01 00 00... beq r3, r0, .dast_done
00008008  01 A6 C0 00 00 00 00 00... move.q  r20, r24
00008010  01 AD 00 00 20 00 00 00... move.l  r21, #DOS_ASSIGN_ENTRY_SZ
00008018  22 B6 A0 A8 00 00 00 00... mulu.q  r22, r20, r21
00008020  20 B7 B0 00 C1 05 00 00... add     r22, r22, #(prog_doslib_assign_table - prog_doslib_data)
00008028  20 B6 E8 B0 00 00 00 00... add     r22, r29, r22
00008030  11 B7 E8 00 10 03 00 00... store.q r22, 784(r29)
00008038  20 CF B0 00 10 00 00 00... add     r25, r22, #DOS_ASSIGN_TARGET_OFF
00008040  11 CF E8 00 18 03 00 00... store.q r25, 792(r29)
00008048  01 A6 00 00 00 00 00 00... move.q  r20, r0
                         .dast_zero:
00008050  01 AD 00 00 10 00 00 00... move.l  r21, #DOS_ASSIGN_TARGET_MAX
00008058  44 06 A0 A8 28 00 00 00... bge     r20, r21, .dast_source
00008060  20 D6 C8 A0 00 00 00 00... add     r26, r25, r20
00008068  11 00 D0 00 00 00 00 00... store.b r0, (r26)
00008070  20 A7 A0 00 01 00 00 00... add     r20, r20, #1
00008078  40 06 00 00 D8 FF FF FF... bra     .dast_zero
                         .dast_source:
00008080  01 0E C0 00 00 00 00 00... move.q  r1, r24
00008088  50 06 00 00 18 FF FF FF... jsr     .dos_assign_overlay_first_target_for_slot
00008090  10 B7 E8 00 10 03 00 00... load.q  r22, 784(r29)
00008098  10 CF E8 00 18 03 00 00... load.q  r25, 792(r29)
000080A0  41 06 18 00 60 00 00 00... beq r3, r0, .dast_use_default
000080A8  01 D6 08 00 00 00 00 00... move.q  r26, r1
000080B0  01 A6 00 00 00 00 00 00... move.q  r20, r0
                         .dast_copy_ovl:
000080B8  01 AD 00 00 10 00 00 00... move.l  r21, #DOS_ASSIGN_TARGET_MAX
000080C0  44 06 A0 A8 C8 00 00 00... bge     r20, r21, .dast_done
000080C8  20 DE D0 A0 00 00 00 00... add     r27, r26, r20
000080D0  10 E0 D8 00 00 00 00 00... load.b  r28, (r27)
000080D8  41 06 E0 00 B0 00 00 00... beq r28, r0, .dast_done
000080E0  20 DE C8 A0 00 00 00 00... add     r27, r25, r20
000080E8  11 E0 D8 00 00 00 00 00... store.b r28, (r27)
000080F0  20 A7 A0 00 01 00 00 00... add     r20, r20, #1
000080F8  40 06 00 00 C0 FF FF FF... bra     .dast_copy_ovl
                         .dast_use_default:
00008100  01 A6 00 00 00 00 00 00... move.q  r20, r0
                         .dast_copy_name:
00008108  01 AD 00 00 10 00 00 00... move.l  r21, #DOS_ASSIGN_NAME_MAX
00008110  21 AF A8 00 01 00 00 00... sub     r21, r21, #1
00008118  44 06 A0 A8 40 00 00 00... bge     r20, r21, .dast_append_slash
00008120  20 DE B0 A0 00 00 00 00... add     r27, r22, r20
00008128  10 E0 D8 00 00 00 00 00... load.b  r28, (r27)
00008130  41 06 E0 00 28 00 00 00... beq r28, r0, .dast_append_slash
00008138  20 DE C8 A0 00 00 00 00... add     r27, r25, r20
00008140  11 E0 D8 00 00 00 00 00... store.b r28, (r27)
00008148  20 A7 A0 00 01 00 00 00... add     r20, r20, #1
00008150  40 06 00 00 B8 FF FF FF... bra     .dast_copy_name
                         .dast_append_slash:
00008158  01 AD 00 00 10 00 00 00... move.l  r21, #DOS_ASSIGN_TARGET_MAX
00008160  21 AF A8 00 01 00 00 00... sub     r21, r21, #1
00008168  44 06 A0 A8 20 00 00 00... bge     r20, r21, .dast_done
00008170  20 DE C8 A0 00 00 00 00... add     r27, r25, r20
00008178  01 E5 00 00 2F 00 00 00... move.l  r28, #0x2F
00008180  11 E0 D8 00 00 00 00 00... store.b r28, (r27)
                         .dast_done:
00008188  51 00 00 00 00 00 00 00... rts
                         .dos_prefix_eq_ci:
00008190  01 A5 00 00 00 00 00 00... move.l  r20, #0
                         .dpec_loop:
00008198  20 AE 10 A0 00 00 00 00... add     r21, r2, r20
000081A0  10 B0 A8 00 00 00 00 00... load.b  r22, (r21)
000081A8  41 06 B0 00 88 00 00 00... beq r22, r0, .dpec_match
000081B0  20 AE 08 A0 00 00 00 00... add     r21, r1, r20
000081B8  10 C0 A8 00 00 00 00 00... load.b  r24, (r21)
000081C0  41 06 C0 00 80 00 00 00... beq r24, r0, .dpec_mismatch
000081C8  01 CD 00 00 61 00 00 00... move.l  r25, #0x61
000081D0  43 06 B0 C8 20 00 00 00... blt     r22, r25, .dpec_pref_done
000081D8  01 CD 00 00 7B 00 00 00... move.l  r25, #0x7B
000081E0  44 06 B0 C8 10 00 00 00... bge     r22, r25, .dpec_pref_done
000081E8  21 B7 B0 00 20 00 00 00... sub     r22, r22, #0x20
                         .dpec_pref_done:
000081F0  01 CD 00 00 61 00 00 00... move.l  r25, #0x61
000081F8  43 06 C0 C8 20 00 00 00... blt     r24, r25, .dpec_cand_done
00008200  01 CD 00 00 7B 00 00 00... move.l  r25, #0x7B
00008208  44 06 C0 C8 10 00 00 00... bge     r24, r25, .dpec_cand_done
00008210  21 C7 C0 00 20 00 00 00... sub     r24, r24, #0x20
                         .dpec_cand_done:
00008218  42 06 B0 C0 28 00 00 00... bne     r22, r24, .dpec_mismatch
00008220  20 A7 A0 00 01 00 00 00... add     r20, r20, #1
00008228  40 06 00 00 70 FF FF FF... bra     .dpec_loop
                         .dpec_match:
00008230  01 BE 00 00 00 00 00 00... move.q  r23, r0
00008238  51 00 00 00 00 00 00 00... rts
                         .dpec_mismatch:
00008240  01 BD 00 00 01 00 00 00... move.l  r23, #1
00008248  51 00 00 00 00 00 00 00... rts
                         .dos_pmp_parse_file_iosm:
00008250  52 06 E8 00 00 00 00 00... push    r29
00008258  01 55 00 00 E0 03 01 00... move.l  r10, #(prog_doslib_pmp_desc_dst - prog_doslib_data)
00008260  20 56 E8 50 00 00 00 00... add     r10, r29, r10
00008268  11 16 50 00 00 00 00 00... store.q r2, (r10)
00008270  01 BE 08 00 00 00 00 00... move.q  r23, r1
00008278  50 06 00 00 50 F9 FF FF... jsr     .dos_resolve_file
00008280  10 EE F8 00 00 00 00 00... load.q  r29, (sp)
00008288  41 06 B0 00 20 02 00 00... beq r22, r0, .dpmf_notfound
00008290  01 0E B8 00 00 00 00 00... move.q  r1, r23
00008298  01 16 00 00 00 00 00 00... move.q  r2, r0
000082A0  50 06 00 00 38 16 00 00... jsr     .dos_hostfs_layered_relpath_for_resolved_name
000082A8  10 EE F8 00 00 00 00 00... load.q  r29, (sp)
000082B0  41 06 18 00 F8 01 00 00... beq r3, r0, .dpmf_notfound
000082B8  11 0F E8 00 60 02 00 00... store.q r1, 608(r29)
000082C0  50 06 00 00 C8 16 00 00... jsr     .dos_bootfs_stat
000082C8  10 EE F8 00 00 00 00 00... load.q  r29, (sp)
000082D0  42 06 18 00 D8 01 00 00... bne r3, r0, .dpmf_notfound
000082D8  41 06 08 00 08 02 00 00... beq r1, r0, .dpmf_badarg
000082E0  11 0F E8 00 70 02 00 00... store.q r1, 624(r29)
000082E8  01 E6 10 00 00 00 00 00... move.q  r28, r2
000082F0  30 E7 E0 00 FF FF FF FF... and     r28, r28, #0xFFFFFFFF
000082F8  01 7E 00 00 00 00 00 00... move.q  r15, r0
00008300  20 7F 78 00 01 00 00 00... add     r15, r15, #BOOT_HOSTFS_KIND_FILE
00008308  42 06 E0 78 A0 01 00 00... bne     r28, r15, .dpmf_notfound
00008310  10 0F E8 00 60 02 00 00... load.q  r1, 608(r29)
00008318  50 06 00 00 08 17 00 00... jsr     .dos_bootfs_open
00008320  10 EE F8 00 00 00 00 00... load.q  r29, (sp)
00008328  42 06 10 00 80 01 00 00... bne r2, r0, .dpmf_notfound
00008330  11 0F E8 00 68 02 00 00... store.q r1, 616(r29)
00008338  10 0F E8 00 70 02 00 00... load.q  r1, 624(r29)
00008340  01 15 00 00 00 00 01 00... move.l  r2, #MEMF_CLEAR
00008348  EB 01 00 00 01 00 00 00... syscall #SYS_ALLOC_MEM
00008350  10 EE F8 00 00 00 00 00... load.q  r29, (sp)
00008358  42 06 10 00 00 01 00 00... bne r2, r0, .dpmf_nomem_close
00008360  11 0F E8 00 28 01 00 00... store.q r1, 296(r29)
00008368  10 0F E8 00 68 02 00 00... load.q  r1, 616(r29)
00008370  10 17 E8 00 28 01 00 00... load.q  r2, 296(r29)
00008378  10 1F E8 00 70 02 00 00... load.q  r3, 624(r29)
00008380  50 06 00 00 00 18 00 00... jsr     .dos_bootfs_read_all
00008388  10 EE F8 00 00 00 00 00... load.q  r29, (sp)
00008390  11 0F E8 00 80 02 00 00... store.q r1, 640(r29)
00008398  11 17 E8 00 88 02 00 00... store.q r2, 648(r29)
000083A0  10 0F E8 00 68 02 00 00... load.q  r1, 616(r29)
000083A8  50 06 00 00 F8 18 00 00... jsr     .dos_bootfs_close
000083B0  10 EE F8 00 00 00 00 00... load.q  r29, (sp)
000083B8  10 17 E8 00 88 02 00 00... load.q  r2, 648(r29)
000083C0  42 06 10 00 C8 00 00 00... bne r2, r0, .dpmf_free_notfound
000083C8  10 0F E8 00 80 02 00 00... load.q  r1, 640(r29)
000083D0  10 17 E8 00 70 02 00 00... load.q  r2, 624(r29)
000083D8  42 06 08 10 E8 00 00 00... bne     r1, r2, .dpmf_free_badarg
000083E0  10 0F E8 00 28 01 00 00... load.q  r1, 296(r29)
000083E8  10 17 E8 00 70 02 00 00... load.q  r2, 624(r29)
000083F0  01 55 00 00 E0 03 01 00... move.l  r10, #(prog_doslib_pmp_desc_dst - prog_doslib_data)
000083F8  20 56 E8 50 00 00 00 00... add     r10, r29, r10
00008400  10 1E 50 00 00 00 00 00... load.q  r3, (r10)
00008408  50 06 00 00 00 01 00 00... jsr     .dos_pmp_copy_iosm_from_elf
00008410  10 EE F8 00 00 00 00 00... load.q  r29, (sp)
00008418  11 A7 E8 00 90 02 00 00... store.q r20, 656(r29)
00008420  10 0F E8 00 28 01 00 00... load.q  r1, 296(r29)
00008428  10 17 E8 00 70 02 00 00... load.q  r2, 624(r29)
00008430  EB 01 00 00 02 00 00 00... syscall #SYS_FREE_MEM
00008438  10 EE F8 00 00 00 00 00... load.q  r29, (sp)
00008440  10 A7 E8 00 90 02 00 00... load.q  r20, 656(r29)
00008448  53 EE 00 00 00 00 00 00... pop     r29
00008450  51 00 00 00 00 00 00 00... rts
                         .dpmf_nomem_close:
00008458  10 0F E8 00 68 02 00 00... load.q  r1, 616(r29)
00008460  50 06 00 00 40 18 00 00... jsr     .dos_bootfs_close
00008468  10 EE F8 00 00 00 00 00... load.q  r29, (sp)
00008470  01 A5 00 00 01 00 00 00... move.l  r20, #ERR_NOMEM
00008478  53 EE 00 00 00 00 00 00... pop     r29
00008480  51 00 00 00 00 00 00 00... rts
                         .dpmf_free_notfound:
00008488  10 0F E8 00 28 01 00 00... load.q  r1, 296(r29)
00008490  10 17 E8 00 70 02 00 00... load.q  r2, 624(r29)
00008498  EB 01 00 00 02 00 00 00... syscall #SYS_FREE_MEM
000084A0  10 EE F8 00 00 00 00 00... load.q  r29, (sp)
                         .dpmf_notfound:
000084A8  01 A5 00 00 04 00 00 00... move.l  r20, #ERR_NOTFOUND
000084B0  53 EE 00 00 00 00 00 00... pop     r29
000084B8  51 00 00 00 00 00 00 00... rts
                         .dpmf_free_badarg:
000084C0  10 0F E8 00 28 01 00 00... load.q  r1, 296(r29)
000084C8  10 17 E8 00 70 02 00 00... load.q  r2, 624(r29)
000084D0  EB 01 00 00 02 00 00 00... syscall #SYS_FREE_MEM
000084D8  10 EE F8 00 00 00 00 00... load.q  r29, (sp)
                         .dpmf_badarg:
000084E0  01 A5 00 00 03 00 00 00... move.l  r20, #ERR_BADARG
000084E8  53 EE 00 00 00 00 00 00... pop     r29
000084F0  51 00 00 00 00 00 00 00... rts
                         .dpmf_known_done:
000084F8  53 EE 00 00 00 00 00 00... pop     r29
00008500  51 00 00 00 00 00 00 00... rts
                         .dos_pmp_copy_iosm_from_elf:
00008508  01 A7 00 00 03 00 00 00... move.q  r20, #ERR_BADARG
00008510  01 AE 08 00 00 00 00 00... move.q  r21, r1
00008518  01 B6 10 00 00 00 00 00... move.q  r22, r2
00008520  11 1F E8 00 98 02 00 00... store.q r3, 664(r29)
00008528  01 5D 00 00 40 00 00 00... move.l  r11, #64
00008530  43 06 B0 58 68 05 00 00... blt     r22, r11, .dpcife_done
00008538  10 5C A8 00 00 00 00 00... load.l  r11, (r21)
00008540  01 65 00 00 7F 45 4C 46... move.l  r12, #0x464C457F
00008548  42 06 58 60 50 05 00 00... bne     r11, r12, .dpcife_done
00008550  10 59 A8 00 04 00 00 00... load.b  r11, 4(r21)
00008558  01 65 00 00 02 00 00 00... move.l  r12, #2
00008560  42 06 58 60 38 05 00 00... bne     r11, r12, .dpcife_done
00008568  10 59 A8 00 05 00 00 00... load.b  r11, 5(r21)
00008570  01 65 00 00 01 00 00 00... move.l  r12, #1
00008578  42 06 58 60 20 05 00 00... bne     r11, r12, .dpcife_done
00008580  10 59 A8 00 06 00 00 00... load.b  r11, 6(r21)
00008588  01 65 00 00 01 00 00 00... move.l  r12, #1
00008590  42 06 58 60 08 05 00 00... bne     r11, r12, .dpcife_done
00008598  10 95 A8 00 20 00 00 00... load.l  r18, 32(r21)
000085A0  10 5D A8 00 24 00 00 00... load.l  r11, 36(r21)
000085A8  42 06 58 00 F0 04 00 00... bne r11, r0, .dpcife_done
000085B0  10 C3 A8 00 36 00 00 00... load.w  r24, 54(r21)
000085B8  01 5D 00 00 38 00 00 00... move.l  r11, #56
000085C0  42 06 C0 58 D8 04 00 00... bne     r24, r11, .dpcife_done
000085C8  10 CB A8 00 38 00 00 00... load.w  r25, 56(r21)
000085D0  41 06 C8 00 C8 04 00 00... beq r25, r0, .dpcife_done
000085D8  01 DE C8 00 00 00 00 00... move.q  r27, r25
000085E0  22 DE C0 D8 00 00 00 00... mulu    r27, r24, r27
000085E8  20 DE 90 D8 00 00 00 00... add     r27, r18, r27
000085F0  43 06 D8 90 A8 04 00 00... blt     r27, r18, .dpcife_done
000085F8  45 06 D8 B0 A0 04 00 00... bgt     r27, r22, .dpcife_done
00008600  01 9D 00 00 00 00 00 00... move.l  r19, #0
                         .dpcife_ph_loop:
00008608  44 06 98 C8 A0 00 00 00... bge     r19, r25, .dpcife_no_ptnote
00008610  01 DE 98 00 00 00 00 00... move.q  r27, r19
00008618  22 DE C0 D8 00 00 00 00... mulu    r27, r24, r27
00008620  20 DE 90 D8 00 00 00 00... add     r27, r18, r27
00008628  20 DE A8 D8 00 00 00 00... add     r27, r21, r27
00008630  10 5C D8 00 00 00 00 00... load.l  r11, (r27)
00008638  01 65 00 00 04 00 00 00... move.l  r12, #4
00008640  42 06 58 60 58 00 00 00... bne     r11, r12, .dpcife_next_ph
00008648  10 5F D8 00 08 00 00 00... load.q  r11, 8(r27)
00008650  10 67 D8 00 20 00 00 00... load.q  r12, 32(r27)
00008658  41 06 60 00 40 04 00 00... beq r12, r0, .dpcife_done
00008660  20 6E 58 60 00 00 00 00... add     r13, r11, r12
00008668  43 06 68 58 30 04 00 00... blt     r13, r11, .dpcife_done
00008670  45 06 68 B0 28 04 00 00... bgt     r13, r22, .dpcife_done
00008678  20 DE A8 58 00 00 00 00... add     r27, r21, r11
00008680  20 F6 D8 60 00 00 00 00... add     r30, r27, r12
00008688  11 F7 E8 00 C8 02 00 00... store.q r30, 712(r29)
00008690  40 06 00 00 E8 01 00 00... bra     .dpcife_note_loop
                         .dpcife_next_ph:
00008698  20 9F 98 00 01 00 00 00... add     r19, r19, #1
000086A0  40 06 00 00 68 FF FF FF... bra     .dpcife_ph_loop
                         .dpcife_no_ptnote:
000086A8  10 97 A8 00 28 00 00 00... load.q  r18, 40(r21)
000086B0  41 06 90 00 E0 03 00 00... beq r18, r0, .dpcife_notfound
000086B8  11 97 E8 00 A0 02 00 00... store.q r18, 672(r29)
000086C0  10 C3 A8 00 3A 00 00 00... load.w  r24, 58(r21)
000086C8  01 5D 00 00 40 00 00 00... move.l  r11, #64
000086D0  42 06 C0 58 C8 03 00 00... bne     r24, r11, .dpcife_done
000086D8  11 C7 E8 00 A8 02 00 00... store.q r24, 680(r29)
000086E0  10 CB A8 00 3C 00 00 00... load.w  r25, 60(r21)
000086E8  41 06 C8 00 A8 03 00 00... beq r25, r0, .dpcife_notfound
000086F0  11 CF E8 00 B0 02 00 00... store.q r25, 688(r29)
000086F8  10 D3 A8 00 3E 00 00 00... load.w  r26, 62(r21)
00008700  44 06 D0 C8 98 03 00 00... bge     r26, r25, .dpcife_done
00008708  01 DE C8 00 00 00 00 00... move.q  r27, r25
00008710  22 DE C0 D8 00 00 00 00... mulu    r27, r24, r27
00008718  20 DE 90 D8 00 00 00 00... add     r27, r18, r27
00008720  45 06 D8 B0 78 03 00 00... bgt     r27, r22, .dpcife_done
00008728  01 DE D0 00 00 00 00 00... move.q  r27, r26
00008730  22 DE C0 D8 00 00 00 00... mulu    r27, r24, r27
00008738  20 DE 90 D8 00 00 00 00... add     r27, r18, r27
00008740  20 DE A8 D8 00 00 00 00... add     r27, r21, r27
00008748  10 E7 D8 00 18 00 00 00... load.q  r28, 24(r27)
00008750  10 F7 D8 00 20 00 00 00... load.q  r30, 32(r27)
00008758  41 06 F0 00 40 03 00 00... beq r30, r0, .dpcife_done
00008760  11 E7 E8 00 B8 02 00 00... store.q r28, 696(r29)
00008768  11 F7 E8 00 C0 02 00 00... store.q r30, 704(r29)
00008770  20 5E E0 F0 00 00 00 00... add     r11, r28, r30
00008778  45 06 58 B0 20 03 00 00... bgt     r11, r22, .dpcife_done
00008780  01 9D 00 00 00 00 00 00... move.l  r19, #0
                         .dpcife_sh_loop:
00008788  10 CF E8 00 B0 02 00 00... load.q  r25, 688(r29)
00008790  10 C7 E8 00 A8 02 00 00... load.q  r24, 680(r29)
00008798  10 97 E8 00 A0 02 00 00... load.q  r18, 672(r29)
000087A0  10 E7 E8 00 B8 02 00 00... load.q  r28, 696(r29)
000087A8  10 F7 E8 00 C0 02 00 00... load.q  r30, 704(r29)
000087B0  44 06 98 C8 E0 02 00 00... bge     r19, r25, .dpcife_notfound
000087B8  01 DE 98 00 00 00 00 00... move.q  r27, r19
000087C0  22 DE C0 D8 00 00 00 00... mulu    r27, r24, r27
000087C8  20 DE 90 D8 00 00 00 00... add     r27, r18, r27
000087D0  20 DE A8 D8 00 00 00 00... add     r27, r21, r27
000087D8  10 5D D8 00 04 00 00 00... load.l  r11, 4(r27)
000087E0  01 65 00 00 07 00 00 00... move.l  r12, #7
000087E8  42 06 58 60 98 02 00 00... bne     r11, r12, .dpcife_next_sh
000087F0  10 5C D8 00 00 00 00 00... load.l  r11, (r27)
000087F8  44 06 58 F0 88 02 00 00... bge     r11, r30, .dpcife_next_sh
00008800  01 66 58 00 00 00 00 00... move.q  r12, r11
00008808  20 67 60 00 0E 00 00 00... add     r12, r12, #14
00008810  45 06 60 F0 70 02 00 00... bgt     r12, r30, .dpcife_next_sh
00008818  20 76 A8 E0 00 00 00 00... add     r14, r21, r28
00008820  20 76 70 58 00 00 00 00... add     r14, r14, r11
00008828  50 06 00 00 60 03 00 00... jsr     .dos_pmp_is_iosm_section_name
00008830  42 06 B8 00 50 02 00 00... bne r23, r0, .dpcife_next_sh
00008838  10 5F D8 00 18 00 00 00... load.q  r11, 24(r27)
00008840  10 67 D8 00 20 00 00 00... load.q  r12, 32(r27)
00008848  41 06 60 00 50 02 00 00... beq r12, r0, .dpcife_done
00008850  20 6E 58 60 00 00 00 00... add     r13, r11, r12
00008858  45 06 68 B0 40 02 00 00... bgt     r13, r22, .dpcife_done
00008860  20 DE A8 58 00 00 00 00... add     r27, r21, r11
00008868  20 F6 D8 60 00 00 00 00... add     r30, r27, r12
00008870  11 F7 E8 00 C8 02 00 00... store.q r30, 712(r29)
                         .dpcife_note_loop:
00008878  10 F7 E8 00 C8 02 00 00... load.q  r30, 712(r29)
00008880  01 6E D8 00 00 00 00 00... move.q  r13, r27
00008888  20 6F 68 00 0C 00 00 00... add     r13, r13, #12
00008890  45 06 68 F0 08 02 00 00... bgt     r13, r30, .dpcife_done
00008898  10 5C D8 00 00 00 00 00... load.l  r11, (r27)
000088A0  01 CE 58 00 00 00 00 00... move.q  r25, r11
000088A8  10 65 D8 00 04 00 00 00... load.l  r12, 4(r27)
000088B0  01 C6 60 00 00 00 00 00... move.q  r24, r12
000088B8  01 6E C8 00 00 00 00 00... move.q  r13, r25
000088C0  20 6F 68 00 03 00 00 00... add     r13, r13, #3
000088C8  30 6F 68 00 FC FF FF FF... and     r13, r13, #0xFFFFFFFC
000088D0  01 D6 C0 00 00 00 00 00... move.q  r26, r24
000088D8  20 D7 D0 00 03 00 00 00... add     r26, r26, #3
000088E0  30 D7 D0 00 FC FF FF FF... and     r26, r26, #0xFFFFFFFC
000088E8  01 8E D8 00 00 00 00 00... move.q  r17, r27
000088F0  20 8F 88 00 0C 00 00 00... add     r17, r17, #12
000088F8  20 8E 88 68 00 00 00 00... add     r17, r17, r13
00008900  20 8E 88 D0 00 00 00 00... add     r17, r17, r26
00008908  11 8F E8 00 D0 02 00 00... store.q r17, 720(r29)
00008910  45 06 88 F0 88 01 00 00... bgt     r17, r30, .dpcife_done
00008918  01 65 00 00 08 00 00 00... move.l  r12, #8
00008920  42 06 C8 60 40 01 00 00... bne     r25, r12, .dpcife_note_next
00008928  10 65 D8 00 08 00 00 00... load.l  r12, 8(r27)
00008930  01 5D 00 00 31 53 4F 49... move.l  r11, #IOSM_NOTE_TYPE
00008938  42 06 60 58 28 01 00 00... bne     r12, r11, .dpcife_note_next
00008940  20 77 D8 00 0C 00 00 00... add     r14, r27, #12
00008948  50 06 00 00 A8 03 00 00... jsr     .dos_pmp_is_iosm_note_name
00008950  42 06 B8 00 10 01 00 00... bne r23, r0, .dpcife_note_next
00008958  01 5D 00 00 80 00 00 00... move.l  r11, #IOSM_SIZE
00008960  42 06 C0 58 00 01 00 00... bne     r24, r11, .dpcife_note_next
00008968  20 DF D8 00 0C 00 00 00... add     r27, r27, #12
00008970  20 DE D8 68 00 00 00 00... add     r27, r27, r13
00008978  10 5C D8 00 00 00 00 00... load.l  r11, IOSM_OFF_MAGIC(r27)
00008980  01 65 00 00 49 4F 53 4D... move.l  r12, #IOSM_MAGIC
00008988  42 06 58 60 D8 00 00 00... bne     r11, r12, .dpcife_note_next
00008990  10 5D D8 00 04 00 00 00... load.l  r11, IOSM_OFF_SCHEMA_VERSION(r27)
00008998  01 65 00 00 01 00 00 00... move.l  r12, #IOSM_SCHEMA_VERSION
000089A0  42 06 58 60 C0 00 00 00... bne     r11, r12, .dpcife_note_next
000089A8  10 59 D8 00 09 00 00 00... load.b  r11, IOSM_OFF_RESERVED0(r27)
000089B0  42 06 58 00 B0 00 00 00... bne r11, r0, .dpcife_note_next
000089B8  01 5D 00 00 00 00 00 00... move.l  r11, #0
                         .dpcife_reserved2_loop:
000089C0  01 65 00 00 08 00 00 00... move.l  r12, #8
000089C8  44 06 58 60 38 00 00 00... bge     r11, r12, .dpcife_copy_desc
000089D0  20 6F D8 00 78 00 00 00... add     r13, r27, #IOSM_OFF_RESERVED2
000089D8  20 6E 68 58 00 00 00 00... add     r13, r13, r11
000089E0  10 68 68 00 00 00 00 00... load.b  r13, (r13)
000089E8  42 06 68 00 78 00 00 00... bne r13, r0, .dpcife_note_next
000089F0  20 5F 58 00 01 00 00 00... add     r11, r11, #1
000089F8  40 06 00 00 C8 FF FF FF... bra     .dpcife_reserved2_loop
                         .dpcife_copy_desc:
00008A00  50 06 00 00 C0 00 00 00... jsr     .dos_validate_iosm_aslr_contract
00008A08  42 06 A0 00 58 00 00 00... bne r20, r0, .dpcife_note_next
00008A10  10 77 E8 00 98 02 00 00... load.q  r14, 664(r29)
00008A18  01 7D 00 00 10 00 00 00... move.l  r15, #(IOSM_SIZE / 8)
                         .dpcife_copy_loop:
00008A20  10 86 D8 00 00 00 00 00... load.q  r16, (r27)
00008A28  11 86 70 00 00 00 00 00... store.q r16, (r14)
00008A30  20 DF D8 00 08 00 00 00... add     r27, r27, #8
00008A38  20 77 70 00 08 00 00 00... add     r14, r14, #8
00008A40  21 7F 78 00 01 00 00 00... sub     r15, r15, #1
00008A48  42 06 78 00 D8 FF FF FF... bne r15, r0, .dpcife_copy_loop
00008A50  01 A7 00 00 00 00 00 00... move.q  r20, #ERR_OK
00008A58  51 00 00 00 00 00 00 00... rts
                         .dpcife_note_next:
00008A60  10 DF E8 00 D0 02 00 00... load.q  r27, 720(r29)
00008A68  10 F7 E8 00 C8 02 00 00... load.q  r30, 712(r29)
00008A70  43 06 D8 F0 08 FE FF FF... blt     r27, r30, .dpcife_note_loop
00008A78  40 06 00 00 18 00 00 00... bra     .dpcife_notfound
                         .dpcife_next_sh:
00008A80  20 9F 98 00 01 00 00 00... add     r19, r19, #1
00008A88  40 06 00 00 00 FD FF FF... bra     .dpcife_sh_loop
                         .dpcife_notfound:
00008A90  01 A7 00 00 04 00 00 00... move.q  r20, #ERR_NOTFOUND
                         .dpcife_done:
00008A98  51 00 00 00 00 00 00 00... rts
                         .dos_validate_loaded_elf_aslr_contract:
00008AA0  01 1D 00 00 E0 03 01 00... move.l  r3, #(prog_doslib_pmp_desc_dst - prog_doslib_data)
00008AA8  20 1E E8 18 00 00 00 00... add     r3, r29, r3
00008AB0  50 06 00 00 58 FA FF FF... jsr     .dos_pmp_copy_iosm_from_elf
00008AB8  51 00 00 00 00 00 00 00... rts
                         .dos_validate_iosm_aslr_contract:
00008AC0  01 A7 00 00 03 00 00 00... move.q  r20, #ERR_BADARG
00008AC8  10 59 D8 00 08 00 00 00... load.b  r11, IOSM_OFF_KIND(r27)
00008AD0  01 65 00 00 05 00 00 00... move.l  r12, #IOSM_KIND_COMMAND
00008AD8  41 06 58 60 50 00 00 00... beq     r11, r12, .dviac_command
00008AE0  01 65 00 00 01 00 00 00... move.l  r12, #IOSM_KIND_LIBRARY
00008AE8  41 06 58 60 68 00 00 00... beq     r11, r12, .dviac_module
00008AF0  01 65 00 00 02 00 00 00... move.l  r12, #IOSM_KIND_DEVICE
00008AF8  41 06 58 60 58 00 00 00... beq     r11, r12, .dviac_module
00008B00  01 65 00 00 03 00 00 00... move.l  r12, #IOSM_KIND_HANDLER
00008B08  41 06 58 60 48 00 00 00... beq     r11, r12, .dviac_module
00008B10  01 65 00 00 04 00 00 00... move.l  r12, #IOSM_KIND_RESOURCE
00008B18  41 06 58 60 38 00 00 00... beq     r11, r12, .dviac_module
00008B20  51 00 00 00 00 00 00 00... rts
                         .dviac_command:
00008B28  10 5D D8 00 30 00 00 00... load.l  r11, IOSM_OFF_FLAGS(r27)
00008B30  01 65 00 00 04 00 00 00... move.l  r12, #MODF_ASLR_CAPABLE
00008B38  42 06 58 60 48 00 00 00... bne     r11, r12, .dviac_done
00008B40  01 A7 00 00 00 00 00 00... move.q  r20, #ERR_OK
00008B48  51 00 00 00 00 00 00 00... rts
                         .dviac_module:
00008B50  10 5D D8 00 30 00 00 00... load.l  r11, IOSM_OFF_FLAGS(r27)
00008B58  30 67 58 00 04 00 00 00... and     r12, r11, #MODF_ASLR_CAPABLE
00008B60  41 06 60 00 20 00 00 00... beq r12, r0, .dviac_done
00008B68  01 65 00 00 06 00 00 00... move.l  r12, #(MODF_COMPAT_PORT | MODF_ASLR_CAPABLE)
00008B70  42 06 58 60 10 00 00 00... bne     r11, r12, .dviac_done
00008B78  01 A7 00 00 00 00 00 00... move.q  r20, #ERR_OK
                         .dviac_done:
00008B80  51 00 00 00 00 00 00 00... rts
                         .dos_pmp_is_iosm_section_name:
00008B88  10 58 70 00 00 00 00 00... load.b  r11, 0(r14)
00008B90  01 65 00 00 2E 00 00 00... move.l  r12, #0x2E
00008B98  42 06 58 60 48 01 00 00... bne     r11, r12, .dpiis_no
00008BA0  10 59 70 00 01 00 00 00... load.b  r11, 1(r14)
00008BA8  01 65 00 00 69 00 00 00... move.l  r12, #0x69
00008BB0  42 06 58 60 30 01 00 00... bne     r11, r12, .dpiis_no
00008BB8  10 59 70 00 02 00 00 00... load.b  r11, 2(r14)
00008BC0  01 65 00 00 6F 00 00 00... move.l  r12, #0x6F
00008BC8  42 06 58 60 18 01 00 00... bne     r11, r12, .dpiis_no
00008BD0  10 59 70 00 03 00 00 00... load.b  r11, 3(r14)
00008BD8  01 65 00 00 73 00 00 00... move.l  r12, #0x73
00008BE0  42 06 58 60 00 01 00 00... bne     r11, r12, .dpiis_no
00008BE8  10 59 70 00 04 00 00 00... load.b  r11, 4(r14)
00008BF0  01 65 00 00 2E 00 00 00... move.l  r12, #0x2E
00008BF8  42 06 58 60 E8 00 00 00... bne     r11, r12, .dpiis_no
00008C00  10 59 70 00 05 00 00 00... load.b  r11, 5(r14)
00008C08  01 65 00 00 6D 00 00 00... move.l  r12, #0x6D
00008C10  42 06 58 60 D0 00 00 00... bne     r11, r12, .dpiis_no
00008C18  10 59 70 00 06 00 00 00... load.b  r11, 6(r14)
00008C20  01 65 00 00 61 00 00 00... move.l  r12, #0x61
00008C28  42 06 58 60 B8 00 00 00... bne     r11, r12, .dpiis_no
00008C30  10 59 70 00 07 00 00 00... load.b  r11, 7(r14)
00008C38  01 65 00 00 6E 00 00 00... move.l  r12, #0x6E
00008C40  42 06 58 60 A0 00 00 00... bne     r11, r12, .dpiis_no
00008C48  10 59 70 00 08 00 00 00... load.b  r11, 8(r14)
00008C50  01 65 00 00 69 00 00 00... move.l  r12, #0x69
00008C58  42 06 58 60 88 00 00 00... bne     r11, r12, .dpiis_no
00008C60  10 59 70 00 09 00 00 00... load.b  r11, 9(r14)
00008C68  01 65 00 00 66 00 00 00... move.l  r12, #0x66
00008C70  42 06 58 60 70 00 00 00... bne     r11, r12, .dpiis_no
00008C78  10 59 70 00 0A 00 00 00... load.b  r11, 10(r14)
00008C80  01 65 00 00 65 00 00 00... move.l  r12, #0x65
00008C88  42 06 58 60 58 00 00 00... bne     r11, r12, .dpiis_no
00008C90  10 59 70 00 0B 00 00 00... load.b  r11, 11(r14)
00008C98  01 65 00 00 73 00 00 00... move.l  r12, #0x73
00008CA0  42 06 58 60 40 00 00 00... bne     r11, r12, .dpiis_no
00008CA8  10 59 70 00 0C 00 00 00... load.b  r11, 12(r14)
00008CB0  01 65 00 00 74 00 00 00... move.l  r12, #0x74
00008CB8  42 06 58 60 28 00 00 00... bne     r11, r12, .dpiis_no
00008CC0  10 59 70 00 0D 00 00 00... load.b  r11, 13(r14)
00008CC8  42 06 58 00 18 00 00 00... bne r11, r0, .dpiis_no
00008CD0  01 BE 00 00 00 00 00 00... move.q  r23, r0
00008CD8  51 00 00 00 00 00 00 00... rts
                         .dpiis_no:
00008CE0  01 BD 00 00 01 00 00 00... move.l  r23, #1
00008CE8  51 00 00 00 00 00 00 00... rts
                         .dos_pmp_is_iosm_note_name:
00008CF0  10 58 70 00 00 00 00 00... load.b  r11, 0(r14)
00008CF8  01 65 00 00 49 00 00 00... move.l  r12, #0x49
00008D00  42 06 58 60 B8 00 00 00... bne     r11, r12, .dpiin_no
00008D08  10 59 70 00 01 00 00 00... load.b  r11, 1(r14)
00008D10  01 65 00 00 4F 00 00 00... move.l  r12, #0x4F
00008D18  42 06 58 60 A0 00 00 00... bne     r11, r12, .dpiin_no
00008D20  10 59 70 00 02 00 00 00... load.b  r11, 2(r14)
00008D28  01 65 00 00 53 00 00 00... move.l  r12, #0x53
00008D30  42 06 58 60 88 00 00 00... bne     r11, r12, .dpiin_no
00008D38  10 59 70 00 03 00 00 00... load.b  r11, 3(r14)
00008D40  01 65 00 00 2D 00 00 00... move.l  r12, #0x2D
00008D48  42 06 58 60 70 00 00 00... bne     r11, r12, .dpiin_no
00008D50  10 59 70 00 04 00 00 00... load.b  r11, 4(r14)
00008D58  01 65 00 00 4D 00 00 00... move.l  r12, #0x4D
00008D60  42 06 58 60 58 00 00 00... bne     r11, r12, .dpiin_no
00008D68  10 59 70 00 05 00 00 00... load.b  r11, 5(r14)
00008D70  01 65 00 00 4F 00 00 00... move.l  r12, #0x4F
00008D78  42 06 58 60 40 00 00 00... bne     r11, r12, .dpiin_no
00008D80  10 59 70 00 06 00 00 00... load.b  r11, 6(r14)
00008D88  01 65 00 00 44 00 00 00... move.l  r12, #0x44
00008D90  42 06 58 60 28 00 00 00... bne     r11, r12, .dpiin_no
00008D98  10 59 70 00 07 00 00 00... load.b  r11, 7(r14)
00008DA0  42 06 58 00 18 00 00 00... bne r11, r0, .dpiin_no
00008DA8  01 BE 00 00 00 00 00 00... move.q  r23, r0
00008DB0  51 00 00 00 00 00 00 00... rts
                         .dpiin_no:
00008DB8  01 BD 00 00 01 00 00 00... move.l  r23, #1
00008DC0  51 00 00 00 00 00 00 00... rts
                         .dos_pmp_is_iosrel_note_name:
00008DC8  10 58 70 00 00 00 00 00... load.b  r11, 0(r14)
00008DD0  01 65 00 00 49 00 00 00... move.l  r12, #0x49
00008DD8  42 06 58 60 B8 00 00 00... bne     r11, r12, .dpiir_no
00008DE0  10 59 70 00 01 00 00 00... load.b  r11, 1(r14)
00008DE8  01 65 00 00 4F 00 00 00... move.l  r12, #0x4F
00008DF0  42 06 58 60 A0 00 00 00... bne     r11, r12, .dpiir_no
00008DF8  10 59 70 00 02 00 00 00... load.b  r11, 2(r14)
00008E00  01 65 00 00 53 00 00 00... move.l  r12, #0x53
00008E08  42 06 58 60 88 00 00 00... bne     r11, r12, .dpiir_no
00008E10  10 59 70 00 03 00 00 00... load.b  r11, 3(r14)
00008E18  01 65 00 00 2D 00 00 00... move.l  r12, #0x2D
00008E20  42 06 58 60 70 00 00 00... bne     r11, r12, .dpiir_no
00008E28  10 59 70 00 04 00 00 00... load.b  r11, 4(r14)
00008E30  01 65 00 00 52 00 00 00... move.l  r12, #0x52
00008E38  42 06 58 60 58 00 00 00... bne     r11, r12, .dpiir_no
00008E40  10 59 70 00 05 00 00 00... load.b  r11, 5(r14)
00008E48  01 65 00 00 45 00 00 00... move.l  r12, #0x45
00008E50  42 06 58 60 40 00 00 00... bne     r11, r12, .dpiir_no
00008E58  10 59 70 00 06 00 00 00... load.b  r11, 6(r14)
00008E60  01 65 00 00 4C 00 00 00... move.l  r12, #0x4C
00008E68  42 06 58 60 28 00 00 00... bne     r11, r12, .dpiir_no
00008E70  10 59 70 00 07 00 00 00... load.b  r11, 7(r14)
00008E78  42 06 58 00 18 00 00 00... bne r11, r0, .dpiir_no
00008E80  01 BE 00 00 00 00 00 00... move.q  r23, r0
00008E88  51 00 00 00 00 00 00 00... rts
                         .dpiir_no:
00008E90  01 BD 00 00 01 00 00 00... move.l  r23, #1
00008E98  51 00 00 00 00 00 00 00... rts
                         .dos_copy_zstr:
00008EA0  01 A6 08 00 00 00 00 00... move.q  r20, r1
00008EA8  01 AE 10 00 00 00 00 00... move.q  r21, r2
                         .dcz_loop:
00008EB0  10 B0 A0 00 00 00 00 00... load.b  r22, (r20)
00008EB8  11 B0 A8 00 00 00 00 00... store.b r22, (r21)
00008EC0  41 06 B0 00 20 00 00 00... beq r22, r0, .dcz_done
00008EC8  20 A7 A0 00 01 00 00 00... add     r20, r20, #1
00008ED0  20 AF A8 00 01 00 00 00... add     r21, r21, #1
00008ED8  40 06 00 00 D8 FF FF FF... bra     .dcz_loop
                         .dcz_done:
00008EE0  01 0E A8 00 00 00 00 00... move.q  r1, r21
00008EE8  51 00 00 00 00 00 00 00... rts
                         .dos_hostfs_make_relpath:
00008EF0  01 C6 18 00 00 00 00 00... move.q  r24, r3
00008EF8  01 CE 10 00 00 00 00 00... move.q  r25, r2
00008F00  01 16 18 00 00 00 00 00... move.q  r2, r3
00008F08  50 06 00 00 98 FF FF FF... jsr     .dos_copy_zstr
00008F10  01 D6 08 00 00 00 00 00... move.q  r26, r1
00008F18  01 A5 00 00 00 00 00 00... move.l  r20, #0
                         .dhmr_suffix:
00008F20  01 AD 00 00 2F 00 00 00... move.l  r21, #47
00008F28  44 06 A0 A8 68 00 00 00... bge     r20, r21, .dhmr_overflow
00008F30  20 B6 C8 A0 00 00 00 00... add     r22, r25, r20
00008F38  10 B8 B0 00 00 00 00 00... load.b  r23, (r22)
00008F40  41 06 B8 00 28 00 00 00... beq r23, r0, .dhmr_done
00008F48  20 B6 D0 A0 00 00 00 00... add     r22, r26, r20
00008F50  11 B8 B0 00 00 00 00 00... store.b r23, (r22)
00008F58  20 A7 A0 00 01 00 00 00... add     r20, r20, #1
00008F60  40 06 00 00 C0 FF FF FF... bra     .dhmr_suffix
                         .dhmr_done:
00008F68  20 B6 D0 A0 00 00 00 00... add     r22, r26, r20
00008F70  11 00 B0 00 00 00 00 00... store.b r0, (r22)
00008F78  01 0E C0 00 00 00 00 00... move.q  r1, r24
00008F80  01 1D 00 00 01 00 00 00... move.l  r3, #1
00008F88  51 00 00 00 00 00 00 00... rts
                         .dhmr_overflow:
00008F90  20 B7 D0 00 2F 00 00 00... add     r22, r26, #47
00008F98  11 00 B0 00 00 00 00 00... store.b r0, (r22)
00008FA0  01 0E C0 00 00 00 00 00... move.q  r1, r24
00008FA8  01 1E 00 00 00 00 00 00... move.q  r3, r0
00008FB0  51 00 00 00 00 00 00 00... rts
                         .dos_hostfs_relpath_for_resolved_name:
00008FB8  01 A6 08 00 00 00 00 00... move.q  r20, r1
00008FC0  20 DF E8 00 20 02 00 00... add     r27, r29, #544
00008FC8  10 A8 A0 00 00 00 00 00... load.b  r21, (r20)
00008FD0  30 AF A8 00 DF 00 00 00... and     r21, r21, #0xDF
00008FD8  01 B5 00 00 53 00 00 00... move.l  r22, #0x53
00008FE0  42 06 A8 B0 60 00 00 00... bne     r21, r22, .dhrfrn_check_c
00008FE8  10 A9 A0 00 01 00 00 00... load.b  r21, 1(r20)
00008FF0  30 AF A8 00 DF 00 00 00... and     r21, r21, #0xDF
00008FF8  01 B5 00 00 59 00 00 00... move.l  r22, #0x59
00009000  42 06 A8 B0 40 00 00 00... bne     r21, r22, .dhrfrn_check_c
00009008  10 A9 A0 00 02 00 00 00... load.b  r21, 2(r20)
00009010  30 AF A8 00 DF 00 00 00... and     r21, r21, #0xDF
00009018  01 B5 00 00 53 00 00 00... move.l  r22, #0x53
00009020  42 06 A8 B0 20 00 00 00... bne     r21, r22, .dhrfrn_check_c
00009028  10 A9 A0 00 03 00 00 00... load.b  r21, 3(r20)
00009030  01 B5 00 00 2F 00 00 00... move.l  r22, #0x2F
00009038  41 06 A8 B0 58 03 00 00... beq     r21, r22, .dhrfrn_sys
                         .dhrfrn_check_c:
00009040  10 A8 A0 00 00 00 00 00... load.b  r21, (r20)
00009048  30 AF A8 00 DF 00 00 00... and     r21, r21, #0xDF
00009050  01 B5 00 00 43 00 00 00... move.l  r22, #0x43
00009058  42 06 A8 B0 20 00 00 00... bne     r21, r22, .dhrfrn_check_s
00009060  10 A9 A0 00 01 00 00 00... load.b  r21, 1(r20)
00009068  01 B5 00 00 2F 00 00 00... move.l  r22, #0x2F
00009070  41 06 A8 B0 90 03 00 00... beq     r21, r22, .dhrfrn_c
                         .dhrfrn_check_s:
00009078  10 A8 A0 00 00 00 00 00... load.b  r21, (r20)
00009080  30 AF A8 00 DF 00 00 00... and     r21, r21, #0xDF
00009088  01 B5 00 00 53 00 00 00... move.l  r22, #0x53
00009090  42 06 A8 B0 20 00 00 00... bne     r21, r22, .dhrfrn_check_l
00009098  10 A9 A0 00 01 00 00 00... load.b  r21, 1(r20)
000090A0  01 B5 00 00 2F 00 00 00... move.l  r22, #0x2F
000090A8  41 06 A8 B0 80 03 00 00... beq     r21, r22, .dhrfrn_s
                         .dhrfrn_check_l:
000090B0  10 A8 A0 00 00 00 00 00... load.b  r21, (r20)
000090B8  30 AF A8 00 DF 00 00 00... and     r21, r21, #0xDF
000090C0  01 B5 00 00 4C 00 00 00... move.l  r22, #0x4C
000090C8  42 06 A8 B0 20 00 00 00... bne     r21, r22, .dhrfrn_check_libs
000090D0  10 A9 A0 00 01 00 00 00... load.b  r21, 1(r20)
000090D8  01 B5 00 00 2F 00 00 00... move.l  r22, #0x2F
000090E0  41 06 A8 B0 70 03 00 00... beq     r21, r22, .dhrfrn_l
                         .dhrfrn_check_libs:
000090E8  10 A8 A0 00 00 00 00 00... load.b  r21, (r20)
000090F0  30 AF A8 00 DF 00 00 00... and     r21, r21, #0xDF
000090F8  01 B5 00 00 4C 00 00 00... move.l  r22, #0x4C
00009100  42 06 A8 B0 80 00 00 00... bne     r21, r22, .dhrfrn_check_devs
00009108  10 A9 A0 00 01 00 00 00... load.b  r21, 1(r20)
00009110  30 AF A8 00 DF 00 00 00... and     r21, r21, #0xDF
00009118  01 B5 00 00 49 00 00 00... move.l  r22, #0x49
00009120  42 06 A8 B0 60 00 00 00... bne     r21, r22, .dhrfrn_check_devs
00009128  10 A9 A0 00 02 00 00 00... load.b  r21, 2(r20)
00009130  30 AF A8 00 DF 00 00 00... and     r21, r21, #0xDF
00009138  01 B5 00 00 42 00 00 00... move.l  r22, #0x42
00009140  42 06 A8 B0 40 00 00 00... bne     r21, r22, .dhrfrn_check_devs
00009148  10 A9 A0 00 03 00 00 00... load.b  r21, 3(r20)
00009150  30 AF A8 00 DF 00 00 00... and     r21, r21, #0xDF
00009158  01 B5 00 00 53 00 00 00... move.l  r22, #0x53
00009160  42 06 A8 B0 20 00 00 00... bne     r21, r22, .dhrfrn_check_devs
00009168  10 A9 A0 00 04 00 00 00... load.b  r21, 4(r20)
00009170  01 B5 00 00 2F 00 00 00... move.l  r22, #0x2F
00009178  41 06 A8 B0 00 03 00 00... beq     r21, r22, .dhrfrn_libs
                         .dhrfrn_check_devs:
00009180  10 A8 A0 00 00 00 00 00... load.b  r21, (r20)
00009188  30 AF A8 00 DF 00 00 00... and     r21, r21, #0xDF
00009190  01 B5 00 00 44 00 00 00... move.l  r22, #0x44
00009198  42 06 A8 B0 80 00 00 00... bne     r21, r22, .dhrfrn_check_resources
000091A0  10 A9 A0 00 01 00 00 00... load.b  r21, 1(r20)
000091A8  30 AF A8 00 DF 00 00 00... and     r21, r21, #0xDF
000091B0  01 B5 00 00 45 00 00 00... move.l  r22, #0x45
000091B8  42 06 A8 B0 60 00 00 00... bne     r21, r22, .dhrfrn_check_resources
000091C0  10 A9 A0 00 02 00 00 00... load.b  r21, 2(r20)
000091C8  30 AF A8 00 DF 00 00 00... and     r21, r21, #0xDF
000091D0  01 B5 00 00 56 00 00 00... move.l  r22, #0x56
000091D8  42 06 A8 B0 40 00 00 00... bne     r21, r22, .dhrfrn_check_resources
000091E0  10 A9 A0 00 03 00 00 00... load.b  r21, 3(r20)
000091E8  30 AF A8 00 DF 00 00 00... and     r21, r21, #0xDF
000091F0  01 B5 00 00 53 00 00 00... move.l  r22, #0x53
000091F8  42 06 A8 B0 20 00 00 00... bne     r21, r22, .dhrfrn_check_resources
00009200  10 A9 A0 00 04 00 00 00... load.b  r21, 4(r20)
00009208  01 B5 00 00 2F 00 00 00... move.l  r22, #0x2F
00009210  41 06 A8 B0 90 02 00 00... beq     r21, r22, .dhrfrn_devs
                         .dhrfrn_check_resources:
00009218  10 A8 A0 00 00 00 00 00... load.b  r21, (r20)
00009220  30 AF A8 00 DF 00 00 00... and     r21, r21, #0xDF
00009228  01 B5 00 00 52 00 00 00... move.l  r22, #0x52
00009230  42 06 A8 B0 48 01 00 00... bne     r21, r22, .dhrfrn_none
00009238  10 A9 A0 00 01 00 00 00... load.b  r21, 1(r20)
00009240  30 AF A8 00 DF 00 00 00... and     r21, r21, #0xDF
00009248  01 B5 00 00 45 00 00 00... move.l  r22, #0x45
00009250  42 06 A8 B0 28 01 00 00... bne     r21, r22, .dhrfrn_none
00009258  10 A9 A0 00 02 00 00 00... load.b  r21, 2(r20)
00009260  30 AF A8 00 DF 00 00 00... and     r21, r21, #0xDF
00009268  01 B5 00 00 53 00 00 00... move.l  r22, #0x53
00009270  42 06 A8 B0 08 01 00 00... bne     r21, r22, .dhrfrn_none
00009278  10 A9 A0 00 03 00 00 00... load.b  r21, 3(r20)
00009280  30 AF A8 00 DF 00 00 00... and     r21, r21, #0xDF
00009288  01 B5 00 00 4F 00 00 00... move.l  r22, #0x4F
00009290  42 06 A8 B0 E8 00 00 00... bne     r21, r22, .dhrfrn_none
00009298  10 A9 A0 00 04 00 00 00... load.b  r21, 4(r20)
000092A0  30 AF A8 00 DF 00 00 00... and     r21, r21, #0xDF
000092A8  01 B5 00 00 55 00 00 00... move.l  r22, #0x55
000092B0  42 06 A8 B0 C8 00 00 00... bne     r21, r22, .dhrfrn_none
000092B8  10 A9 A0 00 05 00 00 00... load.b  r21, 5(r20)
000092C0  30 AF A8 00 DF 00 00 00... and     r21, r21, #0xDF
000092C8  01 B5 00 00 52 00 00 00... move.l  r22, #0x52
000092D0  42 06 A8 B0 A8 00 00 00... bne     r21, r22, .dhrfrn_none
000092D8  10 A9 A0 00 06 00 00 00... load.b  r21, 6(r20)
000092E0  30 AF A8 00 DF 00 00 00... and     r21, r21, #0xDF
000092E8  01 B5 00 00 43 00 00 00... move.l  r22, #0x43
000092F0  42 06 A8 B0 88 00 00 00... bne     r21, r22, .dhrfrn_none
000092F8  10 A9 A0 00 07 00 00 00... load.b  r21, 7(r20)
00009300  30 AF A8 00 DF 00 00 00... and     r21, r21, #0xDF
00009308  01 B5 00 00 45 00 00 00... move.l  r22, #0x45
00009310  42 06 A8 B0 68 00 00 00... bne     r21, r22, .dhrfrn_none
00009318  10 A9 A0 00 08 00 00 00... load.b  r21, 8(r20)
00009320  30 AF A8 00 DF 00 00 00... and     r21, r21, #0xDF
00009328  01 B5 00 00 53 00 00 00... move.l  r22, #0x53
00009330  42 06 A8 B0 48 00 00 00... bne     r21, r22, .dhrfrn_none
00009338  10 A9 A0 00 09 00 00 00... load.b  r21, 9(r20)
00009340  01 B5 00 00 2F 00 00 00... move.l  r22, #0x2F
00009348  42 06 A8 B0 30 00 00 00... bne     r21, r22, .dhrfrn_none
                         .dhrfrn_resources:
00009350  20 0F E8 00 AF 05 00 00... add     r1, r29, #(prog_doslib_hostfs_rel_resources - prog_doslib_data)
00009358  20 17 A0 00 0A 00 00 00... add     r2, r20, #10
00009360  01 1E D8 00 00 00 00 00... move.q  r3, r27
00009368  50 06 00 00 88 FB FF FF... jsr     .dos_hostfs_make_relpath
00009370  51 00 00 00 00 00 00 00... rts
                         .dhrfrn_none:
00009378  01 0E 00 00 00 00 00 00... move.q  r1, r0
00009380  01 1E 00 00 00 00 00 00... move.q  r3, r0
00009388  51 00 00 00 00 00 00 00... rts
                         .dhrfrn_sys:
00009390  20 0F A0 00 04 00 00 00... add     r1, r20, #4
00009398  10 E0 08 00 00 00 00 00... load.b  r28, (r1)
000093A0  42 06 E0 00 38 00 00 00... bne r28, r0, .dhrfrn_sys_copy
000093A8  01 E5 00 00 2E 00 00 00... move.l  r28, #0x2E
000093B0  11 E0 D8 00 00 00 00 00... store.b r28, (r27)
000093B8  11 01 D8 00 01 00 00 00... store.b r0, 1(r27)
000093C0  01 0E D8 00 00 00 00 00... move.q  r1, r27
000093C8  01 1D 00 00 01 00 00 00... move.l  r3, #1
000093D0  51 00 00 00 00 00 00 00... rts
                         .dhrfrn_sys_copy:
000093D8  01 16 D8 00 00 00 00 00... move.q  r2, r27
000093E0  50 06 00 00 C0 FA FF FF... jsr     .dos_copy_zstr
000093E8  01 0E D8 00 00 00 00 00... move.q  r1, r27
000093F0  01 1D 00 00 01 00 00 00... move.l  r3, #1
000093F8  51 00 00 00 00 00 00 00... rts
                         .dhrfrn_c:
00009400  20 0F E8 00 77 05 00 00... add     r1, r29, #(prog_doslib_hostfs_rel_c - prog_doslib_data)
00009408  20 17 A0 00 02 00 00 00... add     r2, r20, #2
00009410  01 1E D8 00 00 00 00 00... move.q  r3, r27
00009418  50 06 00 00 D8 FA FF FF... jsr     .dos_hostfs_make_relpath
00009420  51 00 00 00 00 00 00 00... rts
                         .dhrfrn_s:
00009428  20 0F E8 00 81 05 00 00... add     r1, r29, #(prog_doslib_hostfs_rel_s - prog_doslib_data)
00009430  20 17 A0 00 02 00 00 00... add     r2, r20, #2
00009438  01 1E D8 00 00 00 00 00... move.q  r3, r27
00009440  50 06 00 00 B0 FA FF FF... jsr     .dos_hostfs_make_relpath
00009448  51 00 00 00 00 00 00 00... rts
                         .dhrfrn_l:
00009450  20 0F E8 00 8B 05 00 00... add     r1, r29, #(prog_doslib_hostfs_rel_l - prog_doslib_data)
00009458  20 17 A0 00 02 00 00 00... add     r2, r20, #2
00009460  01 1E D8 00 00 00 00 00... move.q  r3, r27
00009468  50 06 00 00 88 FA FF FF... jsr     .dos_hostfs_make_relpath
00009470  51 00 00 00 00 00 00 00... rts
                         .dhrfrn_libs:
00009478  20 0F E8 00 95 05 00 00... add     r1, r29, #(prog_doslib_hostfs_rel_libs - prog_doslib_data)
00009480  20 17 A0 00 05 00 00 00... add     r2, r20, #5
00009488  01 1E D8 00 00 00 00 00... move.q  r3, r27
00009490  50 06 00 00 60 FA FF FF... jsr     .dos_hostfs_make_relpath
00009498  51 00 00 00 00 00 00 00... rts
                         .dhrfrn_devs:
000094A0  20 0F E8 00 A2 05 00 00... add     r1, r29, #(prog_doslib_hostfs_rel_devs - prog_doslib_data)
000094A8  20 17 A0 00 05 00 00 00... add     r2, r20, #5
000094B0  01 1E D8 00 00 00 00 00... move.q  r3, r27
000094B8  50 06 00 00 38 FA FF FF... jsr     .dos_hostfs_make_relpath
000094C0  51 00 00 00 00 00 00 00... rts
                         .dos_hostfs_writable_relpath_for_resolved_name:
000094C8  01 A6 08 00 00 00 00 00... move.q  r20, r1
000094D0  20 DF E8 00 20 02 00 00... add     r27, r29, #544
000094D8  10 A8 A0 00 00 00 00 00... load.b  r21, (r20)
000094E0  30 AF A8 00 DF 00 00 00... and     r21, r21, #0xDF
000094E8  01 B5 00 00 53 00 00 00... move.l  r22, #0x53
000094F0  42 06 A8 B0 60 00 00 00... bne     r21, r22, .dhwr_check_c
000094F8  10 A9 A0 00 01 00 00 00... load.b  r21, 1(r20)
00009500  30 AF A8 00 DF 00 00 00... and     r21, r21, #0xDF
00009508  01 B5 00 00 59 00 00 00... move.l  r22, #0x59
00009510  42 06 A8 B0 40 00 00 00... bne     r21, r22, .dhwr_check_c
00009518  10 A9 A0 00 02 00 00 00... load.b  r21, 2(r20)
00009520  30 AF A8 00 DF 00 00 00... and     r21, r21, #0xDF
00009528  01 B5 00 00 53 00 00 00... move.l  r22, #0x53
00009530  42 06 A8 B0 20 00 00 00... bne     r21, r22, .dhwr_check_c
00009538  10 A9 A0 00 03 00 00 00... load.b  r21, 3(r20)
00009540  01 B5 00 00 2F 00 00 00... move.l  r22, #0x2F
00009548  41 06 A8 B0 30 03 00 00... beq     r21, r22, .dhwr_sys
                         .dhwr_check_c:
00009550  10 A8 A0 00 00 00 00 00... load.b  r21, (r20)
00009558  30 AF A8 00 DF 00 00 00... and     r21, r21, #0xDF
00009560  01 B5 00 00 43 00 00 00... move.l  r22, #0x43
00009568  42 06 A8 B0 20 00 00 00... bne     r21, r22, .dhwr_check_s
00009570  10 A9 A0 00 01 00 00 00... load.b  r21, 1(r20)
00009578  01 B5 00 00 2F 00 00 00... move.l  r22, #0x2F
00009580  41 06 A8 B0 28 03 00 00... beq     r21, r22, .dhwr_copy_full
                         .dhwr_check_s:
00009588  10 A8 A0 00 00 00 00 00... load.b  r21, (r20)
00009590  30 AF A8 00 DF 00 00 00... and     r21, r21, #0xDF
00009598  01 B5 00 00 53 00 00 00... move.l  r22, #0x53
000095A0  42 06 A8 B0 20 00 00 00... bne     r21, r22, .dhwr_check_l
000095A8  10 A9 A0 00 01 00 00 00... load.b  r21, 1(r20)
000095B0  01 B5 00 00 2F 00 00 00... move.l  r22, #0x2F
000095B8  41 06 A8 B0 F0 02 00 00... beq     r21, r22, .dhwr_copy_full
                         .dhwr_check_l:
000095C0  10 A8 A0 00 00 00 00 00... load.b  r21, (r20)
000095C8  30 AF A8 00 DF 00 00 00... and     r21, r21, #0xDF
000095D0  01 B5 00 00 4C 00 00 00... move.l  r22, #0x4C
000095D8  42 06 A8 B0 20 00 00 00... bne     r21, r22, .dhwr_check_libs
000095E0  10 A9 A0 00 01 00 00 00... load.b  r21, 1(r20)
000095E8  01 B5 00 00 2F 00 00 00... move.l  r22, #0x2F
000095F0  41 06 A8 B0 B8 02 00 00... beq     r21, r22, .dhwr_copy_full
                         .dhwr_check_libs:
000095F8  10 A8 A0 00 00 00 00 00... load.b  r21, (r20)
00009600  30 AF A8 00 DF 00 00 00... and     r21, r21, #0xDF
00009608  01 B5 00 00 4C 00 00 00... move.l  r22, #0x4C
00009610  42 06 A8 B0 80 00 00 00... bne     r21, r22, .dhwr_check_devs
00009618  10 A9 A0 00 01 00 00 00... load.b  r21, 1(r20)
00009620  30 AF A8 00 DF 00 00 00... and     r21, r21, #0xDF
00009628  01 B5 00 00 49 00 00 00... move.l  r22, #0x49
00009630  42 06 A8 B0 60 00 00 00... bne     r21, r22, .dhwr_check_devs
00009638  10 A9 A0 00 02 00 00 00... load.b  r21, 2(r20)
00009640  30 AF A8 00 DF 00 00 00... and     r21, r21, #0xDF
00009648  01 B5 00 00 42 00 00 00... move.l  r22, #0x42
00009650  42 06 A8 B0 40 00 00 00... bne     r21, r22, .dhwr_check_devs
00009658  10 A9 A0 00 03 00 00 00... load.b  r21, 3(r20)
00009660  30 AF A8 00 DF 00 00 00... and     r21, r21, #0xDF
00009668  01 B5 00 00 53 00 00 00... move.l  r22, #0x53
00009670  42 06 A8 B0 20 00 00 00... bne     r21, r22, .dhwr_check_devs
00009678  10 A9 A0 00 04 00 00 00... load.b  r21, 4(r20)
00009680  01 B5 00 00 2F 00 00 00... move.l  r22, #0x2F
00009688  41 06 A8 B0 20 02 00 00... beq     r21, r22, .dhwr_copy_full
                         .dhwr_check_devs:
00009690  10 A8 A0 00 00 00 00 00... load.b  r21, (r20)
00009698  30 AF A8 00 DF 00 00 00... and     r21, r21, #0xDF
000096A0  01 B5 00 00 44 00 00 00... move.l  r22, #0x44
000096A8  42 06 A8 B0 80 00 00 00... bne     r21, r22, .dhwr_check_resources
000096B0  10 A9 A0 00 01 00 00 00... load.b  r21, 1(r20)
000096B8  30 AF A8 00 DF 00 00 00... and     r21, r21, #0xDF
000096C0  01 B5 00 00 45 00 00 00... move.l  r22, #0x45
000096C8  42 06 A8 B0 60 00 00 00... bne     r21, r22, .dhwr_check_resources
000096D0  10 A9 A0 00 02 00 00 00... load.b  r21, 2(r20)
000096D8  30 AF A8 00 DF 00 00 00... and     r21, r21, #0xDF
000096E0  01 B5 00 00 56 00 00 00... move.l  r22, #0x56
000096E8  42 06 A8 B0 40 00 00 00... bne     r21, r22, .dhwr_check_resources
000096F0  10 A9 A0 00 03 00 00 00... load.b  r21, 3(r20)
000096F8  30 AF A8 00 DF 00 00 00... and     r21, r21, #0xDF
00009700  01 B5 00 00 53 00 00 00... move.l  r22, #0x53
00009708  42 06 A8 B0 20 00 00 00... bne     r21, r22, .dhwr_check_resources
00009710  10 A9 A0 00 04 00 00 00... load.b  r21, 4(r20)
00009718  01 B5 00 00 2F 00 00 00... move.l  r22, #0x2F
00009720  41 06 A8 B0 88 01 00 00... beq     r21, r22, .dhwr_copy_full
                         .dhwr_check_resources:
00009728  10 A8 A0 00 00 00 00 00... load.b  r21, (r20)
00009730  30 AF A8 00 DF 00 00 00... and     r21, r21, #0xDF
00009738  01 B5 00 00 52 00 00 00... move.l  r22, #0x52
00009740  42 06 A8 B0 20 01 00 00... bne     r21, r22, .dhwr_none
00009748  10 A9 A0 00 01 00 00 00... load.b  r21, 1(r20)
00009750  30 AF A8 00 DF 00 00 00... and     r21, r21, #0xDF
00009758  01 B5 00 00 45 00 00 00... move.l  r22, #0x45
00009760  42 06 A8 B0 00 01 00 00... bne     r21, r22, .dhwr_none
00009768  10 A9 A0 00 02 00 00 00... load.b  r21, 2(r20)
00009770  30 AF A8 00 DF 00 00 00... and     r21, r21, #0xDF
00009778  01 B5 00 00 53 00 00 00... move.l  r22, #0x53
00009780  42 06 A8 B0 E0 00 00 00... bne     r21, r22, .dhwr_none
00009788  10 A9 A0 00 03 00 00 00... load.b  r21, 3(r20)
00009790  30 AF A8 00 DF 00 00 00... and     r21, r21, #0xDF
00009798  01 B5 00 00 4F 00 00 00... move.l  r22, #0x4F
000097A0  42 06 A8 B0 C0 00 00 00... bne     r21, r22, .dhwr_none
000097A8  10 A9 A0 00 04 00 00 00... load.b  r21, 4(r20)
000097B0  30 AF A8 00 DF 00 00 00... and     r21, r21, #0xDF
000097B8  01 B5 00 00 55 00 00 00... move.l  r22, #0x55
000097C0  42 06 A8 B0 A0 00 00 00... bne     r21, r22, .dhwr_none
000097C8  10 A9 A0 00 05 00 00 00... load.b  r21, 5(r20)
000097D0  30 AF A8 00 DF 00 00 00... and     r21, r21, #0xDF
000097D8  01 B5 00 00 52 00 00 00... move.l  r22, #0x52
000097E0  42 06 A8 B0 80 00 00 00... bne     r21, r22, .dhwr_none
000097E8  10 A9 A0 00 06 00 00 00... load.b  r21, 6(r20)
000097F0  30 AF A8 00 DF 00 00 00... and     r21, r21, #0xDF
000097F8  01 B5 00 00 43 00 00 00... move.l  r22, #0x43
00009800  42 06 A8 B0 60 00 00 00... bne     r21, r22, .dhwr_none
00009808  10 A9 A0 00 07 00 00 00... load.b  r21, 7(r20)
00009810  30 AF A8 00 DF 00 00 00... and     r21, r21, #0xDF
00009818  01 B5 00 00 45 00 00 00... move.l  r22, #0x45
00009820  42 06 A8 B0 40 00 00 00... bne     r21, r22, .dhwr_none
00009828  10 A9 A0 00 08 00 00 00... load.b  r21, 8(r20)
00009830  30 AF A8 00 DF 00 00 00... and     r21, r21, #0xDF
00009838  01 B5 00 00 53 00 00 00... move.l  r22, #0x53
00009840  42 06 A8 B0 20 00 00 00... bne     r21, r22, .dhwr_none
00009848  10 A9 A0 00 09 00 00 00... load.b  r21, 9(r20)
00009850  01 B5 00 00 2F 00 00 00... move.l  r22, #0x2F
00009858  41 06 A8 B0 50 00 00 00... beq     r21, r22, .dhwr_copy_full
                         .dhwr_none:
00009860  01 0E 00 00 00 00 00 00... move.q  r1, r0
00009868  01 1E 00 00 00 00 00 00... move.q  r3, r0
00009870  51 00 00 00 00 00 00 00... rts
                         .dhwr_sys:
00009878  20 0F A0 00 04 00 00 00... add     r1, r20, #4
00009880  01 16 D8 00 00 00 00 00... move.q  r2, r27
00009888  50 06 00 00 18 F6 FF FF... jsr     .dos_copy_zstr
00009890  01 0E D8 00 00 00 00 00... move.q  r1, r27
00009898  01 1D 00 00 01 00 00 00... move.l  r3, #1
000098A0  51 00 00 00 00 00 00 00... rts
                         .dhwr_copy_full:
000098A8  01 0E A0 00 00 00 00 00... move.q  r1, r20
000098B0  01 16 D8 00 00 00 00 00... move.q  r2, r27
000098B8  50 06 00 00 E8 F5 FF FF... jsr     .dos_copy_zstr
000098C0  01 0E D8 00 00 00 00 00... move.q  r1, r27
000098C8  01 1D 00 00 01 00 00 00... move.l  r3, #1
000098D0  51 00 00 00 00 00 00 00... rts
                         .dos_hostfs_layered_relpath_for_resolved_name:
000098D8  11 0F E8 00 38 03 00 00... store.q r1, 824(r29)
000098E0  11 17 E8 00 40 03 00 00... store.q r2, 832(r29)
000098E8  50 06 00 00 E0 FB FF FF... jsr     .dos_hostfs_writable_relpath_for_resolved_name
000098F0  41 06 18 00 70 00 00 00... beq r3, r0, .dhlr_no_writable
000098F8  10 27 E8 00 40 03 00 00... load.q  r4, 832(r29)
00009900  42 06 20 00 78 00 00 00... bne r4, r0, .dhlr_use_writable_now
00009908  11 0F E8 00 48 03 00 00... store.q r1, 840(r29)
00009910  50 06 00 00 78 00 00 00... jsr     .dos_bootfs_stat
00009918  42 06 18 00 48 00 00 00... bne r3, r0, .dhlr_writable_miss
00009920  01 E6 10 00 00 00 00 00... move.q  r28, r2
00009928  30 E7 E0 00 FF FF FF FF... and     r28, r28, #0xFFFFFFFF
00009930  01 7E 00 00 00 00 00 00... move.q  r15, r0
00009938  20 7F 78 00 01 00 00 00... add     r15, r15, #BOOT_HOSTFS_KIND_FILE
00009940  42 06 E0 78 20 00 00 00... bne     r28, r15, .dhlr_writable_miss
00009948  10 0F E8 00 48 03 00 00... load.q  r1, 840(r29)
00009950  01 1D 00 00 01 00 00 00... move.l  r3, #1
00009958  51 00 00 00 00 00 00 00... rts
                         .dhlr_writable_miss:
                         .dhlr_no_writable:
00009960  10 0F E8 00 38 03 00 00... load.q  r1, 824(r29)
00009968  50 06 00 00 50 F6 FF FF... jsr     .dos_hostfs_relpath_for_resolved_name
00009970  51 00 00 00 00 00 00 00... rts
                         .dhlr_use_writable_now:
00009978  01 1D 00 00 01 00 00 00... move.l  r3, #1
00009980  51 00 00 00 00 00 00 00... rts
                         .dos_bootfs_stat:
00009988  01 A6 08 00 00 00 00 00... move.q  r20, r1
00009990  52 06 E8 00 00 00 00 00... push    r29
00009998  01 16 A0 00 00 00 00 00... move.q  r2, r20
000099A0  01 0D 00 00 04 00 00 00... move.l  r1, #BOOT_HOSTFS_STAT
000099A8  01 1E 00 00 00 00 00 00... move.q  r3, r0
000099B0  01 26 00 00 00 00 00 00... move.q  r4, r0
000099B8  01 2E 00 00 00 00 00 00... move.q  r5, r0
000099C0  EB 01 00 00 28 00 00 00... syscall #SYS_BOOT_HOSTFS
000099C8  53 EE 00 00 00 00 00 00... pop     r29
000099D0  01 C6 10 00 00 00 00 00... move.q  r24, r2
000099D8  42 06 C0 00 28 00 00 00... bne r24, r0, .dbfs_err
000099E0  01 CE 18 00 00 00 00 00... move.q  r25, r3
000099E8  01 16 C8 00 00 00 00 00... move.q  r2, r25
000099F0  01 1E C0 00 00 00 00 00... move.q  r3, r24
000099F8  51 00 00 00 00 00 00 00... rts
                         .dbfs_err:
00009A00  01 0E 00 00 00 00 00 00... move.q  r1, r0
00009A08  01 16 00 00 00 00 00 00... move.q  r2, r0
00009A10  01 1E C0 00 00 00 00 00... move.q  r3, r24
00009A18  51 00 00 00 00 00 00 00... rts
                         .dos_bootfs_open:
00009A20  01 A6 08 00 00 00 00 00... move.q  r20, r1
00009A28  52 06 E8 00 00 00 00 00... push    r29
00009A30  01 16 A0 00 00 00 00 00... move.q  r2, r20
00009A38  01 0D 00 00 01 00 00 00... move.l  r1, #BOOT_HOSTFS_OPEN
00009A40  01 1E 00 00 00 00 00 00... move.q  r3, r0
00009A48  01 26 00 00 00 00 00 00... move.q  r4, r0
00009A50  01 2E 00 00 00 00 00 00... move.q  r5, r0
00009A58  EB 01 00 00 28 00 00 00... syscall #SYS_BOOT_HOSTFS
00009A60  53 EE 00 00 00 00 00 00... pop     r29
00009A68  51 00 00 00 00 00 00 00... rts
                         .dos_bootfs_create_write:
00009A70  01 A6 08 00 00 00 00 00... move.q  r20, r1
00009A78  52 06 E8 00 00 00 00 00... push    r29
00009A80  01 16 A0 00 00 00 00 00... move.q  r2, r20
00009A88  01 0D 00 00 06 00 00 00... move.l  r1, #BOOT_HOSTFS_CREATE_WRITE
00009A90  01 1E 00 00 00 00 00 00... move.q  r3, r0
00009A98  01 26 00 00 00 00 00 00... move.q  r4, r0
00009AA0  01 2E 00 00 00 00 00 00... move.q  r5, r0
00009AA8  EB 01 00 00 28 00 00 00... syscall #SYS_BOOT_HOSTFS
00009AB0  53 EE 00 00 00 00 00 00... pop     r29
00009AB8  51 00 00 00 00 00 00 00... rts
                         .dos_bootfs_write:
00009AC0  01 A6 08 00 00 00 00 00... move.q  r20, r1
00009AC8  01 AE 10 00 00 00 00 00... move.q  r21, r2
00009AD0  01 B6 18 00 00 00 00 00... move.q  r22, r3
00009AD8  52 06 E8 00 00 00 00 00... push    r29
00009AE0  01 16 A0 00 00 00 00 00... move.q  r2, r20
00009AE8  01 1E A8 00 00 00 00 00... move.q  r3, r21
00009AF0  01 26 B0 00 00 00 00 00... move.q  r4, r22
00009AF8  01 0D 00 00 07 00 00 00... move.l  r1, #BOOT_HOSTFS_WRITE
00009B00  01 2E 00 00 00 00 00 00... move.q  r5, r0
00009B08  EB 01 00 00 28 00 00 00... syscall #SYS_BOOT_HOSTFS
00009B10  53 EE 00 00 00 00 00 00... pop     r29
00009B18  51 00 00 00 00 00 00 00... rts
                         .dos_bootfs_read:
00009B20  01 A6 08 00 00 00 00 00... move.q  r20, r1
00009B28  01 AE 10 00 00 00 00 00... move.q  r21, r2
00009B30  01 B6 18 00 00 00 00 00... move.q  r22, r3
00009B38  52 06 E8 00 00 00 00 00... push    r29
00009B40  01 16 A0 00 00 00 00 00... move.q  r2, r20
00009B48  01 1E A8 00 00 00 00 00... move.q  r3, r21
00009B50  01 26 B0 00 00 00 00 00... move.q  r4, r22
00009B58  01 0D 00 00 02 00 00 00... move.l  r1, #BOOT_HOSTFS_READ
00009B60  01 2E 00 00 00 00 00 00... move.q  r5, r0
00009B68  EB 01 00 00 28 00 00 00... syscall #SYS_BOOT_HOSTFS
00009B70  53 EE 00 00 00 00 00 00... pop     r29
00009B78  51 00 00 00 00 00 00 00... rts
                         .dos_bootfs_read_all:
00009B80  21 FF F8 00 20 00 00 00... sub     sp, sp, #32
00009B88  11 0E F8 00 00 00 00 00... store.q r1, 0(sp)
00009B90  11 17 F8 00 08 00 00 00... store.q r2, 8(sp)
00009B98  11 1F F8 00 10 00 00 00... store.q r3, 16(sp)
00009BA0  11 07 F8 00 18 00 00 00... store.q r0, 24(sp)
                         .dbfra_loop:
00009BA8  10 B7 F8 00 10 00 00 00... load.q  r22, 16(sp)
00009BB0  41 06 B0 00 A8 00 00 00... beq r22, r0, .dbfra_done
00009BB8  10 0E F8 00 00 00 00 00... load.q  r1, 0(sp)
00009BC0  10 17 F8 00 08 00 00 00... load.q  r2, 8(sp)
00009BC8  01 1E B0 00 00 00 00 00... move.q  r3, r22
00009BD0  50 06 00 00 50 FF FF FF... jsr     .dos_bootfs_read
00009BD8  42 06 10 00 A0 00 00 00... bne r2, r0, .dbfra_err
00009BE0  41 06 08 00 58 00 00 00... beq r1, r0, .dbfra_short
00009BE8  10 B7 F8 00 10 00 00 00... load.q  r22, 16(sp)
00009BF0  10 BF F8 00 18 00 00 00... load.q  r23, 24(sp)
00009BF8  20 BE B8 08 00 00 00 00... add     r23, r23, r1
00009C00  10 AF F8 00 08 00 00 00... load.q  r21, 8(sp)
00009C08  20 AE A8 08 00 00 00 00... add     r21, r21, r1
00009C10  21 B6 B0 08 00 00 00 00... sub     r22, r22, r1
00009C18  11 BF F8 00 18 00 00 00... store.q r23, 24(sp)
00009C20  11 AF F8 00 08 00 00 00... store.q r21, 8(sp)
00009C28  11 B7 F8 00 10 00 00 00... store.q r22, 16(sp)
00009C30  40 06 00 00 78 FF FF FF... bra     .dbfra_loop
                         .dbfra_short:
00009C38  10 0F F8 00 18 00 00 00... load.q  r1, 24(sp)
00009C40  01 16 00 00 00 00 00 00... move.q  r2, r0
00009C48  20 FF F8 00 20 00 00 00... add     sp, sp, #32
00009C50  51 00 00 00 00 00 00 00... rts
                         .dbfra_done:
00009C58  10 0F F8 00 18 00 00 00... load.q  r1, 24(sp)
00009C60  01 16 00 00 00 00 00 00... move.q  r2, r0
00009C68  20 FF F8 00 20 00 00 00... add     sp, sp, #32
00009C70  51 00 00 00 00 00 00 00... rts
                         .dbfra_err:
00009C78  01 C6 10 00 00 00 00 00... move.q  r24, r2
00009C80  10 0F F8 00 18 00 00 00... load.q  r1, 24(sp)
00009C88  01 16 C0 00 00 00 00 00... move.q  r2, r24
00009C90  20 FF F8 00 20 00 00 00... add     sp, sp, #32
00009C98  51 00 00 00 00 00 00 00... rts
                         .dos_bootfs_close:
00009CA0  01 A6 08 00 00 00 00 00... move.q  r20, r1
00009CA8  52 06 E8 00 00 00 00 00... push    r29
00009CB0  01 16 A0 00 00 00 00 00... move.q  r2, r20
00009CB8  01 0D 00 00 03 00 00 00... move.l  r1, #BOOT_HOSTFS_CLOSE
00009CC0  01 1E 00 00 00 00 00 00... move.q  r3, r0
00009CC8  01 26 00 00 00 00 00 00... move.q  r4, r0
00009CD0  01 2E 00 00 00 00 00 00... move.q  r5, r0
00009CD8  EB 01 00 00 28 00 00 00... syscall #SYS_BOOT_HOSTFS
00009CE0  53 EE 00 00 00 00 00 00... pop     r29
00009CE8  51 00 00 00 00 00 00 00... rts
                         .dos_bootfs_readdir:
00009CF0  01 A6 08 00 00 00 00 00... move.q  r20, r1
00009CF8  01 AE 10 00 00 00 00 00... move.q  r21, r2
00009D00  52 06 E8 00 00 00 00 00... push    r29
00009D08  01 16 A0 00 00 00 00 00... move.q  r2, r20
00009D10  01 1E A8 00 00 00 00 00... move.q  r3, r21
00009D18  20 27 E8 00 C0 02 00 00... add     r4, r29, #704
00009D20  01 0D 00 00 05 00 00 00... move.l  r1, #BOOT_HOSTFS_READDIR
00009D28  01 2E 00 00 00 00 00 00... move.q  r5, r0
00009D30  EB 01 00 00 28 00 00 00... syscall #SYS_BOOT_HOSTFS
00009D38  53 EE 00 00 00 00 00 00... pop     r29
00009D40  01 C6 10 00 00 00 00 00... move.q  r24, r2
00009D48  42 06 C0 00 28 00 00 00... bne r24, r0, .dbfrd_err
00009D50  20 0F E8 00 C0 02 00 00... add     r1, r29, #704
00009D58  01 16 18 00 00 00 00 00... move.q  r2, r3
00009D60  01 1E C0 00 00 00 00 00... move.q  r3, r24
00009D68  51 00 00 00 00 00 00 00... rts
                         .dbfrd_err:
00009D70  01 0E 00 00 00 00 00 00... move.q  r1, r0
00009D78  01 16 00 00 00 00 00 00... move.q  r2, r0
00009D80  01 1E C0 00 00 00 00 00... move.q  r3, r24
00009D88  51 00 00 00 00 00 00 00... rts
                         .dos_hostrec_alloc:
00009D90  01 A6 08 00 00 00 00 00... move.q  r20, r1
00009D98  01 AE 10 00 00 00 00 00... move.q  r21, r2
00009DA0  52 06 E8 00 00 00 00 00... push    r29
00009DA8  52 06 A0 00 00 00 00 00... push    r20
00009DB0  52 06 A8 00 00 00 00 00... push    r21
00009DB8  01 0D 00 00 20 00 00 00... move.l  r1, #32
00009DC0  01 15 00 00 00 00 01 00... move.l  r2, #MEMF_CLEAR
00009DC8  EB 01 00 00 01 00 00 00... syscall #SYS_ALLOC_MEM
00009DD0  53 AE 00 00 00 00 00 00... pop     r21
00009DD8  53 A6 00 00 00 00 00 00... pop     r20
00009DE0  53 EE 00 00 00 00 00 00... pop     r29
00009DE8  42 06 10 00 48 00 00 00... bne r2, r0, .dhra_fail
00009DF0  01 C6 08 00 00 00 00 00... move.q  r24, r1
00009DF8  01 CD 00 00 48 4F 53 54... move.l  r25, #0x54534F48
00009E00  11 CC C0 00 00 00 00 00... store.l r25, (r24)
00009E08  11 A7 C0 00 08 00 00 00... store.q r20, 8(r24)
00009E10  11 AF C0 00 10 00 00 00... store.q r21, 16(r24)
00009E18  20 0F C0 00 01 00 00 00... add     r1, r24, #1
00009E20  01 16 00 00 00 00 00 00... move.q  r2, r0
00009E28  51 00 00 00 00 00 00 00... rts
                         .dhra_fail:
00009E30  01 0E 00 00 00 00 00 00... move.q  r1, r0
00009E38  51 00 00 00 00 00 00 00... rts
                         .dos_hostrec_free:
00009E40  41 06 08 00 98 00 00 00... beq r1, r0, .dhrf_done
00009E48  21 0F 08 00 01 00 00 00... sub     r1, r1, #1
00009E50  10 A7 08 00 10 00 00 00... load.q  r20, 16(r1)
00009E58  41 06 A0 00 48 00 00 00... beq r20, r0, .dhrf_skip_buf
00009E60  52 06 08 00 00 00 00 00... push    r1
00009E68  52 06 E8 00 00 00 00 00... push    r29
00009E70  10 AF 08 00 08 00 00 00... load.q  r21, 8(r1)
00009E78  01 16 A8 00 00 00 00 00... move.q  r2, r21
00009E80  01 0E A0 00 00 00 00 00... move.q  r1, r20
00009E88  EB 01 00 00 02 00 00 00... syscall #SYS_FREE_MEM
00009E90  53 EE 00 00 00 00 00 00... pop     r29
00009E98  53 0E 00 00 00 00 00 00... pop     r1
                         .dhrf_skip_buf:
00009EA0  11 04 08 00 00 00 00 00... store.l r0, (r1)
00009EA8  11 07 08 00 08 00 00 00... store.q r0, 8(r1)
00009EB0  11 07 08 00 10 00 00 00... store.q r0, 16(r1)
00009EB8  52 06 E8 00 00 00 00 00... push    r29
00009EC0  01 17 00 00 20 00 00 00... move.q  r2, #32
00009EC8  EB 01 00 00 02 00 00 00... syscall #SYS_FREE_MEM
00009ED0  53 EE 00 00 00 00 00 00... pop     r29
                         .dhrf_done:
00009ED8  51 00 00 00 00 00 00 00... rts
                         .dos_hostrec_write_alloc:
00009EE0  01 A6 08 00 00 00 00 00... move.q  r20, r1
00009EE8  52 06 E8 00 00 00 00 00... push    r29
00009EF0  52 06 A0 00 00 00 00 00... push    r20
00009EF8  01 0D 00 00 20 00 00 00... move.l  r1, #32
00009F00  01 15 00 00 00 00 01 00... move.l  r2, #MEMF_CLEAR
00009F08  EB 01 00 00 01 00 00 00... syscall #SYS_ALLOC_MEM
00009F10  53 A6 00 00 00 00 00 00... pop     r20
00009F18  53 EE 00 00 00 00 00 00... pop     r29
00009F20  42 06 10 00 48 00 00 00... bne r2, r0, .dhrwa_fail
00009F28  01 C6 08 00 00 00 00 00... move.q  r24, r1
00009F30  01 CD 00 00 48 53 54 57... move.l  r25, #0x57545348
00009F38  11 CC C0 00 00 00 00 00... store.l r25, (r24)
00009F40  11 A7 C0 00 08 00 00 00... store.q r20, 8(r24)
00009F48  11 07 C0 00 10 00 00 00... store.q r0, 16(r24)
00009F50  20 0F C0 00 01 00 00 00... add     r1, r24, #1
00009F58  01 16 00 00 00 00 00 00... move.q  r2, r0
00009F60  51 00 00 00 00 00 00 00... rts
                         .dhrwa_fail:
00009F68  01 0E 00 00 00 00 00 00... move.q  r1, r0
00009F70  51 00 00 00 00 00 00 00... rts
                         .dos_hostrec_write_free:
00009F78  41 06 08 00 A8 00 00 00... beq r1, r0, .dhrwf_done
00009F80  21 0F 08 00 01 00 00 00... sub     r1, r1, #1
00009F88  10 A7 08 00 08 00 00 00... load.q  r20, 8(r1)
00009F90  41 06 A0 00 58 00 00 00... beq r20, r0, .dhrwf_skip_close
00009F98  52 06 08 00 00 00 00 00... push    r1
00009FA0  52 06 E8 00 00 00 00 00... push    r29
00009FA8  01 16 A0 00 00 00 00 00... move.q  r2, r20
00009FB0  01 0D 00 00 03 00 00 00... move.l  r1, #BOOT_HOSTFS_CLOSE
00009FB8  01 1E 00 00 00 00 00 00... move.q  r3, r0
00009FC0  01 26 00 00 00 00 00 00... move.q  r4, r0
00009FC8  01 2E 00 00 00 00 00 00... move.q  r5, r0
00009FD0  EB 01 00 00 28 00 00 00... syscall #SYS_BOOT_HOSTFS
00009FD8  53 EE 00 00 00 00 00 00... pop     r29
00009FE0  53 0E 00 00 00 00 00 00... pop     r1
                         .dhrwf_skip_close:
00009FE8  11 04 08 00 00 00 00 00... store.l r0, (r1)
00009FF0  11 07 08 00 08 00 00 00... store.q r0, 8(r1)
00009FF8  11 07 08 00 10 00 00 00... store.q r0, 16(r1)
0000A000  52 06 E8 00 00 00 00 00... push    r29
0000A008  01 17 00 00 20 00 00 00... move.q  r2, #32
0000A010  EB 01 00 00 02 00 00 00... syscall #SYS_FREE_MEM
0000A018  53 EE 00 00 00 00 00 00... pop     r29
                         .dhrwf_done:
0000A020  51 00 00 00 00 00 00 00... rts
                         .dos_hostrec_is_write:
0000A028  01 A6 08 00 00 00 00 00... move.q  r20, r1
0000A030  21 A7 A0 00 01 00 00 00... sub     r20, r20, #1
0000A038  10 AC A0 00 00 00 00 00... load.l  r21, (r20)
0000A040  01 B5 00 00 48 53 54 57... move.l  r22, #0x57545348
0000A048  42 06 A8 B0 18 00 00 00... bne     r21, r22, .dhriw_no
0000A050  01 1D 00 00 01 00 00 00... move.l  r3, #1
0000A058  51 00 00 00 00 00 00 00... rts
                         .dhriw_no:
0000A060  01 1E 00 00 00 00 00 00... move.q  r3, r0
0000A068  51 00 00 00 00 00 00 00... rts
                         .dos_do_run:
0000A070  11 07 E8 00 90 02 00 00... store.q r0, 656(r29)
                         .dos_do_run_retry:
0000A078  11 07 E8 00 78 02 00 00... store.q r0, 632(r29)
0000A080  11 07 E8 00 88 02 00 00... store.q r0, 648(r29)
0000A088  10 BF E8 00 A8 00 00 00... load.q  r23, 168(r29)
0000A090  11 07 E8 00 58 03 00 00... store.q r0, 856(r29)
0000A098  10 E7 E8 00 90 02 00 00... load.q  r28, 656(r29)
0000A0A0  11 E7 E8 00 70 03 00 00... store.q r28, 880(r29)
0000A0A8  50 06 00 00 10 DB FF FF... jsr     .dos_resolve_cmd
0000A0B0  10 EE F8 00 00 00 00 00... load.q  r29, (sp)
0000A0B8  41 06 B0 00 F8 02 00 00... beq r22, r0, .dos_run_reply_notfound_final
0000A0C0  11 BF E8 00 50 01 00 00... store.q r23, 336(r29)
0000A0C8  01 0E B8 00 00 00 00 00... move.q  r1, r23
0000A0D0  50 06 00 00 E8 17 00 00... jsr     .dos_resident_find_by_command
0000A0D8  10 EE F8 00 00 00 00 00... load.q  r29, (sp)
0000A0E0  42 06 18 00 E8 06 00 00... bne r3, r0, .dos_run_launch_resident_elf
0000A0E8  01 0E B8 00 00 00 00 00... move.q  r1, r23
0000A0F0  01 15 00 00 00 00 00 00... move.l  r2, #0
0000A0F8  50 06 00 00 E0 F7 FF FF... jsr     .dos_hostfs_layered_relpath_for_resolved_name
0000A100  41 06 18 00 F0 01 00 00... beq r3, r0, .dos_run_file_lookup
0000A108  01 C6 08 00 00 00 00 00... move.q  r24, r1
0000A110  01 DE C0 00 00 00 00 00... move.q  r27, r24
0000A118  11 C7 E8 00 60 02 00 00... store.q r24, 608(r29)
0000A120  01 0E C0 00 00 00 00 00... move.q  r1, r24
0000A128  52 06 E8 00 00 00 00 00... push    r29
0000A130  50 06 00 00 58 F8 FF FF... jsr     .dos_bootfs_stat
0000A138  53 EE 00 00 00 00 00 00... pop     r29
0000A140  41 06 18 00 20 00 00 00... beq r3, r0, .dos_run_hostfs_stat_ok
0000A148  01 E5 00 00 04 00 00 00... move.l  r28, #ERR_NOTFOUND
0000A150  41 06 18 E0 A0 01 00 00... beq     r3, r28, .dos_run_file_lookup
0000A158  40 06 00 00 D8 01 00 00... bra     .dos_run_reply_notfound
                         .dos_run_hostfs_stat_ok:
0000A160  01 CE 08 00 00 00 00 00... move.q  r25, r1
0000A168  41 06 C8 00 C8 01 00 00... beq r25, r0, .dos_run_reply_notfound
0000A170  11 CF E8 00 70 02 00 00... store.q r25, 624(r29)
0000A178  10 C7 E8 00 60 02 00 00... load.q  r24, 608(r29)
0000A180  41 06 C0 00 B0 01 00 00... beq r24, r0, .dos_run_reply_notfound
0000A188  01 0E C0 00 00 00 00 00... move.q  r1, r24
0000A190  52 06 E8 00 00 00 00 00... push    r29
0000A198  50 06 00 00 88 F8 FF FF... jsr     .dos_bootfs_open
0000A1A0  53 EE 00 00 00 00 00 00... pop     r29
0000A1A8  42 06 10 00 88 01 00 00... bne r2, r0, .dos_run_reply_notfound
0000A1B0  01 A6 08 00 00 00 00 00... move.q  r20, r1
0000A1B8  11 A7 E8 00 40 01 00 00... store.q r20, 320(r29)
0000A1C0  10 CF E8 00 70 02 00 00... load.q  r25, 624(r29)
0000A1C8  52 06 E8 00 00 00 00 00... push    r29
0000A1D0  01 0E C8 00 00 00 00 00... move.q  r1, r25
0000A1D8  01 15 00 00 00 00 01 00... move.l  r2, #MEMF_CLEAR
0000A1E0  EB 01 00 00 01 00 00 00... syscall #SYS_ALLOC_MEM
0000A1E8  53 EE 00 00 00 00 00 00... pop     r29
0000A1F0  42 06 10 00 B0 00 00 00... bne r2, r0, .dos_run_hostfs_nomem_close
0000A1F8  11 0F E8 00 28 01 00 00... store.q r1, 296(r29)
0000A200  10 A7 E8 00 40 01 00 00... load.q  r20, 320(r29)
0000A208  01 0E A0 00 00 00 00 00... move.q  r1, r20
0000A210  10 17 E8 00 28 01 00 00... load.q  r2, 296(r29)
0000A218  01 1E C8 00 00 00 00 00... move.q  r3, r25
0000A220  52 06 E8 00 00 00 00 00... push    r29
0000A228  50 06 00 00 58 F9 FF FF... jsr     .dos_bootfs_read_all
0000A230  53 EE 00 00 00 00 00 00... pop     r29
0000A238  11 0F E8 00 80 02 00 00... store.q r1, 640(r29)
0000A240  01 D6 10 00 00 00 00 00... move.q  r26, r2
0000A248  10 A7 E8 00 40 01 00 00... load.q  r20, 320(r29)
0000A250  01 0E A0 00 00 00 00 00... move.q  r1, r20
0000A258  52 06 E8 00 00 00 00 00... push    r29
0000A260  50 06 00 00 40 FA FF FF... jsr     .dos_bootfs_close
0000A268  53 EE 00 00 00 00 00 00... pop     r29
0000A270  42 06 D0 00 50 00 00 00... bne r26, r0, .dos_run_hostfs_free_tmp_err
0000A278  10 AF E8 00 28 01 00 00... load.q  r21, 296(r29)
0000A280  10 BF E8 00 80 02 00 00... load.q  r23, 640(r29)
0000A288  01 7D 00 00 01 00 00 00... move.l  r15, #1
0000A290  11 7F E8 00 78 02 00 00... store.q r15, 632(r29)
0000A298  40 06 00 00 F8 01 00 00... bra     .dos_run_parse_args
                         .dos_run_hostfs_nomem_close:
0000A2A0  10 A7 E8 00 40 01 00 00... load.q  r20, 320(r29)
0000A2A8  01 0E A0 00 00 00 00 00... move.q  r1, r20
0000A2B0  50 06 00 00 F0 F9 FF FF... jsr     .dos_bootfs_close
0000A2B8  40 06 00 00 78 00 00 00... bra     .dos_run_reply_notfound
                         .dos_run_hostfs_free_tmp_err:
0000A2C0  52 06 E8 00 00 00 00 00... push    r29
0000A2C8  10 0F E8 00 28 01 00 00... load.q  r1, 296(r29)
0000A2D0  10 17 E8 00 70 02 00 00... load.q  r2, 624(r29)
0000A2D8  EB 01 00 00 02 00 00 00... syscall #SYS_FREE_MEM
0000A2E0  53 EE 00 00 00 00 00 00... pop     r29
0000A2E8  40 06 00 00 48 00 00 00... bra     .dos_run_reply_notfound
                         .dos_run_file_lookup:
0000A2F0  10 BF E8 00 50 01 00 00... load.q  r23, 336(r29)
0000A2F8  01 0E B8 00 00 00 00 00... move.q  r1, r23
0000A300  50 06 00 00 88 1B 00 00... jsr     .dos_meta_find_by_name
0000A308  41 06 08 00 20 00 00 00... beq r1, r0, .dos_run_notfound
0000A310  01 76 08 00 00 00 00 00... move.q  r14, r1
0000A318  10 EE F8 00 00 00 00 00... load.q  r29, (sp)
0000A320  40 06 00 00 D0 00 00 00... bra     .dos_run_found
                         .dos_run_notfound:
0000A328  10 EE F8 00 00 00 00 00... load.q  r29, (sp)
                         .dos_run_reply_notfound:
0000A330  10 EE F8 00 00 00 00 00... load.q  r29, (sp)
0000A338  10 DF E8 00 B8 03 00 00... load.q  r27, 952(r29)
0000A340  01 D5 00 00 07 00 00 00... move.l  r26, #DOS_LOADSEG
0000A348  41 06 D8 D0 38 00 00 00... beq     r27, r26, .drn_retry_loadseg
0000A350  10 E7 E8 00 90 02 00 00... load.q  r28, 656(r29)
0000A358  20 E7 E0 00 01 00 00 00... add     r28, r28, #1
0000A360  11 E7 E8 00 90 02 00 00... store.q r28, 656(r29)
0000A368  01 DD 00 00 08 00 00 00... move.l  r27, #8
0000A370  44 06 E0 D8 40 00 00 00... bge     r28, r27, .dos_run_reply_notfound_final
0000A378  40 06 00 00 00 FD FF FF... bra     .dos_do_run_retry
                         .drn_retry_loadseg:
0000A380  10 E7 E8 00 98 02 00 00... load.q  r28, 664(r29)
0000A388  20 E7 E0 00 01 00 00 00... add     r28, r28, #1
0000A390  11 E7 E8 00 98 02 00 00... store.q r28, 664(r29)
0000A398  01 DD 00 00 08 00 00 00... move.l  r27, #8
0000A3A0  44 06 E0 D8 10 00 00 00... bge     r28, r27, .dos_run_reply_notfound_final
0000A3A8  40 06 00 00 78 B4 FF FF... bra     .dos_do_loadseg_retry
                         .dos_run_reply_notfound_final:
0000A3B0  10 0F E8 00 B0 03 00 00... load.q  r1, 944(r29)
0000A3B8  01 15 00 00 01 00 00 00... move.l  r2, #DOS_ERR_NOTFOUND
0000A3C0  01 1E 00 00 00 00 00 00... move.q  r3, r0
0000A3C8  01 26 00 00 00 00 00 00... move.q  r4, r0
0000A3D0  01 2E 00 00 00 00 00 00... move.q  r5, r0
0000A3D8  EB 01 00 00 14 00 00 00... syscall #SYS_REPLY_MSG
0000A3E0  10 EE F8 00 00 00 00 00... load.q  r29, (sp)
0000A3E8  40 06 00 00 20 79 FF FF... bra     .dos_main_loop
                         .dos_run_found:
0000A3F0  10 AF 70 00 20 00 00 00... load.q  r21, DOS_META_OFF_VA(r14)
0000A3F8  10 BD 70 00 28 00 00 00... load.l  r23, DOS_META_OFF_SIZE(r14)
0000A400  41 06 A8 00 28 FF FF FF... beq r21, r0, .dos_run_notfound
0000A408  41 06 B8 00 20 FF FF FF... beq r23, r0, .dos_run_notfound
0000A410  11 AF E8 00 18 01 00 00... store.q r21, 280(r29)
0000A418  11 BF E8 00 20 01 00 00... store.q r23, 288(r29)
0000A420  52 06 E8 00 00 00 00 00... push    r29
0000A428  01 0E B8 00 00 00 00 00... move.q  r1, r23
0000A430  01 15 00 00 00 00 01 00... move.l  r2, #MEMF_CLEAR
0000A438  EB 01 00 00 01 00 00 00... syscall #SYS_ALLOC_MEM
0000A440  53 EE 00 00 00 00 00 00... pop     r29
0000A448  42 06 10 00 E0 FE FF FF... bne r2, r0, .dos_run_notfound
0000A450  11 0F E8 00 28 01 00 00... store.q r1, 296(r29)
0000A458  10 0F E8 00 18 01 00 00... load.q  r1, 280(r29)
0000A460  10 17 E8 00 28 01 00 00... load.q  r2, 296(r29)
0000A468  10 1F E8 00 20 01 00 00... load.q  r3, 288(r29)
0000A470  50 06 00 00 B0 1F 00 00... jsr     .dos_extent_walk
0000A478  10 EE F8 00 00 00 00 00... load.q  r29, (sp)
0000A480  10 AF E8 00 28 01 00 00... load.q  r21, 296(r29)
0000A488  10 BF E8 00 20 01 00 00... load.q  r23, 288(r29)
                         .dos_run_parse_args:
0000A490  10 A7 E8 00 A8 00 00 00... load.q  r20, 168(r29)
0000A498  01 86 A0 00 00 00 00 00... move.q  r16, r20
0000A4A0  01 C5 00 00 00 00 00 00... move.l  r24, #0
                         .dos_run_skip_cmd:
0000A4A8  10 78 80 00 00 00 00 00... load.b  r15, (r16)
0000A4B0  41 06 78 00 30 00 00 00... beq r15, r0, .dos_run_args_start
0000A4B8  20 87 80 00 01 00 00 00... add     r16, r16, #1
0000A4C0  20 C7 C0 00 01 00 00 00... add     r24, r24, #1
0000A4C8  01 E5 00 00 00 01 00 00... move.l  r28, #DATA_ARGS_MAX
0000A4D0  43 06 C0 E0 D8 FF FF FF... blt     r24, r28, .dos_run_skip_cmd
0000A4D8  40 06 00 00 50 FE FF FF... bra     .dos_run_notfound
                         .dos_run_args_start:
0000A4E0  20 87 80 00 01 00 00 00... add     r16, r16, #1
0000A4E8  01 8E 80 00 00 00 00 00... move.q  r17, r16
0000A4F0  01 95 00 00 00 00 00 00... move.l  r18, #0
                         .dos_run_arglen:
0000A4F8  10 78 88 00 00 00 00 00... load.b  r15, (r17)
0000A500  41 06 78 00 28 00 00 00... beq r15, r0, .dos_run_launch
0000A508  20 8F 88 00 01 00 00 00... add     r17, r17, #1
0000A510  20 97 90 00 01 00 00 00... add     r18, r18, #1
0000A518  01 E5 00 00 00 01 00 00... move.l  r28, #DATA_ARGS_MAX
0000A520  43 06 90 E0 D8 FF FF FF... blt     r18, r28, .dos_run_arglen
                         .dos_run_launch:
0000A528  10 7F E8 00 78 02 00 00... load.q  r15, 632(r29)
0000A530  42 06 78 00 68 01 00 00... bne r15, r0, .dos_run_launch_hostfs_elf
0000A538  10 7C A8 00 00 00 00 00... load.l  r15, (r21)
0000A540  01 E5 00 00 7F 45 4C 46... move.l  r28, #0x464C457F
0000A548  42 06 78 E0 28 05 00 00... bne     r15, r28, .dos_run_reject_flat
0000A550  11 87 E8 00 40 01 00 00... store.q r16, 320(r29)
0000A558  11 97 E8 00 48 01 00 00... store.q r18, 328(r29)
0000A560  01 0E A8 00 00 00 00 00... move.q  r1, r21
0000A568  01 16 B8 00 00 00 00 00... move.q  r2, r23
0000A570  50 06 00 00 30 E5 FF FF... jsr     .dos_validate_loaded_elf_aslr_contract
0000A578  42 06 A0 00 B8 00 00 00... bne r20, r0, .dos_run_meta_reject_badarg
0000A580  01 0E A8 00 00 00 00 00... move.q  r1, r21
0000A588  01 16 B8 00 00 00 00 00... move.q  r2, r23
0000A590  01 F6 E8 00 00 00 00 00... move.q  r30, r29
0000A598  50 06 00 00 80 21 00 00... jsr     .dos_elf_build_seglist
0000A5A0  01 EE F0 00 00 00 00 00... move.q  r29, r30
0000A5A8  11 0F E8 00 30 01 00 00... store.q r1, 304(r29)
0000A5B0  11 17 E8 00 38 01 00 00... store.q r2, 312(r29)
0000A5B8  52 06 E8 00 00 00 00 00... push    r29
0000A5C0  10 0F E8 00 28 01 00 00... load.q  r1, 296(r29)
0000A5C8  10 17 E8 00 20 01 00 00... load.q  r2, 288(r29)
0000A5D0  EB 01 00 00 02 00 00 00... syscall #SYS_FREE_MEM
0000A5D8  53 EE 00 00 00 00 00 00... pop     r29
0000A5E0  10 7F E8 00 38 01 00 00... load.q  r15, 312(r29)
0000A5E8  41 06 78 00 A8 03 00 00... beq r15, r0, .dos_run_launch_seglist
0000A5F0  10 0F E8 00 B0 03 00 00... load.q  r1, 944(r29)
0000A5F8  01 16 78 00 00 00 00 00... move.q  r2, r15
0000A600  01 1E 00 00 00 00 00 00... move.q  r3, r0
0000A608  01 26 00 00 00 00 00 00... move.q  r4, r0
0000A610  01 2E 00 00 00 00 00 00... move.q  r5, r0
0000A618  EB 01 00 00 14 00 00 00... syscall #SYS_REPLY_MSG
0000A620  10 EE F8 00 00 00 00 00... load.q  r29, (sp)
0000A628  40 06 00 00 E0 76 FF FF... bra     .dos_main_loop
                         .dos_run_meta_reject_badarg:
0000A630  52 06 E8 00 00 00 00 00... push    r29
0000A638  10 0F E8 00 28 01 00 00... load.q  r1, 296(r29)
0000A640  10 17 E8 00 20 01 00 00... load.q  r2, 288(r29)
0000A648  EB 01 00 00 02 00 00 00... syscall #SYS_FREE_MEM
0000A650  53 EE 00 00 00 00 00 00... pop     r29
0000A658  10 0F E8 00 B0 03 00 00... load.q  r1, 944(r29)
0000A660  01 15 00 00 02 00 00 00... move.l  r2, #DOS_ERR_BADARG
0000A668  01 1E 00 00 00 00 00 00... move.q  r3, r0
0000A670  01 26 00 00 00 00 00 00... move.q  r4, r0
0000A678  01 2E 00 00 00 00 00 00... move.q  r5, r0
0000A680  EB 01 00 00 14 00 00 00... syscall #SYS_REPLY_MSG
0000A688  10 EE F8 00 00 00 00 00... load.q  r29, (sp)
0000A690  40 06 00 00 78 76 FF FF... bra     .dos_main_loop
                         .dos_run_launch_hostfs_elf:
0000A698  10 7C A8 00 00 00 00 00... load.l  r15, (r21)
0000A6A0  01 E5 00 00 7F 45 4C 46... move.l  r28, #0x464C457F
0000A6A8  42 06 78 E0 C8 03 00 00... bne     r15, r28, .dos_run_reject_flat
0000A6B0  52 06 90 00 00 00 00 00... push    r18
0000A6B8  52 06 80 00 00 00 00 00... push    r16
0000A6C0  52 06 B8 00 00 00 00 00... push    r23
0000A6C8  52 06 A8 00 00 00 00 00... push    r21
0000A6D0  01 0E A8 00 00 00 00 00... move.q  r1, r21
0000A6D8  01 16 B8 00 00 00 00 00... move.q  r2, r23
0000A6E0  50 06 00 00 C0 E3 FF FF... jsr     .dos_validate_loaded_elf_aslr_contract
0000A6E8  53 AE 00 00 00 00 00 00... pop     r21
0000A6F0  53 BE 00 00 00 00 00 00... pop     r23
0000A6F8  53 86 00 00 00 00 00 00... pop     r16
0000A700  53 96 00 00 00 00 00 00... pop     r18
0000A708  42 06 A0 00 F8 01 00 00... bne r20, r0, .dos_run_hostfs_reject_badarg
0000A710  52 06 E8 00 00 00 00 00... push    r29
0000A718  01 0E A8 00 00 00 00 00... move.q  r1, r21
0000A720  01 16 B8 00 00 00 00 00... move.q  r2, r23
0000A728  01 1E 80 00 00 00 00 00... move.q  r3, r16
0000A730  01 26 90 00 00 00 00 00... move.q  r4, r18
0000A738  10 2F E8 00 88 02 00 00... load.q  r5, 648(r29)
0000A740  EB 01 00 00 29 00 00 00... syscall #SYS_BOOT_ELF_EXEC
0000A748  53 EE 00 00 00 00 00 00... pop     r29
0000A750  11 0F E8 00 30 01 00 00... store.q r1, 304(r29)
0000A758  11 17 E8 00 38 01 00 00... store.q r2, 312(r29)
0000A760  52 06 E8 00 00 00 00 00... push    r29
0000A768  10 0F E8 00 28 01 00 00... load.q  r1, 296(r29)
0000A770  10 17 E8 00 70 02 00 00... load.q  r2, 624(r29)
0000A778  EB 01 00 00 02 00 00 00... syscall #SYS_FREE_MEM
0000A780  53 EE 00 00 00 00 00 00... pop     r29
0000A788  10 0F E8 00 B0 03 00 00... load.q  r1, 944(r29)
0000A790  10 17 E8 00 38 01 00 00... load.q  r2, 312(r29)
0000A798  10 1F E8 00 30 01 00 00... load.q  r3, 304(r29)
0000A7A0  01 26 00 00 00 00 00 00... move.q  r4, r0
0000A7A8  01 2E 00 00 00 00 00 00... move.q  r5, r0
0000A7B0  EB 01 00 00 14 00 00 00... syscall #SYS_REPLY_MSG
0000A7B8  10 EE F8 00 00 00 00 00... load.q  r29, (sp)
0000A7C0  40 06 00 00 48 75 FF FF... bra     .dos_main_loop
                         .dos_run_launch_resident_elf:
0000A7C8  11 0F E8 00 28 01 00 00... store.q r1, 296(r29)
0000A7D0  11 17 E8 00 70 02 00 00... store.q r2, 624(r29)
0000A7D8  10 A7 E8 00 A8 00 00 00... load.q  r20, 168(r29)
0000A7E0  01 86 A0 00 00 00 00 00... move.q  r16, r20
0000A7E8  01 95 00 00 00 00 00 00... move.l  r18, #0
                         .drlre_skip_cmd:
0000A7F0  10 78 80 00 00 00 00 00... load.b  r15, (r16)
0000A7F8  41 06 78 00 30 00 00 00... beq r15, r0, .drlre_args_start
0000A800  20 87 80 00 01 00 00 00... add     r16, r16, #1
0000A808  20 97 90 00 01 00 00 00... add     r18, r18, #1
0000A810  01 E5 00 00 00 01 00 00... move.l  r28, #DATA_ARGS_MAX
0000A818  43 06 90 E0 D8 FF FF FF... blt     r18, r28, .drlre_skip_cmd
0000A820  40 06 00 00 90 FB FF FF... bra     .dos_run_reply_notfound_final
                         .drlre_args_start:
0000A828  20 87 80 00 01 00 00 00... add     r16, r16, #1
0000A830  01 8E 80 00 00 00 00 00... move.q  r17, r16
0000A838  01 95 00 00 00 00 00 00... move.l  r18, #0
                         .drlre_arglen:
0000A840  10 78 88 00 00 00 00 00... load.b  r15, (r17)
0000A848  41 06 78 00 28 00 00 00... beq r15, r0, .drlre_exec
0000A850  20 8F 88 00 01 00 00 00... add     r17, r17, #1
0000A858  20 97 90 00 01 00 00 00... add     r18, r18, #1
0000A860  01 E5 00 00 00 01 00 00... move.l  r28, #DATA_ARGS_MAX
0000A868  43 06 90 E0 D8 FF FF FF... blt     r18, r28, .drlre_arglen
                         .drlre_exec:
0000A870  52 06 E8 00 00 00 00 00... push    r29
0000A878  10 0F E8 00 28 01 00 00... load.q  r1, 296(r29)
0000A880  10 17 E8 00 70 02 00 00... load.q  r2, 624(r29)
0000A888  01 1E 80 00 00 00 00 00... move.q  r3, r16
0000A890  01 26 90 00 00 00 00 00... move.q  r4, r18
0000A898  01 2E 00 00 00 00 00 00... move.q  r5, r0
0000A8A0  EB 01 00 00 29 00 00 00... syscall #SYS_BOOT_ELF_EXEC
0000A8A8  53 EE 00 00 00 00 00 00... pop     r29
0000A8B0  11 0F E8 00 30 01 00 00... store.q r1, 304(r29)
0000A8B8  11 17 E8 00 38 01 00 00... store.q r2, 312(r29)
0000A8C0  10 0F E8 00 B0 03 00 00... load.q  r1, 944(r29)
0000A8C8  10 17 E8 00 38 01 00 00... load.q  r2, 312(r29)
0000A8D0  10 1F E8 00 30 01 00 00... load.q  r3, 304(r29)
0000A8D8  01 26 00 00 00 00 00 00... move.q  r4, r0
0000A8E0  01 2E 00 00 00 00 00 00... move.q  r5, r0
0000A8E8  EB 01 00 00 14 00 00 00... syscall #SYS_REPLY_MSG
0000A8F0  10 EE F8 00 00 00 00 00... load.q  r29, (sp)
0000A8F8  40 06 00 00 10 74 FF FF... bra     .dos_main_loop
                         .dos_run_hostfs_reject_badarg:
0000A900  52 06 E8 00 00 00 00 00... push    r29
0000A908  10 0F E8 00 28 01 00 00... load.q  r1, 296(r29)
0000A910  10 17 E8 00 70 02 00 00... load.q  r2, 624(r29)
0000A918  EB 01 00 00 02 00 00 00... syscall #SYS_FREE_MEM
0000A920  53 EE 00 00 00 00 00 00... pop     r29
0000A928  10 EE F8 00 00 00 00 00... load.q  r29, (sp)
0000A930  11 07 E8 00 30 01 00 00... store.q r0, 304(r29)
0000A938  01 7D 00 00 02 00 00 00... move.l  r15, #DOS_ERR_BADARG
0000A940  11 7F E8 00 38 01 00 00... store.q r15, 312(r29)
0000A948  11 EE F8 00 00 00 00 00... store.q r29, (sp)
0000A950  10 0F E8 00 B0 03 00 00... load.q  r1, 944(r29)
0000A958  10 17 E8 00 38 01 00 00... load.q  r2, 312(r29)
0000A960  10 1F E8 00 30 01 00 00... load.q  r3, 304(r29)
0000A968  01 26 00 00 00 00 00 00... move.q  r4, r0
0000A970  01 2E 00 00 00 00 00 00... move.q  r5, r0
0000A978  EB 01 00 00 14 00 00 00... syscall #SYS_REPLY_MSG
0000A980  10 EE F8 00 00 00 00 00... load.q  r29, (sp)
0000A988  40 06 00 00 80 73 FF FF... bra     .dos_main_loop
                         .dos_run_launch_seglist:
0000A990  10 0F E8 00 30 01 00 00... load.q  r1, 304(r29)
0000A998  11 0F E8 00 28 01 00 00... store.q r1, 296(r29)
0000A9A0  10 17 E8 00 40 01 00 00... load.q  r2, 320(r29)
0000A9A8  10 1F E8 00 48 01 00 00... load.q  r3, 328(r29)
0000A9B0  01 F6 E8 00 00 00 00 00... move.q  r30, r29
0000A9B8  01 9E E8 00 00 00 00 00... move.q  r19, r29
0000A9C0  50 06 00 00 08 B5 FF FF... jsr     .dos_launch_seglist
0000A9C8  01 EE F0 00 00 00 00 00... move.q  r29, r30
0000A9D0  11 0F E8 00 30 01 00 00... store.q r1, 304(r29)
0000A9D8  11 17 E8 00 38 01 00 00... store.q r2, 312(r29)
0000A9E0  10 0F E8 00 28 01 00 00... load.q  r1, 296(r29)
0000A9E8  41 06 08 00 30 00 00 00... beq r1, r0, .dos_run_free_seglist
0000A9F0  10 17 E8 00 B0 00 00 00... load.q  r2, 176(r29)
0000A9F8  10 1E 08 00 00 00 00 00... load.q  r3, DOS_SEGLIST_NEXT(r1)
0000AA00  41 06 10 08 10 00 00 00... beq     r2, r1, .dos_run_unlink_head
0000AA08  40 06 00 00 10 00 00 00... bra     .dos_run_free_seglist
                         .dos_run_unlink_head:
0000AA10  11 1F E8 00 B0 00 00 00... store.q r3, 176(r29)
                         .dos_run_free_seglist:
0000AA18  10 0F E8 00 28 01 00 00... load.q  r1, 296(r29)
0000AA20  50 06 00 00 B0 1B 00 00... jsr     .dos_seglist_free_unlinked
0000AA28  10 0F E8 00 B0 03 00 00... load.q  r1, 944(r29)
0000AA30  11 EE F8 00 00 00 00 00... store.q r29, (sp)
0000AA38  10 17 E8 00 38 01 00 00... load.q  r2, 312(r29)
0000AA40  10 1F E8 00 30 01 00 00... load.q  r3, 304(r29)
0000AA48  01 26 00 00 00 00 00 00... move.q  r4, r0
0000AA50  01 2E 00 00 00 00 00 00... move.q  r5, r0
0000AA58  EB 01 00 00 14 00 00 00... syscall #SYS_REPLY_MSG
0000AA60  10 EE F8 00 00 00 00 00... load.q  r29, (sp)
0000AA68  40 06 00 00 A0 72 FF FF... bra     .dos_main_loop
                         .dos_run_reject_flat:
0000AA70  52 06 E8 00 00 00 00 00... push    r29
0000AA78  10 0F E8 00 28 01 00 00... load.q  r1, 296(r29)
0000AA80  10 17 E8 00 20 01 00 00... load.q  r2, 288(r29)
0000AA88  EB 01 00 00 02 00 00 00... syscall #SYS_FREE_MEM
0000AA90  53 EE 00 00 00 00 00 00... pop     r29
0000AA98  10 EE F8 00 00 00 00 00... load.q  r29, (sp)
0000AAA0  11 07 E8 00 30 01 00 00... store.q r0, 304(r29)
0000AAA8  01 7D 00 00 02 00 00 00... move.l  r15, #DOS_ERR_BADARG
0000AAB0  11 7F E8 00 38 01 00 00... store.q r15, 312(r29)
0000AAB8  11 EE F8 00 00 00 00 00... store.q r29, (sp)
0000AAC0  10 0F E8 00 B0 03 00 00... load.q  r1, 944(r29)
0000AAC8  10 17 E8 00 38 01 00 00... load.q  r2, 312(r29)
0000AAD0  10 1F E8 00 30 01 00 00... load.q  r3, 304(r29)
0000AAD8  01 26 00 00 00 00 00 00... move.q  r4, r0
0000AAE0  01 2E 00 00 00 00 00 00... move.q  r5, r0
0000AAE8  EB 01 00 00 14 00 00 00... syscall #SYS_REPLY_MSG
0000AAF0  10 EE F8 00 00 00 00 00... load.q  r29, (sp)
0000AAF8  40 06 00 00 10 72 FF FF... bra     .dos_main_loop
                         .dos_do_loadlib:
0000AB00  10 A7 E8 00 C0 03 00 00... load.q  r20, 960(r29)
0000AB08  20 AF E8 00 E8 03 00 00... add     r21, r29, #1000
0000AB10  20 B7 E8 00 C0 02 00 00... add     r22, r29, #704
0000AB18  11 07 E8 00 68 02 00 00... store.q r0, 616(r29)
0000AB20  01 0E A0 00 00 00 00 00... move.q  r1, r20
0000AB28  01 16 A8 00 00 00 00 00... move.q  r2, r21
0000AB30  EB 01 00 00 2E 00 00 00... syscall #SYS_M16_COPY_MODULE_NAME
0000AB38  10 EE F8 00 00 00 00 00... load.q  r29, (sp)
0000AB40  10 A7 E8 00 C0 03 00 00... load.q  r20, 960(r29)
0000AB48  20 AF E8 00 E8 03 00 00... add     r21, r29, #1000
0000AB50  20 B7 E8 00 C0 02 00 00... add     r22, r29, #704
0000AB58  42 06 10 00 20 04 00 00... bne r2, r0, .dos_loadlib_fail
0000AB60  01 5D 00 00 4C 00 00 00... move.l  r11, #0x4C
0000AB68  11 58 B0 00 00 00 00 00... store.b r11, 0(r22)
0000AB70  01 5D 00 00 49 00 00 00... move.l  r11, #0x49
0000AB78  11 59 B0 00 01 00 00 00... store.b r11, 1(r22)
0000AB80  01 5D 00 00 42 00 00 00... move.l  r11, #0x42
0000AB88  11 59 B0 00 02 00 00 00... store.b r11, 2(r22)
0000AB90  01 5D 00 00 53 00 00 00... move.l  r11, #0x53
0000AB98  11 59 B0 00 03 00 00 00... store.b r11, 3(r22)
0000ABA0  01 5D 00 00 3A 00 00 00... move.l  r11, #0x3A
0000ABA8  11 59 B0 00 04 00 00 00... store.b r11, 4(r22)
0000ABB0  01 BD 00 00 00 00 00 00... move.l  r23, #0
                         .dos_loadlib_copy_name:
0000ABB8  01 5D 00 00 20 00 00 00... move.l  r11, #32
0000ABC0  44 06 B8 58 48 00 00 00... bge     r23, r11, .dos_loadlib_name_done
0000ABC8  20 C6 A8 B8 00 00 00 00... add     r24, r21, r23
0000ABD0  10 C8 C0 00 00 00 00 00... load.b  r25, (r24)
0000ABD8  20 D6 B0 B8 00 00 00 00... add     r26, r22, r23
0000ABE0  20 D7 D0 00 05 00 00 00... add     r26, r26, #5
0000ABE8  11 C8 D0 00 00 00 00 00... store.b r25, (r26)
0000ABF0  41 06 C8 00 18 00 00 00... beq r25, r0, .dos_loadlib_name_done
0000ABF8  20 BF B8 00 01 00 00 00... add     r23, r23, #1
0000AC00  40 06 00 00 B8 FF FF FF... bra     .dos_loadlib_copy_name
                         .dos_loadlib_name_done:
0000AC08  20 D6 B0 B8 00 00 00 00... add     r26, r22, r23
0000AC10  20 D7 D0 00 05 00 00 00... add     r26, r26, #5
0000AC18  11 00 D0 00 00 00 00 00... store.b r0, (r26)
0000AC20  01 BE B0 00 00 00 00 00... move.q  r23, r22
0000AC28  52 06 A0 00 00 00 00 00... push    r20
0000AC30  52 06 E8 00 00 00 00 00... push    r29
0000AC38  50 06 00 00 90 CF FF FF... jsr     .dos_resolve_file
0000AC40  53 EE 00 00 00 00 00 00... pop     r29
0000AC48  53 A6 00 00 00 00 00 00... pop     r20
0000AC50  41 06 B0 00 28 03 00 00... beq r22, r0, .dos_loadlib_fail
0000AC58  01 0E B8 00 00 00 00 00... move.q  r1, r23
0000AC60  01 16 00 00 00 00 00 00... move.q  r2, r0
0000AC68  52 06 A0 00 00 00 00 00... push    r20
0000AC70  52 06 E8 00 00 00 00 00... push    r29
0000AC78  50 06 00 00 60 EC FF FF... jsr     .dos_hostfs_layered_relpath_for_resolved_name
0000AC80  53 EE 00 00 00 00 00 00... pop     r29
0000AC88  53 A6 00 00 00 00 00 00... pop     r20
0000AC90  41 06 18 00 E8 02 00 00... beq r3, r0, .dos_loadlib_fail
0000AC98  01 BE 08 00 00 00 00 00... move.q  r23, r1
0000ACA0  01 0E B8 00 00 00 00 00... move.q  r1, r23
0000ACA8  50 06 00 00 50 CC FF FF... jsr     .dos_resolved_is_iossys
0000ACB0  41 06 18 00 C8 02 00 00... beq r3, r0, .dos_loadlib_fail
0000ACB8  11 BF E8 00 60 02 00 00... store.q r23, 608(r29)
0000ACC0  01 0E B8 00 00 00 00 00... move.q  r1, r23
0000ACC8  52 06 E8 00 00 00 00 00... push    r29
0000ACD0  50 06 00 00 B8 EC FF FF... jsr     .dos_bootfs_stat
0000ACD8  53 EE 00 00 00 00 00 00... pop     r29
0000ACE0  42 06 18 00 98 02 00 00... bne r3, r0, .dos_loadlib_fail
0000ACE8  01 CE 08 00 00 00 00 00... move.q  r25, r1
0000ACF0  41 06 C8 00 88 02 00 00... beq r25, r0, .dos_loadlib_fail
0000ACF8  11 CF E8 00 70 02 00 00... store.q r25, 624(r29)
0000AD00  01 E6 10 00 00 00 00 00... move.q  r28, r2
0000AD08  30 E7 E0 00 FF FF FF FF... and     r28, r28, #0xFFFFFFFF
0000AD10  01 7E 00 00 00 00 00 00... move.q  r15, r0
0000AD18  20 7F 78 00 01 00 00 00... add     r15, r15, #BOOT_HOSTFS_KIND_FILE
0000AD20  42 06 E0 78 58 02 00 00... bne     r28, r15, .dos_loadlib_fail
0000AD28  10 C7 E8 00 60 02 00 00... load.q  r24, 608(r29)
0000AD30  41 06 C0 00 48 02 00 00... beq r24, r0, .dos_loadlib_fail
0000AD38  01 0E C0 00 00 00 00 00... move.q  r1, r24
0000AD40  52 06 E8 00 00 00 00 00... push    r29
0000AD48  50 06 00 00 D8 EC FF FF... jsr     .dos_bootfs_open
0000AD50  53 EE 00 00 00 00 00 00... pop     r29
0000AD58  42 06 10 00 D8 02 00 00... bne r2, r0, .dos_loadlib_report_fail
0000AD60  01 C6 08 00 00 00 00 00... move.q  r24, r1
0000AD68  11 C7 E8 00 68 02 00 00... store.q r24, 616(r29)
0000AD70  10 CF E8 00 70 02 00 00... load.q  r25, 624(r29)
0000AD78  52 06 E8 00 00 00 00 00... push    r29
0000AD80  01 0E C8 00 00 00 00 00... move.q  r1, r25
0000AD88  01 15 00 00 00 00 01 00... move.l  r2, #MEMF_CLEAR
0000AD90  EB 01 00 00 01 00 00 00... syscall #SYS_ALLOC_MEM
0000AD98  53 EE 00 00 00 00 00 00... pop     r29
0000ADA0  42 06 10 00 E8 01 00 00... bne r2, r0, .dos_loadlib_nomem_close
0000ADA8  11 0F E8 00 28 01 00 00... store.q r1, 296(r29)
0000ADB0  10 C7 E8 00 68 02 00 00... load.q  r24, 616(r29)
0000ADB8  01 0E C0 00 00 00 00 00... move.q  r1, r24
0000ADC0  10 17 E8 00 28 01 00 00... load.q  r2, 296(r29)
0000ADC8  01 1E C8 00 00 00 00 00... move.q  r3, r25
0000ADD0  52 06 E8 00 00 00 00 00... push    r29
0000ADD8  50 06 00 00 A8 ED FF FF... jsr     .dos_bootfs_read_all
0000ADE0  53 EE 00 00 00 00 00 00... pop     r29
0000ADE8  11 0F E8 00 80 02 00 00... store.q r1, 640(r29)
0000ADF0  01 D6 10 00 00 00 00 00... move.q  r26, r2
0000ADF8  10 C7 E8 00 68 02 00 00... load.q  r24, 616(r29)
0000AE00  01 0E C0 00 00 00 00 00... move.q  r1, r24
0000AE08  52 06 E8 00 00 00 00 00... push    r29
0000AE10  50 06 00 00 90 EE FF FF... jsr     .dos_bootfs_close
0000AE18  53 EE 00 00 00 00 00 00... pop     r29
0000AE20  42 06 D0 00 98 01 00 00... bne r26, r0, .dos_loadlib_free_tmp_readerr
0000AE28  10 AF E8 00 28 01 00 00... load.q  r21, 296(r29)
0000AE30  10 BF E8 00 80 02 00 00... load.q  r23, 640(r29)
0000AE38  10 7C A8 00 00 00 00 00... load.l  r15, (r21)
0000AE40  01 E5 00 00 7F 45 4C 46... move.l  r28, #0x464C457F
0000AE48  42 06 78 E0 B0 01 00 00... bne     r15, r28, .dos_loadlib_free_tmp_nonelf
0000AE50  52 06 B8 00 00 00 00 00... push    r23
0000AE58  52 06 A8 00 00 00 00 00... push    r21
0000AE60  01 0E A8 00 00 00 00 00... move.q  r1, r21
0000AE68  01 16 B8 00 00 00 00 00... move.q  r2, r23
0000AE70  50 06 00 00 30 DC FF FF... jsr     .dos_validate_loaded_elf_aslr_contract
0000AE78  53 AE 00 00 00 00 00 00... pop     r21
0000AE80  53 BE 00 00 00 00 00 00... pop     r23
0000AE88  42 06 A0 00 70 01 00 00... bne r20, r0, .dos_loadlib_free_tmp_badarg
0000AE90  20 87 E8 00 EA 04 00 00... add     r16, r29, #(prog_doslib_empty_args - prog_doslib_data)
0000AE98  01 96 00 00 00 00 00 00... move.q  r18, r0
0000AEA0  01 8D 00 00 01 00 00 00... move.l  r17, #BOOT_ELF_EXEC_FLAG_TRUSTED_INTERNAL
0000AEA8  52 06 E8 00 00 00 00 00... push    r29
0000AEB0  01 0E A8 00 00 00 00 00... move.q  r1, r21
0000AEB8  01 16 B8 00 00 00 00 00... move.q  r2, r23
0000AEC0  01 1E 80 00 00 00 00 00... move.q  r3, r16
0000AEC8  01 26 90 00 00 00 00 00... move.q  r4, r18
0000AED0  01 2E 88 00 00 00 00 00... move.q  r5, r17
0000AED8  EB 01 00 00 29 00 00 00... syscall #SYS_BOOT_ELF_EXEC
0000AEE0  53 EE 00 00 00 00 00 00... pop     r29
0000AEE8  11 0F E8 00 30 01 00 00... store.q r1, 304(r29)
0000AEF0  11 17 E8 00 38 01 00 00... store.q r2, 312(r29)
0000AEF8  52 06 E8 00 00 00 00 00... push    r29
0000AF00  10 0F E8 00 28 01 00 00... load.q  r1, 296(r29)
0000AF08  10 17 E8 00 70 02 00 00... load.q  r2, 624(r29)
0000AF10  EB 01 00 00 02 00 00 00... syscall #SYS_FREE_MEM
0000AF18  53 EE 00 00 00 00 00 00... pop     r29
0000AF20  10 C7 E8 00 30 01 00 00... load.q  r24, 304(r29)
0000AF28  10 17 E8 00 38 01 00 00... load.q  r2, 312(r29)
0000AF30  42 06 10 00 00 01 00 00... bne r2, r0, .dos_loadlib_report_fail
0000AF38  41 06 C0 00 F8 00 00 00... beq r24, r0, .dos_loadlib_report_fail
0000AF40  10 A7 E8 00 C0 03 00 00... load.q  r20, 960(r29)
0000AF48  01 0E A0 00 00 00 00 00... move.q  r1, r20
0000AF50  01 16 C0 00 00 00 00 00... move.q  r2, r24
0000AF58  01 1F 00 00 00 00 00 00... move.q  r3, #ERR_OK
0000AF60  EB 01 00 00 2F 00 00 00... syscall #SYS_M16_LIBRARY_LOAD_RESULT
0000AF68  10 EE F8 00 00 00 00 00... load.q  r29, (sp)
0000AF70  40 06 00 00 98 6D FF FF... bra     .dos_main_loop
                         .dos_loadlib_fail:
0000AF78  01 15 00 00 01 00 00 00... move.l  r2, #DOS_ERR_NOTFOUND
                         .dos_loadlib_report_only:
0000AF80  40 06 00 00 B0 00 00 00... bra     .dos_loadlib_report_fail
                         .dos_loadlib_nomem_close:
0000AF88  10 C7 E8 00 68 02 00 00... load.q  r24, 616(r29)
0000AF90  01 0E C0 00 00 00 00 00... move.q  r1, r24
0000AF98  52 06 E8 00 00 00 00 00... push    r29
0000AFA0  50 06 00 00 00 ED FF FF... jsr     .dos_bootfs_close
0000AFA8  53 EE 00 00 00 00 00 00... pop     r29
0000AFB0  40 06 00 00 80 00 00 00... bra     .dos_loadlib_report_fail
                         .dos_loadlib_free_tmp_readerr:
0000AFB8  52 06 D0 00 00 00 00 00... push    r26
0000AFC0  52 06 E8 00 00 00 00 00... push    r29
0000AFC8  10 0F E8 00 28 01 00 00... load.q  r1, 296(r29)
0000AFD0  10 17 E8 00 70 02 00 00... load.q  r2, 624(r29)
0000AFD8  EB 01 00 00 02 00 00 00... syscall #SYS_FREE_MEM
0000AFE0  53 EE 00 00 00 00 00 00... pop     r29
0000AFE8  53 16 00 00 00 00 00 00... pop     r2
0000AFF0  40 06 00 00 40 00 00 00... bra     .dos_loadlib_report_fail
                         .dos_loadlib_free_tmp_nonelf:
                         .dos_loadlib_free_tmp_badarg:
0000AFF8  01 15 00 00 02 00 00 00... move.l  r2, #DOS_ERR_BADARG
0000B000  52 06 E8 00 00 00 00 00... push    r29
0000B008  10 0F E8 00 28 01 00 00... load.q  r1, 296(r29)
0000B010  10 17 E8 00 70 02 00 00... load.q  r2, 624(r29)
0000B018  EB 01 00 00 02 00 00 00... syscall #SYS_FREE_MEM
0000B020  53 EE 00 00 00 00 00 00... pop     r29
0000B028  01 15 00 00 02 00 00 00... move.l  r2, #DOS_ERR_BADARG
                         .dos_loadlib_report_fail:
0000B030  10 A7 E8 00 C0 03 00 00... load.q  r20, 960(r29)
0000B038  01 0E A0 00 00 00 00 00... move.q  r1, r20
0000B040  01 1E 10 00 00 00 00 00... move.q  r3, r2
0000B048  01 16 00 00 00 00 00 00... move.q  r2, r0
0000B050  EB 01 00 00 2F 00 00 00... syscall #SYS_M16_LIBRARY_LOAD_RESULT
0000B058  10 EE F8 00 00 00 00 00... load.q  r29, (sp)
0000B060  40 06 00 00 A8 6C FF FF... bra     .dos_main_loop
                         .dos_do_resident_add:
0000B068  10 AD E8 00 D0 03 00 00... load.l  r21, 976(r29)
0000B070  41 06 A8 00 D8 07 00 00... beq r21, r0, .dos_resident_reply_badarg
0000B078  10 C7 E8 00 B8 00 00 00... load.q  r24, 184(r29)
0000B080  01 5D 00 00 01 00 00 00... move.l  r11, #1
0000B088  42 06 C0 58 C0 07 00 00... bne     r24, r11, .dos_resident_reply_badarg
0000B090  10 BF E8 00 A8 00 00 00... load.q  r23, 168(r29)
0000B098  01 C6 00 00 00 00 00 00... move.q  r24, r0
                         .ddra_name_scan:
0000B0A0  01 5D 00 00 04 01 00 00... move.l  r11, #DOS_RCMD_NAME_MAX
0000B0A8  44 06 C0 58 A0 07 00 00... bge     r24, r11, .dos_resident_reply_badarg
0000B0B0  20 66 B8 C0 00 00 00 00... add     r12, r23, r24
0000B0B8  10 68 60 00 00 00 00 00... load.b  r13, (r12)
0000B0C0  41 06 68 00 18 00 00 00... beq r13, r0, .ddra_name_ok
0000B0C8  20 C7 C0 00 01 00 00 00... add     r24, r24, #1
0000B0D0  40 06 00 00 D0 FF FF FF... bra     .ddra_name_scan
                         .ddra_name_ok:
0000B0D8  41 06 C0 00 70 07 00 00... beq r24, r0, .dos_resident_reply_badarg
0000B0E0  11 07 E8 00 58 03 00 00... store.q r0, 856(r29)
0000B0E8  11 07 E8 00 70 03 00 00... store.q r0, 880(r29)
0000B0F0  01 BE B8 00 00 00 00 00... move.q  r23, r23
0000B0F8  50 06 00 00 C0 CA FF FF... jsr     .dos_resolve_cmd
0000B100  10 EE F8 00 00 00 00 00... load.q  r29, (sp)
0000B108  41 06 B0 00 50 07 00 00... beq r22, r0, .dos_resident_reply_notfound
0000B110  11 BF E8 00 F0 02 00 00... store.q r23, 752(r29)
0000B118  01 0E B8 00 00 00 00 00... move.q  r1, r23
0000B120  01 15 00 00 00 00 00 00... move.l  r2, #0
0000B128  50 06 00 00 B0 E7 FF FF... jsr     .dos_hostfs_layered_relpath_for_resolved_name
0000B130  10 EE F8 00 00 00 00 00... load.q  r29, (sp)
0000B138  41 06 18 00 20 07 00 00... beq r3, r0, .dos_resident_reply_notfound
0000B140  11 0F E8 00 60 02 00 00... store.q r1, 608(r29)
0000B148  52 06 E8 00 00 00 00 00... push    r29
0000B150  50 06 00 00 38 E8 FF FF... jsr     .dos_bootfs_stat
0000B158  53 EE 00 00 00 00 00 00... pop     r29
0000B160  42 06 18 00 F8 06 00 00... bne r3, r0, .dos_resident_reply_notfound
0000B168  01 E6 10 00 00 00 00 00... move.q  r28, r2
0000B170  30 E7 E0 00 FF FF FF FF... and     r28, r28, #0xFFFFFFFF
0000B178  01 7E 00 00 00 00 00 00... move.q  r15, r0
0000B180  20 7F 78 00 01 00 00 00... add     r15, r15, #BOOT_HOSTFS_KIND_FILE
0000B188  42 06 E0 78 C0 06 00 00... bne     r28, r15, .dos_resident_reply_badarg
0000B190  41 06 08 00 B8 06 00 00... beq r1, r0, .dos_resident_reply_badarg
0000B198  11 0F E8 00 70 02 00 00... store.q r1, 624(r29)
0000B1A0  10 0F E8 00 60 02 00 00... load.q  r1, 608(r29)
0000B1A8  52 06 E8 00 00 00 00 00... push    r29
0000B1B0  50 06 00 00 70 E8 FF FF... jsr     .dos_bootfs_open
0000B1B8  53 EE 00 00 00 00 00 00... pop     r29
0000B1C0  42 06 10 00 98 06 00 00... bne r2, r0, .dos_resident_reply_notfound
0000B1C8  11 0F E8 00 68 02 00 00... store.q r1, 616(r29)
0000B1D0  10 0F E8 00 70 02 00 00... load.q  r1, 624(r29)
0000B1D8  01 15 00 00 00 00 01 00... move.l  r2, #MEMF_CLEAR
0000B1E0  EB 01 00 00 01 00 00 00... syscall #SYS_ALLOC_MEM
0000B1E8  10 EE F8 00 00 00 00 00... load.q  r29, (sp)
0000B1F0  42 06 10 00 00 02 00 00... bne r2, r0, .ddra_close_nomem
0000B1F8  11 0F E8 00 28 01 00 00... store.q r1, 296(r29)
0000B200  10 0F E8 00 68 02 00 00... load.q  r1, 616(r29)
0000B208  10 17 E8 00 28 01 00 00... load.q  r2, 296(r29)
0000B210  10 1F E8 00 70 02 00 00... load.q  r3, 624(r29)
0000B218  52 06 E8 00 00 00 00 00... push    r29
0000B220  50 06 00 00 60 E9 FF FF... jsr     .dos_bootfs_read_all
0000B228  53 EE 00 00 00 00 00 00... pop     r29
0000B230  11 0F E8 00 80 02 00 00... store.q r1, 640(r29)
0000B238  11 17 E8 00 88 02 00 00... store.q r2, 648(r29)
0000B240  10 0F E8 00 68 02 00 00... load.q  r1, 616(r29)
0000B248  52 06 E8 00 00 00 00 00... push    r29
0000B250  50 06 00 00 50 EA FF FF... jsr     .dos_bootfs_close
0000B258  53 EE 00 00 00 00 00 00... pop     r29
0000B260  10 17 E8 00 88 02 00 00... load.q  r2, 648(r29)
0000B268  42 06 10 00 B8 01 00 00... bne r2, r0, .ddra_free_notfound
0000B270  10 0F E8 00 80 02 00 00... load.q  r1, 640(r29)
0000B278  10 17 E8 00 70 02 00 00... load.q  r2, 624(r29)
0000B280  42 06 08 10 D0 01 00 00... bne     r1, r2, .ddra_free_badarg
0000B288  10 0F E8 00 28 01 00 00... load.q  r1, 296(r29)
0000B290  10 17 E8 00 70 02 00 00... load.q  r2, 624(r29)
0000B298  50 06 00 00 08 D8 FF FF... jsr     .dos_validate_loaded_elf_aslr_contract
0000B2A0  10 EE F8 00 00 00 00 00... load.q  r29, (sp)
0000B2A8  42 06 A0 00 A8 01 00 00... bne r20, r0, .ddra_free_badarg
0000B2B0  20 DF E8 00 E0 03 01 00... add     r27, r29, #(prog_doslib_pmp_desc_dst - prog_doslib_data)
0000B2B8  10 59 D8 00 08 00 00 00... load.b  r11, IOSM_OFF_KIND(r27)
0000B2C0  01 65 00 00 05 00 00 00... move.l  r12, #IOSM_KIND_COMMAND
0000B2C8  42 06 58 60 88 01 00 00... bne     r11, r12, .ddra_free_badarg
0000B2D0  10 0F E8 00 F0 02 00 00... load.q  r1, 752(r29)
0000B2D8  50 06 00 00 18 07 00 00... jsr     .dos_resident_cache_find_free_or_match
0000B2E0  10 EE F8 00 00 00 00 00... load.q  r29, (sp)
0000B2E8  41 06 18 00 98 01 00 00... beq r3, r0, .ddra_free_full
0000B2F0  11 0F E8 00 F8 02 00 00... store.q r1, 760(r29)
0000B2F8  50 06 00 00 E0 07 00 00... jsr     .dos_resident_cache_free_row
0000B300  10 EE F8 00 00 00 00 00... load.q  r29, (sp)
0000B308  10 77 E8 00 F8 02 00 00... load.q  r14, 760(r29)
0000B310  20 0F E8 00 E0 03 01 00... add     r1, r29, #(prog_doslib_pmp_desc_dst - prog_doslib_data)
0000B318  20 0F 08 00 10 00 00 00... add     r1, r1, #IOSM_OFF_NAME
0000B320  20 17 70 00 00 00 00 00... add     r2, r14, #DOS_RCMD_CACHE_NAME
0000B328  50 06 00 00 20 08 00 00... jsr     .dos_resident_cache_copy_32
0000B330  10 EE F8 00 00 00 00 00... load.q  r29, (sp)
0000B338  10 77 E8 00 F8 02 00 00... load.q  r14, 760(r29)
0000B340  10 0F E8 00 F0 02 00 00... load.q  r1, 752(r29)
0000B348  20 17 70 00 20 00 00 00... add     r2, r14, #DOS_RCMD_CACHE_PATH
0000B350  50 06 00 00 F8 07 00 00... jsr     .dos_resident_cache_copy_32
0000B358  10 EE F8 00 00 00 00 00... load.q  r29, (sp)
0000B360  10 77 E8 00 F8 02 00 00... load.q  r14, 760(r29)
0000B368  10 0F E8 00 28 01 00 00... load.q  r1, 296(r29)
0000B370  11 0F 70 00 40 00 00 00... store.q r1, DOS_RCMD_CACHE_IMAGE(r14)
0000B378  10 0F E8 00 70 02 00 00... load.q  r1, 624(r29)
0000B380  11 0F 70 00 48 00 00 00... store.q r1, DOS_RCMD_CACHE_SIZE(r14)
0000B388  10 0F 70 00 50 00 00 00... load.q  r1, DOS_RCMD_CACHE_GEN(r14)
0000B390  20 0F 08 00 01 00 00 00... add     r1, r1, #1
0000B398  11 0F 70 00 50 00 00 00... store.q r1, DOS_RCMD_CACHE_GEN(r14)
0000B3A0  20 0F E8 00 E0 03 01 00... add     r1, r29, #(prog_doslib_pmp_desc_dst - prog_doslib_data)
0000B3A8  20 17 70 00 58 00 00 00... add     r2, r14, #DOS_RCMD_CACHE_IOSM
0000B3B0  50 06 00 00 20 08 00 00... jsr     .dos_resident_cache_copy_iosm
0000B3B8  10 EE F8 00 00 00 00 00... load.q  r29, (sp)
0000B3C0  10 BF E8 00 A8 00 00 00... load.q  r23, 168(r29)
0000B3C8  20 0F E8 00 E0 03 01 00... add     r1, r29, #(prog_doslib_pmp_desc_dst - prog_doslib_data)
0000B3D0  20 17 B8 00 10 01 00 00... add     r2, r23, #DOS_RCMD_IOSM_OFF
0000B3D8  50 06 00 00 F8 07 00 00... jsr     .dos_resident_cache_copy_iosm
0000B3E0  01 A7 00 00 00 00 00 00... move.q  r20, #ERR_OK
0000B3E8  40 06 00 00 78 04 00 00... bra     .dos_resident_reply_exec_err
                         .ddra_close_nomem:
0000B3F0  10 0F E8 00 68 02 00 00... load.q  r1, 616(r29)
0000B3F8  52 06 E8 00 00 00 00 00... push    r29
0000B400  50 06 00 00 A0 E8 FF FF... jsr     .dos_bootfs_close
0000B408  53 EE 00 00 00 00 00 00... pop     r29
0000B410  01 A7 00 00 01 00 00 00... move.q  r20, #ERR_NOMEM
0000B418  40 06 00 00 48 04 00 00... bra     .dos_resident_reply_exec_err
                         .ddra_free_notfound:
0000B420  52 06 E8 00 00 00 00 00... push    r29
0000B428  10 0F E8 00 28 01 00 00... load.q  r1, 296(r29)
0000B430  10 17 E8 00 70 02 00 00... load.q  r2, 624(r29)
0000B438  EB 01 00 00 02 00 00 00... syscall #SYS_FREE_MEM
0000B440  53 EE 00 00 00 00 00 00... pop     r29
0000B448  40 06 00 00 10 04 00 00... bra     .dos_resident_reply_notfound
                         .ddra_free_badarg:
0000B450  52 06 E8 00 00 00 00 00... push    r29
0000B458  10 0F E8 00 28 01 00 00... load.q  r1, 296(r29)
0000B460  10 17 E8 00 70 02 00 00... load.q  r2, 624(r29)
0000B468  EB 01 00 00 02 00 00 00... syscall #SYS_FREE_MEM
0000B470  53 EE 00 00 00 00 00 00... pop     r29
0000B478  40 06 00 00 D0 03 00 00... bra     .dos_resident_reply_badarg
                         .ddra_free_full:
0000B480  52 06 E8 00 00 00 00 00... push    r29
0000B488  10 0F E8 00 28 01 00 00... load.q  r1, 296(r29)
0000B490  10 17 E8 00 70 02 00 00... load.q  r2, 624(r29)
0000B498  EB 01 00 00 02 00 00 00... syscall #SYS_FREE_MEM
0000B4A0  53 EE 00 00 00 00 00 00... pop     r29
0000B4A8  01 A7 00 00 09 00 00 00... move.q  r20, #ERR_FULL
0000B4B0  40 06 00 00 B0 03 00 00... bra     .dos_resident_reply_exec_err
                         .dos_do_resident_remove:
0000B4B8  10 AD E8 00 D0 03 00 00... load.l  r21, 976(r29)
0000B4C0  41 06 A8 00 88 03 00 00... beq r21, r0, .dos_resident_reply_badarg
0000B4C8  10 C7 E8 00 B8 00 00 00... load.q  r24, 184(r29)
0000B4D0  01 5D 00 00 01 00 00 00... move.l  r11, #1
0000B4D8  42 06 C0 58 70 03 00 00... bne     r24, r11, .dos_resident_reply_badarg
0000B4E0  10 BF E8 00 A8 00 00 00... load.q  r23, 168(r29)
0000B4E8  01 C6 00 00 00 00 00 00... move.q  r24, r0
                         .ddrr_name_scan:
0000B4F0  01 5D 00 00 04 01 00 00... move.l  r11, #DOS_RCMD_NAME_MAX
0000B4F8  44 06 C0 58 50 03 00 00... bge     r24, r11, .dos_resident_reply_badarg
0000B500  20 66 B8 C0 00 00 00 00... add     r12, r23, r24
0000B508  10 68 60 00 00 00 00 00... load.b  r13, (r12)
0000B510  41 06 68 00 18 00 00 00... beq r13, r0, .ddrr_name_ok
0000B518  20 C7 C0 00 01 00 00 00... add     r24, r24, #1
0000B520  40 06 00 00 D0 FF FF FF... bra     .ddrr_name_scan
                         .ddrr_name_ok:
0000B528  41 06 C0 00 20 03 00 00... beq r24, r0, .dos_resident_reply_badarg
0000B530  11 07 E8 00 58 03 00 00... store.q r0, 856(r29)
0000B538  11 07 E8 00 70 03 00 00... store.q r0, 880(r29)
0000B540  50 06 00 00 78 C6 FF FF... jsr     .dos_resolve_cmd
0000B548  10 EE F8 00 00 00 00 00... load.q  r29, (sp)
0000B550  41 06 B0 00 08 03 00 00... beq r22, r0, .dos_resident_reply_notfound
0000B558  01 0E B8 00 00 00 00 00... move.q  r1, r23
0000B560  50 06 00 00 E8 03 00 00... jsr     .dos_resident_cache_find_match
0000B568  10 EE F8 00 00 00 00 00... load.q  r29, (sp)
0000B570  41 06 18 00 E8 02 00 00... beq r3, r0, .dos_resident_reply_notfound
0000B578  50 06 00 00 60 05 00 00... jsr     .dos_resident_cache_free_row
0000B580  01 A7 00 00 00 00 00 00... move.q  r20, #ERR_OK
0000B588  40 06 00 00 D8 02 00 00... bra     .dos_resident_reply_exec_err
                         .dos_do_resident_list:
0000B590  01 F6 E8 00 00 00 00 00... move.q  r30, r29
0000B598  10 AD E8 00 D0 03 00 00... load.l  r21, 976(r29)
0000B5A0  41 06 A8 00 A8 02 00 00... beq r21, r0, .dos_resident_reply_badarg
0000B5A8  10 C7 E8 00 B8 00 00 00... load.q  r24, 184(r29)
0000B5B0  01 5D 00 00 01 00 00 00... move.l  r11, #1
0000B5B8  42 06 C0 58 90 02 00 00... bne     r24, r11, .dos_resident_reply_badarg
0000B5C0  10 BF E8 00 A8 00 00 00... load.q  r23, 168(r29)
0000B5C8  01 E6 B8 00 00 00 00 00... move.q  r28, r23
0000B5D0  01 5D 00 00 52 43 4C 49... move.l  r11, #DOS_RCLI_MAGIC
0000B5D8  11 5C B8 00 00 00 00 00... store.l r11, 0(r23)
0000B5E0  01 5B 00 00 01 00 00 00... move.w  r11, #DOS_RCLI_VERSION
0000B5E8  11 5B B8 00 04 00 00 00... store.w r11, 4(r23)
0000B5F0  01 5B 00 00 20 00 00 00... move.w  r11, #DOS_RCLI_HDR_SIZE
0000B5F8  11 5B B8 00 06 00 00 00... store.w r11, 6(r23)
0000B600  01 5B 00 00 40 00 00 00... move.w  r11, #DOS_RCLI_REC_SIZE
0000B608  11 5B B8 00 08 00 00 00... store.w r11, 8(r23)
0000B610  11 03 B8 00 0A 00 00 00... store.w r0, 10(r23)
0000B618  11 05 B8 00 0C 00 00 00... store.l r0, 12(r23)
0000B620  01 5E 00 00 00 00 00 00... move.q  r11, r0
0000B628  20 5F 58 00 20 00 00 00... add     r11, r11, #DOS_RCLI_HDR_SIZE
0000B630  11 5D B8 00 10 00 00 00... store.l r11, 16(r23)
0000B638  11 05 B8 00 14 00 00 00... store.l r0, 20(r23)
0000B640  11 07 B8 00 18 00 00 00... store.q r0, 24(r23)
0000B648  01 C6 00 00 00 00 00 00... move.q  r24, r0
0000B650  20 77 E8 00 60 04 01 00... add     r14, r29, #(prog_doslib_resident_cmd_cache - prog_doslib_data)
0000B658  01 7E 00 00 00 00 00 00... move.q  r15, r0
                         .ddrl_loop:
0000B660  01 5E 00 00 00 00 00 00... move.q  r11, r0
0000B668  20 5F 58 00 10 00 00 00... add     r11, r11, #DOS_RCMD_CACHE_MAX
0000B670  44 06 78 58 98 01 00 00... bge     r15, r11, .ddrl_done
0000B678  10 58 70 00 00 00 00 00... load.b  r11, DOS_RCMD_CACHE_NAME(r14)
0000B680  41 06 58 00 70 01 00 00... beq r11, r0, .ddrl_next
0000B688  01 5E 00 00 00 00 00 00... move.q  r11, r0
0000B690  20 5F 58 00 20 00 00 00... add     r11, r11, #DOS_RCLI_HDR_SIZE
0000B698  01 66 C0 00 00 00 00 00... move.q  r12, r24
0000B6A0  34 67 60 00 06 00 00 00... lsl     r12, r12, #6
0000B6A8  20 5E 58 60 00 00 00 00... add     r11, r11, r12
0000B6B0  20 B6 B8 58 00 00 00 00... add     r22, r23, r11
0000B6B8  01 6E C0 00 00 00 00 00... move.q  r13, r24
0000B6C0  20 6F 68 00 01 00 00 00... add     r13, r13, #1
0000B6C8  11 6D B8 00 0C 00 00 00... store.l r13, 12(r23)
0000B6D0  01 5E 00 00 00 00 00 00... move.q  r11, r0
0000B6D8  20 5F 58 00 20 00 00 00... add     r11, r11, #DOS_RCLI_HDR_SIZE
0000B6E0  01 66 68 00 00 00 00 00... move.q  r12, r13
0000B6E8  34 67 60 00 06 00 00 00... lsl     r12, r12, #6
0000B6F0  20 5E 58 60 00 00 00 00... add     r11, r11, r12
0000B6F8  11 5D B8 00 10 00 00 00... store.l r11, 16(r23)
0000B700  20 DF 70 00 58 00 00 00... add     r27, r14, #DOS_RCMD_CACHE_IOSM
0000B708  10 5F D8 00 10 00 00 00... load.q  r11, IOSM_OFF_NAME(r27)
0000B710  11 5E B0 00 00 00 00 00... store.q r11, 0(r22)
0000B718  10 5F D8 00 18 00 00 00... load.q  r11, IOSM_OFF_NAME+8(r27)
0000B720  11 5F B0 00 08 00 00 00... store.q r11, 8(r22)
0000B728  10 5F D8 00 20 00 00 00... load.q  r11, IOSM_OFF_NAME+16(r27)
0000B730  11 5F B0 00 10 00 00 00... store.q r11, 16(r22)
0000B738  10 5F D8 00 28 00 00 00... load.q  r11, IOSM_OFF_NAME+24(r27)
0000B740  11 5F B0 00 18 00 00 00... store.q r11, 24(r22)
0000B748  10 59 D8 00 08 00 00 00... load.b  r11, IOSM_OFF_KIND(r27)
0000B750  11 59 B0 00 20 00 00 00... store.b r11, 32(r22)
0000B758  11 01 B0 00 21 00 00 00... store.b r0, 33(r22)
0000B760  01 5D 00 00 01 00 00 00... move.l  r11, #1
0000B768  11 59 B0 00 22 00 00 00... store.b r11, 34(r22)
0000B770  01 5D 00 00 05 00 00 00... move.l  r11, #5
0000B778  11 59 B0 00 23 00 00 00... store.b r11, 35(r22)
0000B780  10 5B D8 00 0A 00 00 00... load.w  r11, IOSM_OFF_VERSION(r27)
0000B788  11 5B B0 00 24 00 00 00... store.w r11, 36(r22)
0000B790  10 5B D8 00 0C 00 00 00... load.w  r11, IOSM_OFF_REVISION(r27)
0000B798  11 5B B0 00 26 00 00 00... store.w r11, 38(r22)
0000B7A0  10 5B D8 00 0E 00 00 00... load.w  r11, IOSM_OFF_PATCH(r27)
0000B7A8  11 5B B0 00 28 00 00 00... store.w r11, 40(r22)
0000B7B0  11 03 B0 00 2A 00 00 00... store.w r0, 42(r22)
0000B7B8  10 5D D8 00 30 00 00 00... load.l  r11, IOSM_OFF_FLAGS(r27)
0000B7C0  11 5D B0 00 2C 00 00 00... store.l r11, 44(r22)
0000B7C8  11 05 B0 00 30 00 00 00... store.l r0, 48(r22)
0000B7D0  10 5F 70 00 50 00 00 00... load.q  r11, DOS_RCMD_CACHE_GEN(r14)
0000B7D8  11 5D B0 00 34 00 00 00... store.l r11, 52(r22)
0000B7E0  11 07 B0 00 38 00 00 00... store.q r0, 56(r22)
0000B7E8  20 C7 C0 00 01 00 00 00... add     r24, r24, #1
                         .ddrl_next:
0000B7F0  20 77 70 00 D8 00 00 00... add     r14, r14, #DOS_RCMD_CACHE_ROW_SZ
0000B7F8  20 7F 78 00 01 00 00 00... add     r15, r15, #1
0000B800  40 06 00 00 60 FE FF FF... bra     .ddrl_loop
                         .ddrl_done:
0000B808  10 0F E8 00 B0 03 00 00... load.q  r1, 944(r29)
0000B810  01 16 00 00 00 00 00 00... move.q  r2, r0
0000B818  01 1E 00 00 00 00 00 00... move.q  r3, r0
0000B820  01 26 00 00 00 00 00 00... move.q  r4, r0
0000B828  01 2E 00 00 00 00 00 00... move.q  r5, r0
0000B830  EB 01 00 00 14 00 00 00... syscall #SYS_REPLY_MSG
0000B838  10 EE F8 00 00 00 00 00... load.q  r29, (sp)
0000B840  40 06 00 00 C8 64 FF FF... bra     .dos_main_loop
                         .dos_resident_reply_badarg:
0000B848  01 A7 00 00 03 00 00 00... move.q  r20, #ERR_BADARG
0000B850  40 06 00 00 10 00 00 00... bra     .dos_resident_reply_exec_err
                         .dos_resident_reply_notfound:
0000B858  01 A7 00 00 04 00 00 00... move.q  r20, #ERR_NOTFOUND
                         .dos_resident_reply_exec_err:
0000B860  10 BF E8 00 A8 00 00 00... load.q  r23, 168(r29)
0000B868  41 06 B8 00 10 00 00 00... beq r23, r0, .drree_skip_store
0000B870  11 A5 B8 00 04 01 00 00... store.l r20, DOS_RCMD_RC_OFF(r23)
                         .drree_skip_store:
0000B878  10 0F E8 00 B0 03 00 00... load.q  r1, 944(r29)
0000B880  01 16 A0 00 00 00 00 00... move.q  r2, r20
0000B888  01 1E A0 00 00 00 00 00... move.q  r3, r20
0000B890  01 26 00 00 00 00 00 00... move.q  r4, r0
0000B898  01 2E 00 00 00 00 00 00... move.q  r5, r0
0000B8A0  EB 01 00 00 14 00 00 00... syscall #SYS_REPLY_MSG
0000B8A8  10 EE F8 00 00 00 00 00... load.q  r29, (sp)
0000B8B0  40 06 00 00 58 64 FF FF... bra     .dos_main_loop
                         .dos_resident_find_by_command:
0000B8B8  41 06 08 00 70 00 00 00... beq r1, r0, .drfbc_miss
0000B8C0  01 5E 00 00 00 00 00 00... move.q  r11, r0
0000B8C8  20 5F 58 00 00 10 00 00... add     r11, r11, #4096
0000B8D0  43 06 08 58 58 00 00 00... blt     r1, r11, .drfbc_miss
0000B8D8  52 06 B8 00 00 00 00 00... push    r23
0000B8E0  50 06 00 00 68 00 00 00... jsr     .dos_resident_cache_find_match
0000B8E8  41 06 18 00 38 00 00 00... beq r3, r0, .drfbc_miss_pop
0000B8F0  53 BE 00 00 00 00 00 00... pop     r23
0000B8F8  10 17 08 00 48 00 00 00... load.q  r2, DOS_RCMD_CACHE_SIZE(r1)
0000B900  10 0F 08 00 40 00 00 00... load.q  r1, DOS_RCMD_CACHE_IMAGE(r1)
0000B908  01 1E 00 00 00 00 00 00... move.q  r3, r0
0000B910  20 1F 18 00 01 00 00 00... add     r3, r3, #1
0000B918  51 00 00 00 00 00 00 00... rts
                         .drfbc_miss_pop:
0000B920  53 BE 00 00 00 00 00 00... pop     r23
                         .drfbc_miss:
0000B928  01 0E 00 00 00 00 00 00... move.q  r1, r0
0000B930  01 16 00 00 00 00 00 00... move.q  r2, r0
0000B938  01 1E 00 00 00 00 00 00... move.q  r3, r0
0000B940  51 00 00 00 00 00 00 00... rts
                         .dos_resident_cache_find_match:
0000B948  01 D6 08 00 00 00 00 00... move.q  r26, r1
0000B950  20 77 E8 00 60 04 01 00... add     r14, r29, #(prog_doslib_resident_cmd_cache - prog_doslib_data)
0000B958  01 7E 00 00 00 00 00 00... move.q  r15, r0
                         .drcfm_loop:
0000B960  01 5E 00 00 00 00 00 00... move.q  r11, r0
0000B968  20 5F 58 00 10 00 00 00... add     r11, r11, #DOS_RCMD_CACHE_MAX
0000B970  44 06 78 58 68 00 00 00... bge     r15, r11, .drcfm_notfound
0000B978  10 58 70 00 00 00 00 00... load.b  r11, DOS_RCMD_CACHE_NAME(r14)
0000B980  41 06 58 00 28 00 00 00... beq r11, r0, .drcfm_next
0000B988  01 0E D0 00 00 00 00 00... move.q  r1, r26
0000B990  20 17 70 00 20 00 00 00... add     r2, r14, #DOS_RCMD_CACHE_PATH
0000B998  50 06 00 00 70 AE FF FF... jsr     .dos_name_eq_ci32
0000B9A0  41 06 B8 00 20 00 00 00... beq r23, r0, .drcfm_found
                         .drcfm_next:
0000B9A8  20 77 70 00 D8 00 00 00... add     r14, r14, #DOS_RCMD_CACHE_ROW_SZ
0000B9B0  20 7F 78 00 01 00 00 00... add     r15, r15, #1
0000B9B8  40 06 00 00 A8 FF FF FF... bra     .drcfm_loop
                         .drcfm_found:
0000B9C0  01 0E 70 00 00 00 00 00... move.q  r1, r14
0000B9C8  01 1D 00 00 01 00 00 00... move.l  r3, #1
0000B9D0  51 00 00 00 00 00 00 00... rts
                         .drcfm_notfound:
0000B9D8  01 0E 00 00 00 00 00 00... move.q  r1, r0
0000B9E0  01 1E 00 00 00 00 00 00... move.q  r3, r0
0000B9E8  51 00 00 00 00 00 00 00... rts
                         .dos_resident_cache_find_free_or_match:
0000B9F0  01 D6 08 00 00 00 00 00... move.q  r26, r1
0000B9F8  01 86 00 00 00 00 00 00... move.q  r16, r0
0000BA00  20 77 E8 00 60 04 01 00... add     r14, r29, #(prog_doslib_resident_cmd_cache - prog_doslib_data)
0000BA08  01 7E 00 00 00 00 00 00... move.q  r15, r0
                         .drcffom_loop:
0000BA10  01 5E 00 00 00 00 00 00... move.q  r11, r0
0000BA18  20 5F 58 00 10 00 00 00... add     r11, r11, #DOS_RCMD_CACHE_MAX
0000BA20  44 06 78 58 68 00 00 00... bge     r15, r11, .drcffom_done
0000BA28  10 58 70 00 00 00 00 00... load.b  r11, DOS_RCMD_CACHE_NAME(r14)
0000BA30  41 06 58 00 30 00 00 00... beq r11, r0, .drcffom_free
0000BA38  01 0E D0 00 00 00 00 00... move.q  r1, r26
0000BA40  20 17 70 00 20 00 00 00... add     r2, r14, #DOS_RCMD_CACHE_PATH
0000BA48  50 06 00 00 C0 AD FF FF... jsr     .dos_name_eq_ci32
0000BA50  41 06 B8 00 58 00 00 00... beq r23, r0, .drcffom_found
0000BA58  40 06 00 00 18 00 00 00... bra     .drcffom_next
                         .drcffom_free:
0000BA60  42 06 80 00 10 00 00 00... bne r16, r0, .drcffom_next
0000BA68  01 86 70 00 00 00 00 00... move.q  r16, r14
                         .drcffom_next:
0000BA70  20 77 70 00 D8 00 00 00... add     r14, r14, #DOS_RCMD_CACHE_ROW_SZ
0000BA78  20 7F 78 00 01 00 00 00... add     r15, r15, #1
0000BA80  40 06 00 00 90 FF FF FF... bra     .drcffom_loop
                         .drcffom_done:
0000BA88  41 06 80 00 38 00 00 00... beq r16, r0, .drcffom_full
0000BA90  01 0E 80 00 00 00 00 00... move.q  r1, r16
0000BA98  01 1D 00 00 01 00 00 00... move.l  r3, #1
0000BAA0  51 00 00 00 00 00 00 00... rts
                         .drcffom_found:
0000BAA8  01 0E 70 00 00 00 00 00... move.q  r1, r14
0000BAB0  01 1D 00 00 01 00 00 00... move.l  r3, #1
0000BAB8  51 00 00 00 00 00 00 00... rts
                         .drcffom_full:
0000BAC0  01 0E 00 00 00 00 00 00... move.q  r1, r0
0000BAC8  01 1E 00 00 00 00 00 00... move.q  r3, r0
0000BAD0  51 00 00 00 00 00 00 00... rts
                         .dos_resident_cache_free_row:
0000BAD8  01 76 08 00 00 00 00 00... move.q  r14, r1
0000BAE0  10 0F 70 00 40 00 00 00... load.q  r1, DOS_RCMD_CACHE_IMAGE(r14)
0000BAE8  41 06 08 00 38 00 00 00... beq r1, r0, .drcfr_clear
0000BAF0  10 17 70 00 48 00 00 00... load.q  r2, DOS_RCMD_CACHE_SIZE(r14)
0000BAF8  52 06 70 00 00 00 00 00... push    r14
0000BB00  52 06 E8 00 00 00 00 00... push    r29
0000BB08  EB 01 00 00 02 00 00 00... syscall #SYS_FREE_MEM
0000BB10  53 EE 00 00 00 00 00 00... pop     r29
0000BB18  53 76 00 00 00 00 00 00... pop     r14
                         .drcfr_clear:
0000BB20  11 00 70 00 00 00 00 00... store.b r0, DOS_RCMD_CACHE_NAME(r14)
0000BB28  11 01 70 00 20 00 00 00... store.b r0, DOS_RCMD_CACHE_PATH(r14)
0000BB30  11 07 70 00 40 00 00 00... store.q r0, DOS_RCMD_CACHE_IMAGE(r14)
0000BB38  11 07 70 00 48 00 00 00... store.q r0, DOS_RCMD_CACHE_SIZE(r14)
0000BB40  51 00 00 00 00 00 00 00... rts
                         .dos_resident_cache_copy_32:
0000BB48  01 1E 00 00 00 00 00 00... move.q  r3, r0
0000BB50  01 26 00 00 00 00 00 00... move.q  r4, r0
                         .drcc32_loop:
0000BB58  01 2E 00 00 00 00 00 00... move.q  r5, r0
0000BB60  20 2F 28 00 20 00 00 00... add     r5, r5, #32
0000BB68  44 06 18 28 60 00 00 00... bge     r3, r5, .drcc32_done
0000BB70  42 06 20 00 38 00 00 00... bne r4, r0, .drcc32_zero
0000BB78  20 36 08 18 00 00 00 00... add     r6, r1, r3
0000BB80  10 38 30 00 00 00 00 00... load.b  r7, (r6)
0000BB88  11 38 10 00 00 00 00 00... store.b r7, (r2)
0000BB90  42 06 38 00 20 00 00 00... bne r7, r0, .drcc32_next
0000BB98  01 25 00 00 01 00 00 00... move.l  r4, #1
0000BBA0  40 06 00 00 10 00 00 00... bra     .drcc32_next
                         .drcc32_zero:
0000BBA8  11 00 10 00 00 00 00 00... store.b r0, (r2)
                         .drcc32_next:
0000BBB0  20 17 10 00 01 00 00 00... add     r2, r2, #1
0000BBB8  20 1F 18 00 01 00 00 00... add     r3, r3, #1
0000BBC0  40 06 00 00 98 FF FF FF... bra     .drcc32_loop
                         .drcc32_done:
0000BBC8  51 00 00 00 00 00 00 00... rts
                         .dos_resident_cache_copy_iosm:
0000BBD0  01 1E 00 00 00 00 00 00... move.q  r3, r0
0000BBD8  20 1F 18 00 10 00 00 00... add     r3, r3, #(IOSM_SIZE / 8)
                         .drcciosm_loop:
0000BBE0  10 26 08 00 00 00 00 00... load.q  r4, (r1)
0000BBE8  11 26 10 00 00 00 00 00... store.q r4, (r2)
0000BBF0  20 0F 08 00 08 00 00 00... add     r1, r1, #8
0000BBF8  20 17 10 00 08 00 00 00... add     r2, r2, #8
0000BC00  21 1F 18 00 01 00 00 00... sub     r3, r3, #1
0000BC08  42 06 18 00 D8 FF FF FF... bne r3, r0, .drcciosm_loop
0000BC10  51 00 00 00 00 00 00 00... rts
                         .dos_reply_badh:
0000BC18  10 0F E8 00 B0 03 00 00... load.q  r1, 944(r29)
0000BC20  01 15 00 00 04 00 00 00... move.l  r2, #DOS_ERR_BADHANDLE
0000BC28  01 1E 00 00 00 00 00 00... move.q  r3, r0
0000BC30  01 26 00 00 00 00 00 00... move.q  r4, r0
0000BC38  01 2E 00 00 00 00 00 00... move.q  r5, r0
0000BC40  EB 01 00 00 14 00 00 00... syscall #SYS_REPLY_MSG
0000BC48  10 EE F8 00 00 00 00 00... load.q  r29, (sp)
0000BC50  40 06 00 00 B8 60 FF FF... bra     .dos_main_loop
                         .dos_reply_full:
0000BC58  10 0F E8 00 B0 03 00 00... load.q  r1, 944(r29)
0000BC60  01 15 00 00 03 00 00 00... move.l  r2, #DOS_ERR_FULL
0000BC68  01 1E 00 00 00 00 00 00... move.q  r3, r0
0000BC70  01 26 00 00 00 00 00 00... move.q  r4, r0
0000BC78  01 2E 00 00 00 00 00 00... move.q  r5, r0
0000BC80  EB 01 00 00 14 00 00 00... syscall #SYS_REPLY_MSG
0000BC88  10 EE F8 00 00 00 00 00... load.q  r29, (sp)
0000BC90  40 06 00 00 78 60 FF FF... bra     .dos_main_loop
                         .dos_reply_badarg:
0000BC98  10 0F E8 00 B0 03 00 00... load.q  r1, 944(r29)
0000BCA0  01 15 00 00 02 00 00 00... move.l  r2, #DOS_ERR_BADARG
0000BCA8  01 1E 00 00 00 00 00 00... move.q  r3, r0
0000BCB0  01 26 00 00 00 00 00 00... move.q  r4, r0
0000BCB8  01 2E 00 00 00 00 00 00... move.q  r5, r0
0000BCC0  EB 01 00 00 14 00 00 00... syscall #SYS_REPLY_MSG
0000BCC8  10 EE F8 00 00 00 00 00... load.q  r29, (sp)
0000BCD0  40 06 00 00 38 60 FF FF... bra     .dos_main_loop
                         .dos_reply_nomem:
0000BCD8  10 0F E8 00 B0 03 00 00... load.q  r1, 944(r29)
0000BCE0  01 15 00 00 06 00 00 00... move.l  r2, #DOS_ERR_NOMEM
0000BCE8  01 1E 00 00 00 00 00 00... move.q  r3, r0
0000BCF0  01 26 00 00 00 00 00 00... move.q  r4, r0
0000BCF8  01 2E 00 00 00 00 00 00... move.q  r5, r0
0000BD00  EB 01 00 00 14 00 00 00... syscall #SYS_REPLY_MSG
0000BD08  10 EE F8 00 00 00 00 00... load.q  r29, (sp)
0000BD10  40 06 00 00 F8 5F FF FF... bra     .dos_main_loop
                         .dos_reply_err:
0000BD18  10 0F E8 00 B0 03 00 00... load.q  r1, 944(r29)
0000BD20  01 15 00 00 01 00 00 00... move.l  r2, #DOS_ERR_NOTFOUND
0000BD28  01 1E 00 00 00 00 00 00... move.q  r3, r0
0000BD30  01 26 00 00 00 00 00 00... move.q  r4, r0
0000BD38  01 2E 00 00 00 00 00 00... move.q  r5, r0
0000BD40  EB 01 00 00 14 00 00 00... syscall #SYS_REPLY_MSG
0000BD48  10 EE F8 00 00 00 00 00... load.q  r29, (sp)
0000BD50  40 06 00 00 B8 5F FF FF... bra     .dos_main_loop
                         .dos_meta_alloc_entry:
0000BD58  10 CF E8 00 98 00 00 00... load.q  r25, 152(r29)
                         .dmae_walk_pages:
0000BD60  41 06 C8 00 80 00 00 00... beq r25, r0, .dmae_alloc_new
0000BD68  01 D6 C8 00 00 00 00 00... move.q  r26, r25
0000BD70  20 D7 D0 00 10 00 00 00... add     r26, r26, #DOS_META_HDR_SZ
0000BD78  01 1D 00 00 00 00 00 00... move.l  r3, #0
                         .dmae_scan_rows:
0000BD80  01 25 00 00 55 00 00 00... move.l  r4, #DOS_META_PER_PAGE
0000BD88  44 06 18 20 30 00 00 00... bge     r3, r4, .dmae_next_page
0000BD90  10 28 D0 00 00 00 00 00... load.b  r5, DOS_META_OFF_NAME(r26)
0000BD98  41 06 28 00 30 00 00 00... beq r5, r0, .dmae_found
0000BDA0  20 D7 D0 00 30 00 00 00... add     r26, r26, #DOS_META_ENTRY_SZ
0000BDA8  20 1F 18 00 01 00 00 00... add     r3, r3, #1
0000BDB0  40 06 00 00 D0 FF FF FF... bra     .dmae_scan_rows
                         .dmae_next_page:
0000BDB8  10 CE C8 00 00 00 00 00... load.q  r25, (r25)
0000BDC0  40 06 00 00 A0 FF FF FF... bra     .dmae_walk_pages
                         .dmae_found:
0000BDC8  01 0E D0 00 00 00 00 00... move.q  r1, r26
0000BDD0  01 16 00 00 00 00 00 00... move.q  r2, r0
0000BDD8  51 00 00 00 00 00 00 00... rts
                         .dmae_alloc_new:
0000BDE0  52 06 E8 00 00 00 00 00... push    r29
0000BDE8  01 0D 00 00 00 10 00 00... move.l  r1, #4096
0000BDF0  01 15 00 00 00 00 01 00... move.l  r2, #MEMF_CLEAR
0000BDF8  EB 01 00 00 01 00 00 00... syscall #SYS_ALLOC_MEM
0000BE00  53 EE 00 00 00 00 00 00... pop     r29
0000BE08  42 06 10 00 70 00 00 00... bne r2, r0, .dmae_fail
0000BE10  01 CE 08 00 00 00 00 00... move.q  r25, r1
0000BE18  10 1F E8 00 98 00 00 00... load.q  r3, 152(r29)
0000BE20  41 06 18 00 38 00 00 00... beq r3, r0, .dmae_set_head
                         .dmae_link_walk:
0000BE28  10 26 18 00 00 00 00 00... load.q  r4, (r3)
0000BE30  41 06 20 00 18 00 00 00... beq r4, r0, .dmae_at_tail
0000BE38  01 1E 20 00 00 00 00 00... move.q  r3, r4
0000BE40  40 06 00 00 E8 FF FF FF... bra     .dmae_link_walk
                         .dmae_at_tail:
0000BE48  11 CE 18 00 00 00 00 00... store.q r25, (r3)
0000BE50  40 06 00 00 10 00 00 00... bra     .dmae_link_done
                         .dmae_set_head:
0000BE58  11 CF E8 00 98 00 00 00... store.q r25, 152(r29)
                         .dmae_link_done:
0000BE60  20 0F C8 00 10 00 00 00... add     r1, r25, #DOS_META_HDR_SZ
0000BE68  01 16 00 00 00 00 00 00... move.q  r2, r0
0000BE70  51 00 00 00 00 00 00 00... rts
                         .dmae_fail:
0000BE78  01 0E 00 00 00 00 00 00... move.q  r1, r0
0000BE80  51 00 00 00 00 00 00 00... rts
                         .dos_meta_find_by_name:
0000BE88  01 DE 08 00 00 00 00 00... move.q  r27, r1
0000BE90  10 CF E8 00 98 00 00 00... load.q  r25, 152(r29)
                         .dmfn_walk_pages:
0000BE98  41 06 C8 00 30 01 00 00... beq r25, r0, .dmfn_not_found
0000BEA0  01 D6 C8 00 00 00 00 00... move.q  r26, r25
0000BEA8  20 D7 D0 00 10 00 00 00... add     r26, r26, #DOS_META_HDR_SZ
0000BEB0  01 1D 00 00 00 00 00 00... move.l  r3, #0
                         .dmfn_scan_rows:
0000BEB8  01 25 00 00 55 00 00 00... move.l  r4, #DOS_META_PER_PAGE
0000BEC0  44 06 18 20 E8 00 00 00... bge     r3, r4, .dmfn_next_page
0000BEC8  10 28 D0 00 00 00 00 00... load.b  r5, DOS_META_OFF_NAME(r26)
0000BED0  41 06 28 00 C0 00 00 00... beq r5, r0, .dmfn_skip
0000BED8  01 36 D0 00 00 00 00 00... move.q  r6, r26
0000BEE0  01 3E D8 00 00 00 00 00... move.q  r7, r27
0000BEE8  01 45 00 00 00 00 00 00... move.l  r8, #0
                         .dmfn_cmp:
0000BEF0  10 48 30 00 00 00 00 00... load.b  r9, (r6)
0000BEF8  10 50 38 00 00 00 00 00... load.b  r10, (r7)
0000BF00  01 5D 00 00 41 00 00 00... move.l  r11, #0x41
0000BF08  43 06 48 58 20 00 00 00... blt     r9, r11, .dmfn_skip1
0000BF10  01 5D 00 00 5A 00 00 00... move.l  r11, #0x5A
0000BF18  45 06 48 58 10 00 00 00... bgt     r9, r11, .dmfn_skip1
0000BF20  31 4F 48 00 20 00 00 00... or      r9, r9, #0x20
                         .dmfn_skip1:
0000BF28  01 5D 00 00 41 00 00 00... move.l  r11, #0x41
0000BF30  43 06 50 58 20 00 00 00... blt     r10, r11, .dmfn_skip2
0000BF38  01 5D 00 00 5A 00 00 00... move.l  r11, #0x5A
0000BF40  45 06 50 58 10 00 00 00... bgt     r10, r11, .dmfn_skip2
0000BF48  31 57 50 00 20 00 00 00... or      r10, r10, #0x20
                         .dmfn_skip2:
0000BF50  42 06 48 50 40 00 00 00... bne     r9, r10, .dmfn_skip
0000BF58  41 06 48 00 60 00 00 00... beq r9, r0, .dmfn_match
0000BF60  20 37 30 00 01 00 00 00... add     r6, r6, #1
0000BF68  20 3F 38 00 01 00 00 00... add     r7, r7, #1
0000BF70  20 47 40 00 01 00 00 00... add     r8, r8, #1
0000BF78  01 5D 00 00 20 00 00 00... move.l  r11, #32
0000BF80  43 06 40 58 70 FF FF FF... blt     r8, r11, .dmfn_cmp
0000BF88  40 06 00 00 30 00 00 00... bra     .dmfn_match
                         .dmfn_skip:
0000BF90  20 D7 D0 00 30 00 00 00... add     r26, r26, #DOS_META_ENTRY_SZ
0000BF98  20 1F 18 00 01 00 00 00... add     r3, r3, #1
0000BFA0  40 06 00 00 18 FF FF FF... bra     .dmfn_scan_rows
                         .dmfn_next_page:
0000BFA8  10 CE C8 00 00 00 00 00... load.q  r25, (r25)
0000BFB0  40 06 00 00 E8 FE FF FF... bra     .dmfn_walk_pages
                         .dmfn_match:
0000BFB8  01 0E D0 00 00 00 00 00... move.q  r1, r26
0000BFC0  51 00 00 00 00 00 00 00... rts
                         .dmfn_not_found:
0000BFC8  01 0E 00 00 00 00 00 00... move.q  r1, r0
0000BFD0  51 00 00 00 00 00 00 00... rts
                         .dos_hnd_alloc:
0000BFD8  01 9E 08 00 00 00 00 00... move.q  r19, r1
0000BFE0  10 CF E8 00 A0 00 00 00... load.q  r25, 160(r29)
0000BFE8  01 65 00 00 00 00 00 00... move.l  r12, #0
                         .dha_walk_pages:
0000BFF0  41 06 C8 00 A0 00 00 00... beq r25, r0, .dha_alloc_new
0000BFF8  01 D6 C8 00 00 00 00 00... move.q  r26, r25
0000C000  20 D7 D0 00 10 00 00 00... add     r26, r26, #DOS_HND_HDR_SZ
0000C008  01 1D 00 00 00 00 00 00... move.l  r3, #0
                         .dha_scan_rows:
0000C010  01 25 00 00 FE 01 00 00... move.l  r4, #DOS_HND_PER_PAGE
0000C018  44 06 18 20 30 00 00 00... bge     r3, r4, .dha_next_page
0000C020  10 2E D0 00 00 00 00 00... load.q  r5, (r26)
0000C028  41 06 28 00 38 00 00 00... beq r5, r0, .dha_found
0000C030  20 D7 D0 00 08 00 00 00... add     r26, r26, #DOS_HND_ENTRY_SZ
0000C038  20 1F 18 00 01 00 00 00... add     r3, r3, #1
0000C040  40 06 00 00 D0 FF FF FF... bra     .dha_scan_rows
                         .dha_next_page:
0000C048  10 CE C8 00 00 00 00 00... load.q  r25, (r25)
0000C050  20 67 60 00 01 00 00 00... add     r12, r12, #1
0000C058  40 06 00 00 98 FF FF FF... bra     .dha_walk_pages
                         .dha_found:
0000C060  11 9E D0 00 00 00 00 00... store.q r19, (r26)
0000C068  01 25 00 00 FE 01 00 00... move.l  r4, #DOS_HND_PER_PAGE
0000C070  22 26 60 20 00 00 00 00... mulu    r4, r12, r4
0000C078  20 0E 20 18 00 00 00 00... add     r1, r4, r3
0000C080  01 16 00 00 00 00 00 00... move.q  r2, r0
0000C088  51 00 00 00 00 00 00 00... rts
                         .dha_alloc_new:
0000C090  52 06 E8 00 00 00 00 00... push    r29
0000C098  52 06 98 00 00 00 00 00... push    r19
0000C0A0  52 06 60 00 00 00 00 00... push    r12
0000C0A8  01 0D 00 00 00 10 00 00... move.l  r1, #4096
0000C0B0  01 15 00 00 00 00 01 00... move.l  r2, #MEMF_CLEAR
0000C0B8  EB 01 00 00 01 00 00 00... syscall #SYS_ALLOC_MEM
0000C0C0  53 66 00 00 00 00 00 00... pop     r12
0000C0C8  53 9E 00 00 00 00 00 00... pop     r19
0000C0D0  53 EE 00 00 00 00 00 00... pop     r29
0000C0D8  42 06 10 00 90 00 00 00... bne r2, r0, .dha_fail
0000C0E0  01 CE 08 00 00 00 00 00... move.q  r25, r1
0000C0E8  10 1F E8 00 A0 00 00 00... load.q  r3, 160(r29)
0000C0F0  41 06 18 00 38 00 00 00... beq r3, r0, .dha_set_head
                         .dha_link_walk:
0000C0F8  10 26 18 00 00 00 00 00... load.q  r4, (r3)
0000C100  41 06 20 00 18 00 00 00... beq r4, r0, .dha_at_tail
0000C108  01 1E 20 00 00 00 00 00... move.q  r3, r4
0000C110  40 06 00 00 E8 FF FF FF... bra     .dha_link_walk
                         .dha_at_tail:
0000C118  11 CE 18 00 00 00 00 00... store.q r25, (r3)
0000C120  40 06 00 00 10 00 00 00... bra     .dha_link_done
                         .dha_set_head:
0000C128  11 CF E8 00 A0 00 00 00... store.q r25, 160(r29)
                         .dha_link_done:
0000C130  20 D7 C8 00 10 00 00 00... add     r26, r25, #DOS_HND_HDR_SZ
0000C138  11 9E D0 00 00 00 00 00... store.q r19, (r26)
0000C140  01 25 00 00 FE 01 00 00... move.l  r4, #DOS_HND_PER_PAGE
0000C148  22 26 60 20 00 00 00 00... mulu    r4, r12, r4
0000C150  01 0E 20 00 00 00 00 00... move.q  r1, r4
0000C158  01 16 00 00 00 00 00 00... move.q  r2, r0
0000C160  51 00 00 00 00 00 00 00... rts
                         .dha_fail:
0000C168  01 0E 00 00 00 00 00 00... move.q  r1, r0
0000C170  51 00 00 00 00 00 00 00... rts
                         .dos_hnd_lookup:
0000C178  43 06 08 00 B0 00 00 00... blt r1, r0, .dhl_not_found
0000C180  01 1D 00 00 FE 01 00 00... move.l  r3, #DOS_HND_PER_PAGE
0000C188  24 26 08 18 00 00 00 00... divu    r4, r1, r3
0000C190  22 2E 20 18 00 00 00 00... mulu    r5, r4, r3
0000C198  21 2E 08 28 00 00 00 00... sub     r5, r1, r5
0000C1A0  10 CF E8 00 A0 00 00 00... load.q  r25, 160(r29)
                         .dhl_walk:
0000C1A8  41 06 C8 00 80 00 00 00... beq r25, r0, .dhl_not_found
0000C1B0  41 06 20 00 20 00 00 00... beq r4, r0, .dhl_at_page
0000C1B8  10 CE C8 00 00 00 00 00... load.q  r25, (r25)
0000C1C0  21 27 20 00 01 00 00 00... sub     r4, r4, #1
0000C1C8  40 06 00 00 E0 FF FF FF... bra     .dhl_walk
                         .dhl_at_page:
0000C1D0  01 35 00 00 08 00 00 00... move.l  r6, #DOS_HND_ENTRY_SZ
0000C1D8  22 36 28 30 00 00 00 00... mulu    r6, r5, r6
0000C1E0  20 37 30 00 10 00 00 00... add     r6, r6, #DOS_HND_HDR_SZ
0000C1E8  20 36 C8 30 00 00 00 00... add     r6, r25, r6
0000C1F0  10 0E 30 00 00 00 00 00... load.q  r1, (r6)
0000C1F8  41 06 08 00 18 00 00 00... beq r1, r0, .dhl_empty
0000C200  01 16 30 00 00 00 00 00... move.q  r2, r6
0000C208  51 00 00 00 00 00 00 00... rts
                         .dhl_empty:
0000C210  01 0E 00 00 00 00 00 00... move.q  r1, r0
0000C218  01 16 00 00 00 00 00 00... move.q  r2, r0
0000C220  51 00 00 00 00 00 00 00... rts
                         .dhl_not_found:
0000C228  01 0E 00 00 00 00 00 00... move.q  r1, r0
0000C230  01 16 00 00 00 00 00 00... move.q  r2, r0
0000C238  51 00 00 00 00 00 00 00... rts
                         .dos_extent_alloc:
0000C240  41 06 08 00 18 01 00 00... beq r1, r0, .dea_zero_size
0000C248  20 8F 08 00 EF 0F 00 00... add     r17, r1, #(DOS_EXT_PAYLOAD - 1)
0000C250  01 1D 00 00 F0 0F 00 00... move.l  r3, #DOS_EXT_PAYLOAD
0000C258  24 8E 88 18 00 00 00 00... divu    r17, r17, r3
0000C260  52 06 E8 00 00 00 00 00... push    r29
0000C268  52 06 88 00 00 00 00 00... push    r17
0000C270  01 0D 00 00 00 10 00 00... move.l  r1, #4096
0000C278  01 15 00 00 00 00 01 00... move.l  r2, #MEMF_CLEAR
0000C280  EB 01 00 00 01 00 00 00... syscall #SYS_ALLOC_MEM
0000C288  53 8E 00 00 00 00 00 00... pop     r17
0000C290  53 EE 00 00 00 00 00 00... pop     r29
0000C298  42 06 10 00 D8 00 00 00... bne r2, r0, .dea_fail_first
0000C2A0  01 9E 08 00 00 00 00 00... move.q  r19, r1
0000C2A8  01 96 08 00 00 00 00 00... move.q  r18, r1
0000C2B0  21 8F 88 00 01 00 00 00... sub     r17, r17, #1
                         .dea_loop:
0000C2B8  41 06 88 00 88 00 00 00... beq r17, r0, .dea_done
0000C2C0  52 06 E8 00 00 00 00 00... push    r29
0000C2C8  52 06 98 00 00 00 00 00... push    r19
0000C2D0  52 06 90 00 00 00 00 00... push    r18
0000C2D8  52 06 88 00 00 00 00 00... push    r17
0000C2E0  01 0D 00 00 00 10 00 00... move.l  r1, #4096
0000C2E8  01 15 00 00 00 00 01 00... move.l  r2, #MEMF_CLEAR
0000C2F0  EB 01 00 00 01 00 00 00... syscall #SYS_ALLOC_MEM
0000C2F8  53 8E 00 00 00 00 00 00... pop     r17
0000C300  53 96 00 00 00 00 00 00... pop     r18
0000C308  53 9E 00 00 00 00 00 00... pop     r19
0000C310  53 EE 00 00 00 00 00 00... pop     r29
0000C318  42 06 10 00 68 00 00 00... bne r2, r0, .dea_fail_partial
0000C320  11 0E 90 00 00 00 00 00... store.q r1, DOS_EXT_OFF_NEXT(r18)
0000C328  01 96 08 00 00 00 00 00... move.q  r18, r1
0000C330  21 8F 88 00 01 00 00 00... sub     r17, r17, #1
0000C338  40 06 00 00 80 FF FF FF... bra     .dea_loop
                         .dea_done:
0000C340  01 0E 98 00 00 00 00 00... move.q  r1, r19
0000C348  01 16 00 00 00 00 00 00... move.q  r2, r0
0000C350  51 00 00 00 00 00 00 00... rts
                         .dea_zero_size:
0000C358  01 0E 00 00 00 00 00 00... move.q  r1, r0
0000C360  01 16 00 00 00 00 00 00... move.q  r2, r0
0000C368  51 00 00 00 00 00 00 00... rts
                         .dea_fail_first:
0000C370  01 0E 00 00 00 00 00 00... move.q  r1, r0
0000C378  51 00 00 00 00 00 00 00... rts
                         .dea_fail_partial:
0000C380  52 06 10 00 00 00 00 00... push    r2
0000C388  01 0E 98 00 00 00 00 00... move.q  r1, r19
0000C390  50 06 00 00 20 00 00 00... jsr     .dos_extent_free
0000C398  53 16 00 00 00 00 00 00... pop     r2
0000C3A0  01 0E 00 00 00 00 00 00... move.q  r1, r0
0000C3A8  51 00 00 00 00 00 00 00... rts
                         .dos_extent_free:
0000C3B0  01 9E 08 00 00 00 00 00... move.q  r19, r1
                         .def_loop:
0000C3B8  41 06 98 00 58 00 00 00... beq r19, r0, .def_done
0000C3C0  10 96 98 00 00 00 00 00... load.q  r18, DOS_EXT_OFF_NEXT(r19)
0000C3C8  52 06 E8 00 00 00 00 00... push    r29
0000C3D0  52 06 90 00 00 00 00 00... push    r18
0000C3D8  01 0E 98 00 00 00 00 00... move.q  r1, r19
0000C3E0  01 15 00 00 00 10 00 00... move.l  r2, #4096
0000C3E8  EB 01 00 00 02 00 00 00... syscall #SYS_FREE_MEM
0000C3F0  53 96 00 00 00 00 00 00... pop     r18
0000C3F8  53 EE 00 00 00 00 00 00... pop     r29
0000C400  01 9E 90 00 00 00 00 00... move.q  r19, r18
0000C408  40 06 00 00 B0 FF FF FF... bra     .def_loop
                         .def_done:
0000C410  01 16 00 00 00 00 00 00... move.q  r2, r0
0000C418  51 00 00 00 00 00 00 00... rts
                         .dos_extent_walk:
0000C420  01 9E 08 00 00 00 00 00... move.q  r19, r1
0000C428  01 96 10 00 00 00 00 00... move.q  r18, r2
0000C430  01 8E 18 00 00 00 00 00... move.q  r17, r3
0000C438  01 86 00 00 00 00 00 00... move.q  r16, r0
                         .dew_extent_loop:
0000C440  41 06 98 00 A8 00 00 00... beq r19, r0, .dew_done
0000C448  41 06 88 00 A0 00 00 00... beq r17, r0, .dew_done
0000C450  01 26 88 00 00 00 00 00... move.q  r4, r17
0000C458  01 2D 00 00 F0 0F 00 00... move.l  r5, #DOS_EXT_PAYLOAD
0000C460  43 06 20 28 10 00 00 00... blt     r4, r5, .dew_have_n
0000C468  01 26 28 00 00 00 00 00... move.q  r4, r5
                         .dew_have_n:
0000C470  20 2F 98 00 10 00 00 00... add     r5, r19, #DOS_EXT_HDR_SZ
0000C478  01 36 90 00 00 00 00 00... move.q  r6, r18
0000C480  01 3E 00 00 00 00 00 00... move.q  r7, r0
                         .dew_byte_copy:
0000C488  44 06 38 20 38 00 00 00... bge     r7, r4, .dew_extent_done
0000C490  10 40 28 00 00 00 00 00... load.b  r8, (r5)
0000C498  11 40 30 00 00 00 00 00... store.b r8, (r6)
0000C4A0  20 2F 28 00 01 00 00 00... add     r5, r5, #1
0000C4A8  20 37 30 00 01 00 00 00... add     r6, r6, #1
0000C4B0  20 3F 38 00 01 00 00 00... add     r7, r7, #1
0000C4B8  40 06 00 00 D0 FF FF FF... bra     .dew_byte_copy
                         .dew_extent_done:
0000C4C0  20 86 80 20 00 00 00 00... add     r16, r16, r4
0000C4C8  20 96 90 20 00 00 00 00... add     r18, r18, r4
0000C4D0  21 8E 88 20 00 00 00 00... sub     r17, r17, r4
0000C4D8  10 9E 98 00 00 00 00 00... load.q  r19, DOS_EXT_OFF_NEXT(r19)
0000C4E0  40 06 00 00 60 FF FF FF... bra     .dew_extent_loop
                         .dew_done:
0000C4E8  01 0E 80 00 00 00 00 00... move.q  r1, r16
0000C4F0  51 00 00 00 00 00 00 00... rts
                         .dos_extent_write:
0000C4F8  01 9E 08 00 00 00 00 00... move.q  r19, r1
0000C500  01 96 10 00 00 00 00 00... move.q  r18, r2
0000C508  01 8E 18 00 00 00 00 00... move.q  r17, r3
0000C510  01 86 00 00 00 00 00 00... move.q  r16, r0
                         .dexw_extent_loop:
0000C518  41 06 98 00 A8 00 00 00... beq r19, r0, .dexw_done
0000C520  41 06 88 00 A0 00 00 00... beq r17, r0, .dexw_done
0000C528  01 26 88 00 00 00 00 00... move.q  r4, r17
0000C530  01 2D 00 00 F0 0F 00 00... move.l  r5, #DOS_EXT_PAYLOAD
0000C538  43 06 20 28 10 00 00 00... blt     r4, r5, .dexw_have_n
0000C540  01 26 28 00 00 00 00 00... move.q  r4, r5
                         .dexw_have_n:
0000C548  20 2F 98 00 10 00 00 00... add     r5, r19, #DOS_EXT_HDR_SZ
0000C550  01 36 90 00 00 00 00 00... move.q  r6, r18
0000C558  01 3E 00 00 00 00 00 00... move.q  r7, r0
                         .dexw_byte_copy:
0000C560  44 06 38 20 38 00 00 00... bge     r7, r4, .dexw_extent_done
0000C568  10 40 30 00 00 00 00 00... load.b  r8, (r6)
0000C570  11 40 28 00 00 00 00 00... store.b r8, (r5)
0000C578  20 2F 28 00 01 00 00 00... add     r5, r5, #1
0000C580  20 37 30 00 01 00 00 00... add     r6, r6, #1
0000C588  20 3F 38 00 01 00 00 00... add     r7, r7, #1
0000C590  40 06 00 00 D0 FF FF FF... bra     .dexw_byte_copy
                         .dexw_extent_done:
0000C598  20 86 80 20 00 00 00 00... add     r16, r16, r4
0000C5A0  20 96 90 20 00 00 00 00... add     r18, r18, r4
0000C5A8  21 8E 88 20 00 00 00 00... sub     r17, r17, r4
0000C5B0  10 9E 98 00 00 00 00 00... load.q  r19, DOS_EXT_OFF_NEXT(r19)
0000C5B8  40 06 00 00 60 FF FF FF... bra     .dexw_extent_loop
                         .dexw_done:
0000C5C0  01 0E 80 00 00 00 00 00... move.q  r1, r16
0000C5C8  51 00 00 00 00 00 00 00... rts
                         .dos_seglist_free_unlinked:
0000C5D0  52 06 E8 00 00 00 00 00... push    r29
0000C5D8  01 9E 08 00 00 00 00 00... move.q  r19, r1
                         .dslf_entry:
0000C5E0  41 06 98 00 20 01 00 00... beq r19, r0, .dslf_done
0000C5E8  10 95 98 00 0C 00 00 00... load.l  r18, DOS_SEGLIST_OFF_COUNT(r19)
0000C5F0  34 97 90 00 20 00 00 00... lsl     r18, r18, #32
0000C5F8  35 97 90 00 20 00 00 00... lsr     r18, r18, #32
0000C600  01 8D 00 00 00 00 00 00... move.l  r17, #0
                         .dslf_loop:
0000C608  44 06 88 90 C0 00 00 00... bge     r17, r18, .dslf_free_hdr
0000C610  01 25 00 00 28 00 00 00... move.l  r4, #DOS_SEG_ENTRY_SZ
0000C618  22 26 88 20 00 00 00 00... mulu    r4, r17, r4
0000C620  20 27 20 00 18 00 00 00... add     r4, r4, #DOS_SEGLIST_HDR_SZ
0000C628  20 26 20 98 00 00 00 00... add     r4, r4, r19
0000C630  10 0E 20 00 00 00 00 00... load.q  r1, DOS_SEG_OFF_MEMVA(r4)
0000C638  41 06 08 00 80 00 00 00... beq r1, r0, .dslf_next
0000C640  10 15 20 00 20 00 00 00... load.l  r2, DOS_SEG_OFF_PAGES(r4)
0000C648  34 17 10 00 20 00 00 00... lsl     r2, r2, #32
0000C650  35 17 10 00 20 00 00 00... lsr     r2, r2, #32
0000C658  34 17 10 00 0C 00 00 00... lsl     r2, r2, #12
0000C660  52 06 E8 00 00 00 00 00... push    r29
0000C668  52 06 98 00 00 00 00 00... push    r19
0000C670  52 06 90 00 00 00 00 00... push    r18
0000C678  52 06 88 00 00 00 00 00... push    r17
0000C680  52 06 20 00 00 00 00 00... push    r4
0000C688  EB 01 00 00 02 00 00 00... syscall #SYS_FREE_MEM
0000C690  53 26 00 00 00 00 00 00... pop     r4
0000C698  53 8E 00 00 00 00 00 00... pop     r17
0000C6A0  53 96 00 00 00 00 00 00... pop     r18
0000C6A8  53 9E 00 00 00 00 00 00... pop     r19
0000C6B0  53 EE 00 00 00 00 00 00... pop     r29
                         .dslf_next:
0000C6B8  20 8F 88 00 01 00 00 00... add     r17, r17, #1
0000C6C0  40 06 00 00 48 FF FF FF... bra     .dslf_loop
                         .dslf_free_hdr:
0000C6C8  52 06 E8 00 00 00 00 00... push    r29
0000C6D0  52 06 98 00 00 00 00 00... push    r19
0000C6D8  01 0E 98 00 00 00 00 00... move.q  r1, r19
0000C6E0  01 15 00 00 00 10 00 00... move.l  r2, #4096
0000C6E8  EB 01 00 00 02 00 00 00... syscall #SYS_FREE_MEM
0000C6F0  53 9E 00 00 00 00 00 00... pop     r19
0000C6F8  53 EE 00 00 00 00 00 00... pop     r29
                         .dslf_done:
0000C700  53 EE 00 00 00 00 00 00... pop     r29
0000C708  01 16 00 00 00 00 00 00... move.q  r2, r0
0000C710  51 00 00 00 00 00 00 00... rts
                         .dos_elf_build_seglist:
0000C718  11 0F E8 00 68 01 00 00... store.q r1, 360(r29)
0000C720  11 17 E8 00 70 01 00 00... store.q r2, 368(r29)
0000C728  11 07 E8 00 78 01 00 00... store.q r0, 376(r29)
0000C730  11 07 E8 00 D0 01 00 00... store.q r0, 464(r29)
0000C738  01 1D 00 00 40 00 00 00... move.l  r3, #64
0000C740  43 06 10 18 B8 09 00 00... blt     r2, r3, .debs_badarg
0000C748  10 1C 08 00 00 00 00 00... load.l  r3, (r1)
0000C750  01 25 00 00 7F 45 4C 46... move.l  r4, #0x464C457F
0000C758  42 06 18 20 A0 09 00 00... bne     r3, r4, .debs_badarg
0000C760  10 19 08 00 04 00 00 00... load.b  r3, 4(r1)
0000C768  01 25 00 00 02 00 00 00... move.l  r4, #2
0000C770  42 06 18 20 88 09 00 00... bne     r3, r4, .debs_badarg
0000C778  10 19 08 00 05 00 00 00... load.b  r3, 5(r1)
0000C780  01 25 00 00 01 00 00 00... move.l  r4, #1
0000C788  42 06 18 20 70 09 00 00... bne     r3, r4, .debs_badarg
0000C790  10 19 08 00 06 00 00 00... load.b  r3, 6(r1)
0000C798  01 25 00 00 01 00 00 00... move.l  r4, #1
0000C7A0  42 06 18 20 58 09 00 00... bne     r3, r4, .debs_badarg
0000C7A8  10 19 08 00 07 00 00 00... load.b  r3, 7(r1)
0000C7B0  42 06 18 00 48 09 00 00... bne r3, r0, .debs_badarg
0000C7B8  10 1D 08 00 10 00 00 00... load.l  r3, 16(r1)
0000C7C0  30 1F 18 00 FF FF 00 00... and     r3, r3, #0xFFFF
0000C7C8  01 25 00 00 03 00 00 00... move.l  r4, #3
0000C7D0  42 06 18 20 28 09 00 00... bne     r3, r4, .debs_badarg
0000C7D8  10 1D 08 00 12 00 00 00... load.l  r3, 18(r1)
0000C7E0  30 1F 18 00 FF FF 00 00... and     r3, r3, #0xFFFF
0000C7E8  01 25 00 00 45 49 00 00... move.l  r4, #0x4945
0000C7F0  42 06 18 20 08 09 00 00... bne     r3, r4, .debs_badarg
0000C7F8  10 1D 08 00 14 00 00 00... load.l  r3, 20(r1)
0000C800  01 25 00 00 01 00 00 00... move.l  r4, #1
0000C808  42 06 18 20 F0 08 00 00... bne     r3, r4, .debs_badarg
0000C810  10 1D 08 00 1C 00 00 00... load.l  r3, 28(r1)
0000C818  42 06 18 00 E0 08 00 00... bne r3, r0, .debs_badarg
0000C820  10 1D 08 00 18 00 00 00... load.l  r3, 24(r1)
0000C828  11 1F E8 00 B8 01 00 00... store.q r3, 440(r29)
0000C830  10 1D 08 00 24 00 00 00... load.l  r3, 36(r1)
0000C838  42 06 18 00 C0 08 00 00... bne r3, r0, .debs_badarg
0000C840  10 A5 08 00 20 00 00 00... load.l  r20, 32(r1)
0000C848  11 A7 E8 00 F8 01 00 00... store.q r20, 504(r29)
0000C850  10 1D 08 00 34 00 00 00... load.l  r3, 52(r1)
0000C858  30 1F 18 00 FF FF 00 00... and     r3, r3, #0xFFFF
0000C860  01 25 00 00 40 00 00 00... move.l  r4, #64
0000C868  42 06 18 20 90 08 00 00... bne     r3, r4, .debs_badarg
0000C870  10 1D 08 00 36 00 00 00... load.l  r3, 54(r1)
0000C878  30 1F 18 00 FF FF 00 00... and     r3, r3, #0xFFFF
0000C880  01 25 00 00 38 00 00 00... move.l  r4, #56
0000C888  42 06 18 20 70 08 00 00... bne     r3, r4, .debs_badarg
0000C890  10 AD 08 00 38 00 00 00... load.l  r21, 56(r1)
0000C898  30 AF A8 00 FF FF 00 00... and     r21, r21, #0xFFFF
0000C8A0  41 06 A8 00 58 08 00 00... beq r21, r0, .debs_badarg
0000C8A8  11 AF E8 00 10 02 00 00... store.q r21, 528(r29)
0000C8B0  01 1D 00 00 38 00 00 00... move.l  r3, #56
0000C8B8  22 B6 A8 18 00 00 00 00... mulu    r22, r21, r3
0000C8C0  20 BE A0 B0 00 00 00 00... add     r23, r20, r22
0000C8C8  43 06 B8 A0 30 08 00 00... blt     r23, r20, .debs_badarg
0000C8D0  10 27 E8 00 70 01 00 00... load.q  r4, 368(r29)
0000C8D8  43 06 20 B8 20 08 00 00... blt     r4, r23, .debs_badarg
0000C8E0  11 07 E8 00 E8 01 00 00... store.q r0, 488(r29)
0000C8E8  10 2F E8 00 68 01 00 00... load.q  r5, 360(r29)
0000C8F0  10 A7 E8 00 F8 01 00 00... load.q  r20, 504(r29)
0000C8F8  20 C6 28 A0 00 00 00 00... add     r24, r5, r20
0000C900  01 95 00 00 00 00 00 00... move.l  r18, #0
                         .debs_span_loop:
0000C908  44 06 90 A8 08 01 00 00... bge     r18, r21, .debs_span_done
0000C910  10 1C C0 00 00 00 00 00... load.l  r3, (r24)
0000C918  01 25 00 00 01 00 00 00... move.l  r4, #1
0000C920  41 06 18 20 78 00 00 00... beq     r3, r4, .debs_span_load
0000C928  01 25 00 00 04 00 00 00... move.l  r4, #4
0000C930  41 06 18 20 10 00 00 00... beq     r3, r4, .debs_span_note
0000C938  40 06 00 00 C0 07 00 00... bra     .debs_badarg
                         .debs_span_note:
0000C940  10 1D C0 00 0C 00 00 00... load.l  r3, 12(r24)
0000C948  42 06 18 00 B0 07 00 00... bne r3, r0, .debs_badarg
0000C950  10 1D C0 00 24 00 00 00... load.l  r3, 36(r24)
0000C958  42 06 18 00 A0 07 00 00... bne r3, r0, .debs_badarg
0000C960  10 35 C0 00 08 00 00 00... load.l  r6, 8(r24)
0000C968  10 3D C0 00 20 00 00 00... load.l  r7, 32(r24)
0000C970  20 4E 30 38 00 00 00 00... add     r9, r6, r7
0000C978  43 06 48 30 80 07 00 00... blt     r9, r6, .debs_badarg
0000C980  10 57 E8 00 70 01 00 00... load.q  r10, 368(r29)
0000C988  43 06 50 48 70 07 00 00... blt     r10, r9, .debs_badarg
0000C990  40 06 00 00 68 00 00 00... bra     .debs_span_next
                         .debs_span_load:
0000C998  10 1D C0 00 14 00 00 00... load.l  r3, 20(r24)
0000C9A0  42 06 18 00 58 07 00 00... bne r3, r0, .debs_badarg
0000C9A8  10 1D C0 00 2C 00 00 00... load.l  r3, 44(r24)
0000C9B0  42 06 18 00 48 07 00 00... bne r3, r0, .debs_badarg
0000C9B8  10 35 C0 00 10 00 00 00... load.l  r6, 16(r24)
0000C9C0  10 3D C0 00 28 00 00 00... load.l  r7, 40(r24)
0000C9C8  41 06 38 00 30 07 00 00... beq r7, r0, .debs_badarg
0000C9D0  20 4E 30 38 00 00 00 00... add     r9, r6, r7
0000C9D8  43 06 48 30 20 07 00 00... blt     r9, r6, .debs_badarg
0000C9E0  10 57 E8 00 E8 01 00 00... load.q  r10, 488(r29)
0000C9E8  44 06 50 48 10 00 00 00... bge     r10, r9, .debs_span_next
0000C9F0  11 4F E8 00 E8 01 00 00... store.q r9, 488(r29)
                         .debs_span_next:
0000C9F8  20 C7 C0 00 38 00 00 00... add     r24, r24, #56
0000CA00  20 97 90 00 01 00 00 00... add     r18, r18, #1
0000CA08  40 06 00 00 00 FF FF FF... bra     .debs_span_loop
                         .debs_span_done:
0000CA10  10 17 E8 00 E8 01 00 00... load.q  r2, 488(r29)
0000CA18  20 17 10 00 FF 0F 00 00... add     r2, r2, #4095
0000CA20  35 17 10 00 0C 00 00 00... lsr     r2, r2, #12
0000CA28  01 0D 00 00 07 00 00 00... move.l  r1, #SYSINFO_ASLR_IMAGE_BASE
0000CA30  EB 01 00 00 1B 00 00 00... syscall #SYS_GET_SYS_INFO
0000CA38  42 06 10 00 70 06 00 00... bne r2, r0, .debs_nomem_noobj
0000CA40  11 0F E8 00 18 02 00 00... store.q r1, 536(r29)
0000CA48  10 1F E8 00 B8 01 00 00... load.q  r3, 440(r29)
0000CA50  20 1E 18 08 00 00 00 00... add     r3, r3, r1
0000CA58  11 1F E8 00 B8 01 00 00... store.q r3, 440(r29)
0000CA60  01 1D 00 00 02 00 00 00... move.l  r3, #2
0000CA68  11 1F E8 00 D8 01 00 00... store.q r3, 472(r29)
0000CA70  52 06 E8 00 00 00 00 00... push    r29
0000CA78  01 0D 00 00 00 10 00 00... move.l  r1, #4096
0000CA80  01 15 00 00 00 00 01 00... move.l  r2, #MEMF_CLEAR
0000CA88  EB 01 00 00 01 00 00 00... syscall #SYS_ALLOC_MEM
0000CA90  53 EE 00 00 00 00 00 00... pop     r29
0000CA98  42 06 10 00 10 06 00 00... bne r2, r0, .debs_nomem_noobj
0000CAA0  11 0F E8 00 78 01 00 00... store.q r1, 376(r29)
0000CAA8  01 D6 08 00 00 00 00 00... move.q  r26, r1
0000CAB0  01 1D 00 00 53 45 47 4C... move.l  r3, #DOS_SEGLIST_MAGIC
0000CAB8  11 1D D0 00 08 00 00 00... store.l r3, DOS_SEGLIST_OFF_MAGIC(r26)
0000CAC0  11 05 D0 00 0C 00 00 00... store.l r0, DOS_SEGLIST_OFF_COUNT(r26)
0000CAC8  10 1F E8 00 B8 01 00 00... load.q  r3, 440(r29)
0000CAD0  11 1F D0 00 10 00 00 00... store.q r3, DOS_SEGLIST_OFF_ENTRY(r26)
0000CAD8  10 A7 E8 00 F8 01 00 00... load.q  r20, 504(r29)
0000CAE0  10 AF E8 00 10 02 00 00... load.q  r21, 528(r29)
0000CAE8  10 2F E8 00 68 01 00 00... load.q  r5, 360(r29)
0000CAF0  20 C6 28 A0 00 00 00 00... add     r24, r5, r20
0000CAF8  11 C7 E8 00 08 02 00 00... store.q r24, 520(r29)
0000CB00  01 95 00 00 00 00 00 00... move.l  r18, #0
                         .debs_ph_loop:
0000CB08  44 06 90 A8 38 05 00 00... bge     r18, r21, .debs_done_parse
0000CB10  10 C7 E8 00 08 02 00 00... load.q  r24, 520(r29)
0000CB18  10 1C C0 00 00 00 00 00... load.l  r3, (r24)
0000CB20  34 1F 18 00 20 00 00 00... lsl     r3, r3, #32
0000CB28  35 1F 18 00 20 00 00 00... lsr     r3, r3, #32
0000CB30  01 26 00 00 00 00 00 00... move.q  r4, r0
0000CB38  20 27 20 00 01 00 00 00... add     r4, r4, #1
0000CB40  41 06 18 20 48 00 00 00... beq     r3, r4, .debs_load_ph
0000CB48  01 26 00 00 00 00 00 00... move.q  r4, r0
0000CB50  20 27 20 00 04 00 00 00... add     r4, r4, #4
0000CB58  41 06 18 20 10 00 00 00... beq     r3, r4, .debs_skip_ph
0000CB60  40 06 00 00 88 05 00 00... bra     .debs_badarg_free
                         .debs_skip_ph:
0000CB68  20 97 90 00 01 00 00 00... add     r18, r18, #1
0000CB70  20 C7 C0 00 38 00 00 00... add     r24, r24, #56
0000CB78  11 C7 E8 00 08 02 00 00... store.q r24, 520(r29)
0000CB80  40 06 00 00 88 FF FF FF... bra     .debs_ph_loop
                         .debs_load_ph:
0000CB88  10 45 C0 00 04 00 00 00... load.l  r8, 4(r24)
0000CB90  34 47 40 00 20 00 00 00... lsl     r8, r8, #32
0000CB98  35 47 40 00 20 00 00 00... lsr     r8, r8, #32
0000CBA0  01 4E 40 00 00 00 00 00... move.q  r9, r8
0000CBA8  30 4F 48 00 F8 FF FF FF... and     r9, r9, #0xFFFFFFF8
0000CBB0  42 06 48 00 38 05 00 00... bne r9, r0, .debs_badarg_free
0000CBB8  41 06 40 00 30 05 00 00... beq r8, r0, .debs_badarg_free
0000CBC0  01 4E 40 00 00 00 00 00... move.q  r9, r8
0000CBC8  01 56 00 00 00 00 00 00... move.q  r10, r0
0000CBD0  20 57 50 00 02 00 00 00... add     r10, r10, #2
0000CBD8  41 06 48 50 10 05 00 00... beq     r9, r10, .debs_badarg_free
0000CBE0  01 4E 40 00 00 00 00 00... move.q  r9, r8
0000CBE8  30 4F 48 00 03 00 00 00... and     r9, r9, #3
0000CBF0  01 56 00 00 00 00 00 00... move.q  r10, r0
0000CBF8  20 57 50 00 03 00 00 00... add     r10, r10, #3
0000CC00  41 06 48 50 E8 04 00 00... beq     r9, r10, .debs_badarg_free
0000CC08  10 1D C0 00 0C 00 00 00... load.l  r3, 12(r24)
0000CC10  42 06 18 00 D8 04 00 00... bne r3, r0, .debs_badarg_free
0000CC18  10 1D C0 00 14 00 00 00... load.l  r3, 20(r24)
0000CC20  42 06 18 00 C8 04 00 00... bne r3, r0, .debs_badarg_free
0000CC28  10 1D C0 00 24 00 00 00... load.l  r3, 36(r24)
0000CC30  42 06 18 00 B8 04 00 00... bne r3, r0, .debs_badarg_free
0000CC38  10 1D C0 00 2C 00 00 00... load.l  r3, 44(r24)
0000CC40  42 06 18 00 A8 04 00 00... bne r3, r0, .debs_badarg_free
0000CC48  10 1D C0 00 34 00 00 00... load.l  r3, 52(r24)
0000CC50  42 06 18 00 98 04 00 00... bne r3, r0, .debs_badarg_free
0000CC58  10 5D C0 00 08 00 00 00... load.l  r11, 8(r24)
0000CC60  34 5F 58 00 20 00 00 00... lsl     r11, r11, #32
0000CC68  35 5F 58 00 20 00 00 00... lsr     r11, r11, #32
0000CC70  10 35 C0 00 10 00 00 00... load.l  r6, 16(r24)
0000CC78  34 37 30 00 20 00 00 00... lsl     r6, r6, #32
0000CC80  35 37 30 00 20 00 00 00... lsr     r6, r6, #32
0000CC88  10 2D C0 00 20 00 00 00... load.l  r5, 32(r24)
0000CC90  34 2F 28 00 20 00 00 00... lsl     r5, r5, #32
0000CC98  35 2F 28 00 20 00 00 00... lsr     r5, r5, #32
0000CCA0  10 3D C0 00 28 00 00 00... load.l  r7, 40(r24)
0000CCA8  34 3F 38 00 20 00 00 00... lsl     r7, r7, #32
0000CCB0  35 3F 38 00 20 00 00 00... lsr     r7, r7, #32
0000CCB8  10 1D C0 00 30 00 00 00... load.l  r3, 48(r24)
0000CCC0  34 1F 18 00 20 00 00 00... lsl     r3, r3, #32
0000CCC8  35 1F 18 00 20 00 00 00... lsr     r3, r3, #32
0000CCD0  01 25 00 00 00 10 00 00... move.l  r4, #4096
0000CCD8  42 06 18 20 10 04 00 00... bne     r3, r4, .debs_badarg_free
0000CCE0  41 06 38 00 08 04 00 00... beq r7, r0, .debs_badarg_free
0000CCE8  30 1F 58 00 FF 0F 00 00... and     r3, r11, #0xFFF
0000CCF0  30 27 30 00 FF 0F 00 00... and     r4, r6, #0xFFF
0000CCF8  42 06 18 20 F0 03 00 00... bne     r3, r4, .debs_badarg_free
0000CD00  30 1F 30 00 FF 0F 00 00... and     r3, r6, #0xFFF
0000CD08  42 06 18 00 E0 03 00 00... bne r3, r0, .debs_badarg_free
0000CD10  43 06 38 28 D8 03 00 00... blt     r7, r5, .debs_badarg_free
0000CD18  20 4E 58 28 00 00 00 00... add     r9, r11, r5
0000CD20  43 06 48 58 C8 03 00 00... blt     r9, r11, .debs_badarg_free
0000CD28  10 57 E8 00 70 01 00 00... load.q  r10, 368(r29)
0000CD30  43 06 50 48 B8 03 00 00... blt     r10, r9, .debs_badarg_free
0000CD38  20 4E 30 38 00 00 00 00... add     r9, r6, r7
0000CD40  43 06 48 30 A8 03 00 00... blt     r9, r6, .debs_badarg_free
0000CD48  10 57 E8 00 18 02 00 00... load.q  r10, 536(r29)
0000CD50  20 4E 48 50 00 00 00 00... add     r9, r9, r10
0000CD58  01 55 00 00 00 00 00 02... move.l  r10, #0x02000000
0000CD60  43 06 50 48 88 03 00 00... blt     r10, r9, .debs_badarg_free
0000CD68  10 57 E8 00 18 02 00 00... load.q  r10, 536(r29)
0000CD70  20 36 30 50 00 00 00 00... add     r6, r6, r10
0000CD78  10 65 D0 00 0C 00 00 00... load.l  r12, DOS_SEGLIST_OFF_COUNT(r26)
0000CD80  01 6D 00 00 00 00 00 00... move.l  r13, #0
                         .debs_overlap_loop:
0000CD88  44 06 68 60 68 00 00 00... bge     r13, r12, .debs_overlap_done
0000CD90  01 1D 00 00 28 00 00 00... move.l  r3, #DOS_SEG_ENTRY_SZ
0000CD98  22 26 68 18 00 00 00 00... mulu    r4, r13, r3
0000CDA0  20 27 20 00 18 00 00 00... add     r4, r4, #DOS_SEGLIST_HDR_SZ
0000CDA8  20 26 20 D0 00 00 00 00... add     r4, r4, r26
0000CDB0  10 75 20 00 08 00 00 00... load.l  r14, DOS_SEG_OFF_TARGET(r4)
0000CDB8  10 7D 20 00 18 00 00 00... load.l  r15, DOS_SEG_OFF_MEMSZ(r4)
0000CDC0  20 86 70 78 00 00 00 00... add     r16, r14, r15
0000CDC8  43 06 30 80 10 00 00 00... blt     r6, r16, .debs_chk_other
0000CDD0  40 06 00 00 10 00 00 00... bra     .debs_ov_next
                         .debs_chk_other:
0000CDD8  43 06 70 48 10 03 00 00... blt     r14, r9, .debs_badarg_free
                         .debs_ov_next:
0000CDE0  20 6F 68 00 01 00 00 00... add     r13, r13, #1
0000CDE8  40 06 00 00 A0 FF FF FF... bra     .debs_overlap_loop
                         .debs_overlap_done:
0000CDF0  10 1F E8 00 B8 01 00 00... load.q  r3, 440(r29)
0000CDF8  43 06 18 30 38 00 00 00... blt     r3, r6, .debs_entry_skip
0000CE00  43 06 18 48 10 00 00 00... blt     r3, r9, .debs_entry_maybe
0000CE08  40 06 00 00 28 00 00 00... bra     .debs_entry_skip
                         .debs_entry_maybe:
0000CE10  30 27 40 00 01 00 00 00... and     r4, r8, #1
0000CE18  41 06 20 00 D0 02 00 00... beq r4, r0, .debs_badarg_free
0000CE20  01 25 00 00 01 00 00 00... move.l  r4, #1
0000CE28  11 27 E8 00 D0 01 00 00... store.q r4, 464(r29)
                         .debs_entry_skip:
0000CE30  20 1F 38 00 FF 0F 00 00... add     r3, r7, #4095
0000CE38  01 25 00 00 00 10 00 00... move.l  r4, #4096
0000CE40  24 8E 18 20 00 00 00 00... divu    r17, r3, r4
0000CE48  11 37 E8 00 80 01 00 00... store.q r6, 384(r29)
0000CE50  11 2F E8 00 88 01 00 00... store.q r5, 392(r29)
0000CE58  11 3F E8 00 90 01 00 00... store.q r7, 400(r29)
0000CE60  11 5F E8 00 98 01 00 00... store.q r11, 408(r29)
0000CE68  11 47 E8 00 A0 01 00 00... store.q r8, 416(r29)
0000CE70  11 8F E8 00 A8 01 00 00... store.q r17, 424(r29)
0000CE78  01 0E 88 00 00 00 00 00... move.q  r1, r17
0000CE80  34 0F 08 00 0C 00 00 00... lsl     r1, r1, #12
0000CE88  52 06 E8 00 00 00 00 00... push    r29
0000CE90  52 06 90 00 00 00 00 00... push    r18
0000CE98  52 06 A0 00 00 00 00 00... push    r20
0000CEA0  52 06 A8 00 00 00 00 00... push    r21
0000CEA8  52 06 C0 00 00 00 00 00... push    r24
0000CEB0  52 06 D0 00 00 00 00 00... push    r26
0000CEB8  01 17 00 00 00 00 01 00... move.q  r2, #MEMF_CLEAR
0000CEC0  EB 01 00 00 01 00 00 00... syscall #SYS_ALLOC_MEM
0000CEC8  53 D6 00 00 00 00 00 00... pop     r26
0000CED0  53 C6 00 00 00 00 00 00... pop     r24
0000CED8  53 AE 00 00 00 00 00 00... pop     r21
0000CEE0  53 A6 00 00 00 00 00 00... pop     r20
0000CEE8  53 96 00 00 00 00 00 00... pop     r18
0000CEF0  53 EE 00 00 00 00 00 00... pop     r29
0000CEF8  42 06 10 00 C8 01 00 00... bne r2, r0, .debs_nomem_free
0000CF00  01 66 08 00 00 00 00 00... move.q  r12, r1
0000CF08  10 6F E8 00 68 01 00 00... load.q  r13, 360(r29)
0000CF10  10 77 E8 00 98 01 00 00... load.q  r14, 408(r29)
0000CF18  20 6E 68 70 00 00 00 00... add     r13, r13, r14
0000CF20  01 7E 60 00 00 00 00 00... move.q  r15, r12
0000CF28  10 87 E8 00 88 01 00 00... load.q  r16, 392(r29)
                         .debs_cp_loop:
0000CF30  41 06 80 00 38 00 00 00... beq r16, r0, .debs_store_entry
0000CF38  10 18 68 00 00 00 00 00... load.b  r3, (r13)
0000CF40  11 18 78 00 00 00 00 00... store.b r3, (r15)
0000CF48  20 6F 68 00 01 00 00 00... add     r13, r13, #1
0000CF50  20 7F 78 00 01 00 00 00... add     r15, r15, #1
0000CF58  21 87 80 00 01 00 00 00... sub     r16, r16, #1
0000CF60  40 06 00 00 D0 FF FF FF... bra     .debs_cp_loop
                         .debs_store_entry:
0000CF68  01 1E 90 00 00 00 00 00... move.q  r3, r18
0000CF70  20 1F 18 00 14 00 00 00... add     r3, r3, #20
0000CF78  11 1F E8 00 D8 01 00 00... store.q r3, 472(r29)
0000CF80  10 1D D0 00 0C 00 00 00... load.l  r3, DOS_SEGLIST_OFF_COUNT(r26)
0000CF88  01 25 00 00 65 00 00 00... move.l  r4, #DOS_SEGLIST_MAX_ENTRIES
0000CF90  44 06 18 20 58 01 00 00... bge     r3, r4, .debs_badarg_free
0000CF98  01 25 00 00 28 00 00 00... move.l  r4, #DOS_SEG_ENTRY_SZ
0000CFA0  22 26 18 20 00 00 00 00... mulu    r4, r3, r4
0000CFA8  20 27 20 00 18 00 00 00... add     r4, r4, #DOS_SEGLIST_HDR_SZ
0000CFB0  20 26 20 D0 00 00 00 00... add     r4, r4, r26
0000CFB8  11 66 20 00 00 00 00 00... store.q r12, DOS_SEG_OFF_MEMVA(r4)
0000CFC0  10 2F E8 00 80 01 00 00... load.q  r5, 384(r29)
0000CFC8  11 2F 20 00 08 00 00 00... store.q r5, DOS_SEG_OFF_TARGET(r4)
0000CFD0  10 2F E8 00 88 01 00 00... load.q  r5, 392(r29)
0000CFD8  11 2F 20 00 10 00 00 00... store.q r5, DOS_SEG_OFF_FILESZ(r4)
0000CFE0  10 2F E8 00 90 01 00 00... load.q  r5, 400(r29)
0000CFE8  11 2F 20 00 18 00 00 00... store.q r5, DOS_SEG_OFF_MEMSZ(r4)
0000CFF0  10 2F E8 00 A8 01 00 00... load.q  r5, 424(r29)
0000CFF8  11 2D 20 00 20 00 00 00... store.l r5, DOS_SEG_OFF_PAGES(r4)
0000D000  10 2F E8 00 A0 01 00 00... load.q  r5, 416(r29)
0000D008  11 2D 20 00 24 00 00 00... store.l r5, DOS_SEG_OFF_FLAGS(r4)
0000D010  20 1F 18 00 01 00 00 00... add     r3, r3, #1
0000D018  11 1D D0 00 0C 00 00 00... store.l r3, DOS_SEGLIST_OFF_COUNT(r26)
0000D020  20 97 90 00 01 00 00 00... add     r18, r18, #1
0000D028  20 C7 C0 00 38 00 00 00... add     r24, r24, #56
0000D030  11 C7 E8 00 08 02 00 00... store.q r24, 520(r29)
0000D038  40 06 00 00 D0 FA FF FF... bra     .debs_ph_loop
                         .debs_done_parse:
0000D040  10 1F E8 00 D0 01 00 00... load.q  r3, 464(r29)
0000D048  41 06 18 00 A0 00 00 00... beq r3, r0, .debs_badarg_free
0000D050  10 0F E8 00 68 01 00 00... load.q  r1, 360(r29)
0000D058  10 17 E8 00 70 01 00 00... load.q  r2, 368(r29)
0000D060  10 1F E8 00 78 01 00 00... load.q  r3, 376(r29)
0000D068  50 06 00 00 A8 00 00 00... jsr     .dos_elf_apply_relocations
0000D070  42 06 10 00 78 00 00 00... bne r2, r0, .debs_badarg_free
0000D078  10 0F E8 00 78 01 00 00... load.q  r1, 376(r29)
0000D080  10 1F E8 00 B0 00 00 00... load.q  r3, 176(r29)
0000D088  11 1E 08 00 00 00 00 00... store.q r3, DOS_SEGLIST_NEXT(r1)
0000D090  11 0F E8 00 B0 00 00 00... store.q r1, 176(r29)
0000D098  01 16 00 00 00 00 00 00... move.q  r2, r0
0000D0A0  51 00 00 00 00 00 00 00... rts
                         .debs_nomem_noobj:
0000D0A8  01 0E 00 00 00 00 00 00... move.q  r1, r0
0000D0B0  01 15 00 00 06 00 00 00... move.l  r2, #DOS_ERR_NOMEM
0000D0B8  51 00 00 00 00 00 00 00... rts
                         .debs_nomem_free:
0000D0C0  10 0F E8 00 78 01 00 00... load.q  r1, 376(r29)
0000D0C8  50 06 00 00 08 F5 FF FF... jsr     .dos_seglist_free_unlinked
0000D0D0  01 0E 00 00 00 00 00 00... move.q  r1, r0
0000D0D8  01 15 00 00 06 00 00 00... move.l  r2, #DOS_ERR_NOMEM
0000D0E0  51 00 00 00 00 00 00 00... rts
                         .debs_badarg_free:
0000D0E8  10 0F E8 00 78 01 00 00... load.q  r1, 376(r29)
0000D0F0  50 06 00 00 E0 F4 FF FF... jsr     .dos_seglist_free_unlinked
                         .debs_badarg:
0000D0F8  01 0E 00 00 00 00 00 00... move.q  r1, r0
0000D100  01 15 00 00 02 00 00 00... move.l  r2, #DOS_ERR_BADARG
0000D108  51 00 00 00 00 00 00 00... rts
                         .dos_elf_apply_relocations:
0000D110  11 0F E8 00 68 01 00 00... store.q r1, 360(r29)
0000D118  11 17 E8 00 70 01 00 00... store.q r2, 368(r29)
0000D120  11 1F E8 00 78 01 00 00... store.q r3, 376(r29)
0000D128  01 15 00 00 02 00 00 00... move.l  r2, #DOS_ERR_BADARG
0000D130  10 97 08 00 28 00 00 00... load.q  r18, 40(r1)
0000D138  41 06 90 00 78 04 00 00... beq r18, r0, .dear_ptnote_relocs
0000D140  11 97 E8 00 20 02 00 00... store.q r18, 544(r29)
0000D148  10 9B 08 00 3A 00 00 00... load.w  r19, 58(r1)
0000D150  01 5D 00 00 40 00 00 00... move.l  r11, #64
0000D158  42 06 98 58 08 08 00 00... bne     r19, r11, .dear_badarg
0000D160  11 9F E8 00 28 02 00 00... store.q r19, 552(r29)
0000D168  10 A3 08 00 3C 00 00 00... load.w  r20, 60(r1)
0000D170  41 06 A0 00 F0 07 00 00... beq r20, r0, .dear_badarg
0000D178  11 A7 E8 00 30 02 00 00... store.q r20, 560(r29)
0000D180  01 AE A0 00 00 00 00 00... move.q  r21, r20
0000D188  22 AE 98 A8 00 00 00 00... mulu    r21, r19, r21
0000D190  20 AE 90 A8 00 00 00 00... add     r21, r18, r21
0000D198  43 06 A8 90 C8 07 00 00... blt     r21, r18, .dear_badarg
0000D1A0  10 B7 E8 00 70 01 00 00... load.q  r22, 368(r29)
0000D1A8  45 06 A8 B0 B8 07 00 00... bgt     r21, r22, .dear_badarg
0000D1B0  01 AD 00 00 00 00 00 00... move.l  r21, #0
0000D1B8  11 AF E8 00 38 02 00 00... store.q r21, 568(r29)
                         .dear_sh_loop:
0000D1C0  10 A7 E8 00 30 02 00 00... load.q  r20, 560(r29)
0000D1C8  10 AF E8 00 38 02 00 00... load.q  r21, 568(r29)
0000D1D0  44 06 A8 A0 80 07 00 00... bge     r21, r20, .dear_ok
0000D1D8  10 97 E8 00 20 02 00 00... load.q  r18, 544(r29)
0000D1E0  10 9F E8 00 28 02 00 00... load.q  r19, 552(r29)
0000D1E8  01 B6 A8 00 00 00 00 00... move.q  r22, r21
0000D1F0  22 B6 98 B0 00 00 00 00... mulu    r22, r19, r22
0000D1F8  20 B6 90 B0 00 00 00 00... add     r22, r18, r22
0000D200  10 0F E8 00 68 01 00 00... load.q  r1, 360(r29)
0000D208  20 B6 08 B0 00 00 00 00... add     r22, r1, r22
0000D210  10 5D B0 00 04 00 00 00... load.l  r11, 4(r22)
0000D218  01 65 00 00 04 00 00 00... move.l  r12, #4
0000D220  42 06 58 60 70 03 00 00... bne     r11, r12, .dear_next_sh
0000D228  10 BF B0 00 18 00 00 00... load.q  r23, 24(r22)
0000D230  10 C7 B0 00 20 00 00 00... load.q  r24, 32(r22)
0000D238  10 CF B0 00 38 00 00 00... load.q  r25, 56(r22)
0000D240  01 5D 00 00 18 00 00 00... move.l  r11, #24
0000D248  42 06 C8 58 18 07 00 00... bne     r25, r11, .dear_badarg
0000D250  41 06 C0 00 40 03 00 00... beq r24, r0, .dear_next_sh
0000D258  01 D6 C0 00 00 00 00 00... move.q  r26, r24
0000D260  24 D6 D0 58 00 00 00 00... divu    r26, r26, r11
0000D268  01 DE D0 00 00 00 00 00... move.q  r27, r26
0000D270  22 DE 58 D8 00 00 00 00... mulu    r27, r11, r27
0000D278  42 06 D8 C0 E8 06 00 00... bne     r27, r24, .dear_badarg
0000D280  20 E6 B8 C0 00 00 00 00... add     r28, r23, r24
0000D288  43 06 E0 B8 D8 06 00 00... blt     r28, r23, .dear_badarg
0000D290  10 5F E8 00 70 01 00 00... load.q  r11, 368(r29)
0000D298  45 06 E0 58 C8 06 00 00... bgt     r28, r11, .dear_badarg
0000D2A0  10 0F E8 00 68 01 00 00... load.q  r1, 360(r29)
0000D2A8  20 BE 08 B8 00 00 00 00... add     r23, r1, r23
0000D2B0  20 E6 08 E0 00 00 00 00... add     r28, r1, r28
0000D2B8  11 BF E8 00 40 02 00 00... store.q r23, 576(r29)
0000D2C0  11 E7 E8 00 48 02 00 00... store.q r28, 584(r29)
0000D2C8  11 D7 E8 00 50 02 00 00... store.q r26, 592(r29)
0000D2D0  11 07 E8 00 58 02 00 00... store.q r0, 600(r29)
                         .dear_rela_loop:
0000D2D8  10 D7 E8 00 50 02 00 00... load.q  r26, 592(r29)
0000D2E0  10 DF E8 00 58 02 00 00... load.q  r27, 600(r29)
0000D2E8  44 06 D8 D0 88 02 00 00... bge     r27, r26, .dear_rela_done
0000D2F0  10 BF E8 00 40 02 00 00... load.q  r23, 576(r29)
0000D2F8  10 5D B8 00 04 00 00 00... load.l  r11, 4(r23)
0000D300  42 06 58 00 60 06 00 00... bne r11, r0, .dear_badarg
0000D308  10 5D B8 00 0C 00 00 00... load.l  r11, 12(r23)
0000D310  42 06 58 00 50 06 00 00... bne r11, r0, .dear_badarg
0000D318  10 5D B8 00 08 00 00 00... load.l  r11, 8(r23)
0000D320  01 65 00 00 01 00 00 00... move.l  r12, #1
0000D328  42 06 58 60 38 06 00 00... bne     r11, r12, .dear_badarg
0000D330  10 5D B8 00 14 00 00 00... load.l  r11, 20(r23)
0000D338  42 06 58 00 28 06 00 00... bne r11, r0, .dear_badarg
0000D340  10 5C B8 00 00 00 00 00... load.l  r11, 0(r23)
0000D348  30 67 58 00 07 00 00 00... and     r12, r11, #7
0000D350  42 06 60 00 10 06 00 00... bne r12, r0, .dear_badarg
0000D358  10 67 E8 00 18 02 00 00... load.q  r12, 536(r29)
0000D360  20 6E 58 60 00 00 00 00... add     r13, r11, r12
0000D368  43 06 68 60 F8 05 00 00... blt     r13, r12, .dear_badarg
0000D370  11 6F E8 00 70 02 00 00... store.q r13, 624(r29)
0000D378  10 5D B8 00 10 00 00 00... load.l  r11, 16(r23)
0000D380  10 67 E8 00 18 02 00 00... load.q  r12, 536(r29)
0000D388  20 6E 58 60 00 00 00 00... add     r13, r11, r12
0000D390  43 06 68 60 D0 05 00 00... blt     r13, r12, .dear_badarg
0000D398  11 6F E8 00 78 02 00 00... store.q r13, 632(r29)
0000D3A0  11 07 E8 00 88 02 00 00... store.q r0, 648(r29)
0000D3A8  11 07 E8 00 90 02 00 00... store.q r0, 656(r29)
0000D3B0  11 07 E8 00 60 02 00 00... store.q r0, 608(r29)
                         .dear_seg_loop:
0000D3B8  10 1F E8 00 78 01 00 00... load.q  r3, 376(r29)
0000D3C0  10 75 18 00 0C 00 00 00... load.l  r14, DOS_SEGLIST_OFF_COUNT(r3)
0000D3C8  10 7F E8 00 60 02 00 00... load.q  r15, 608(r29)
0000D3D0  44 06 78 70 30 01 00 00... bge     r15, r14, .dear_seg_done
0000D3D8  01 85 00 00 28 00 00 00... move.l  r16, #DOS_SEG_ENTRY_SZ
0000D3E0  22 8E 78 80 00 00 00 00... mulu    r17, r15, r16
0000D3E8  20 8F 88 00 18 00 00 00... add     r17, r17, #DOS_SEGLIST_HDR_SZ
0000D3F0  20 8E 88 18 00 00 00 00... add     r17, r17, r3
0000D3F8  10 97 88 00 08 00 00 00... load.q  r18, DOS_SEG_OFF_TARGET(r17)
0000D400  10 9F 88 00 18 00 00 00... load.q  r19, DOS_SEG_OFF_MEMSZ(r17)
0000D408  20 A6 90 98 00 00 00 00... add     r20, r18, r19
0000D410  43 06 A0 90 50 05 00 00... blt     r20, r18, .dear_badarg
0000D418  10 AF E8 00 90 02 00 00... load.q  r21, 656(r29)
0000D420  42 06 A8 00 30 00 00 00... bne r21, r0, .dear_chk_dst
0000D428  10 B7 E8 00 78 02 00 00... load.q  r22, 632(r29)
0000D430  43 06 B0 90 20 00 00 00... blt     r22, r18, .dear_chk_dst
0000D438  44 06 B0 A0 18 00 00 00... bge     r22, r20, .dear_chk_dst
0000D440  01 AD 00 00 01 00 00 00... move.l  r21, #1
0000D448  11 AF E8 00 90 02 00 00... store.q r21, 656(r29)
                         .dear_chk_dst:
0000D450  10 AF E8 00 88 02 00 00... load.q  r21, 648(r29)
0000D458  42 06 A8 00 88 00 00 00... bne r21, r0, .dear_next_seg
0000D460  10 B7 E8 00 70 02 00 00... load.q  r22, 624(r29)
0000D468  43 06 B0 90 78 00 00 00... blt     r22, r18, .dear_next_seg
0000D470  01 BE B0 00 00 00 00 00... move.q  r23, r22
0000D478  20 BF B8 00 08 00 00 00... add     r23, r23, #8
0000D480  45 06 B8 A0 60 00 00 00... bgt     r23, r20, .dear_next_seg
0000D488  10 C5 88 00 24 00 00 00... load.l  r24, DOS_SEG_OFF_FLAGS(r17)
0000D490  30 CF C0 00 02 00 00 00... and     r25, r24, #2
0000D498  41 06 C8 00 C8 04 00 00... beq r25, r0, .dear_badarg
0000D4A0  30 CF C0 00 01 00 00 00... and     r25, r24, #1
0000D4A8  42 06 C8 00 B8 04 00 00... bne r25, r0, .dear_badarg
0000D4B0  10 D6 88 00 00 00 00 00... load.q  r26, DOS_SEG_OFF_MEMVA(r17)
0000D4B8  21 B6 B0 90 00 00 00 00... sub     r22, r22, r18
0000D4C0  20 D6 D0 B0 00 00 00 00... add     r26, r26, r22
0000D4C8  11 D7 E8 00 80 02 00 00... store.q r26, 640(r29)
0000D4D0  01 AD 00 00 01 00 00 00... move.l  r21, #1
0000D4D8  11 AF E8 00 88 02 00 00... store.q r21, 648(r29)
                         .dear_next_seg:
0000D4E0  10 7F E8 00 60 02 00 00... load.q  r15, 608(r29)
0000D4E8  20 7F 78 00 01 00 00 00... add     r15, r15, #1
0000D4F0  11 7F E8 00 60 02 00 00... store.q r15, 608(r29)
0000D4F8  40 06 00 00 C0 FE FF FF... bra     .dear_seg_loop
                         .dear_seg_done:
0000D500  10 AF E8 00 88 02 00 00... load.q  r21, 648(r29)
0000D508  41 06 A8 00 58 04 00 00... beq r21, r0, .dear_badarg
0000D510  10 AF E8 00 90 02 00 00... load.q  r21, 656(r29)
0000D518  41 06 A8 00 48 04 00 00... beq r21, r0, .dear_badarg
0000D520  10 B7 E8 00 80 02 00 00... load.q  r22, 640(r29)
0000D528  10 BF E8 00 78 02 00 00... load.q  r23, 632(r29)
0000D530  11 BE B0 00 00 00 00 00... store.q r23, (r22)
0000D538  10 BF E8 00 40 02 00 00... load.q  r23, 576(r29)
0000D540  20 BF B8 00 18 00 00 00... add     r23, r23, #24
0000D548  11 BF E8 00 40 02 00 00... store.q r23, 576(r29)
0000D550  10 DF E8 00 58 02 00 00... load.q  r27, 600(r29)
0000D558  20 DF D8 00 01 00 00 00... add     r27, r27, #1
0000D560  11 DF E8 00 58 02 00 00... store.q r27, 600(r29)
0000D568  40 06 00 00 70 FD FF FF... bra     .dear_rela_loop
                         .dear_rela_done:
0000D570  10 0F E8 00 68 01 00 00... load.q  r1, 360(r29)
0000D578  10 5F 08 00 28 00 00 00... load.q  r11, 40(r1)
0000D580  41 06 58 00 D0 03 00 00... beq r11, r0, .dear_ok
0000D588  40 06 00 00 08 00 00 00... bra     .dear_next_sh
                         .dear_next_sh:
0000D590  10 AF E8 00 38 02 00 00... load.q  r21, 568(r29)
0000D598  20 AF A8 00 01 00 00 00... add     r21, r21, #1
0000D5A0  11 AF E8 00 38 02 00 00... store.q r21, 568(r29)
0000D5A8  40 06 00 00 18 FC FF FF... bra     .dear_sh_loop
                         .dear_ptnote_relocs:
0000D5B0  10 97 08 00 20 00 00 00... load.q  r18, 32(r1)
0000D5B8  11 97 E8 00 20 02 00 00... store.q r18, 544(r29)
0000D5C0  10 9B 08 00 36 00 00 00... load.w  r19, 54(r1)
0000D5C8  01 5D 00 00 38 00 00 00... move.l  r11, #56
0000D5D0  42 06 98 58 90 03 00 00... bne     r19, r11, .dear_badarg
0000D5D8  11 9F E8 00 28 02 00 00... store.q r19, 552(r29)
0000D5E0  10 A3 08 00 38 00 00 00... load.w  r20, 56(r1)
0000D5E8  41 06 A0 00 78 03 00 00... beq r20, r0, .dear_badarg
0000D5F0  11 A7 E8 00 30 02 00 00... store.q r20, 560(r29)
0000D5F8  01 AE A0 00 00 00 00 00... move.q  r21, r20
0000D600  22 AE 98 A8 00 00 00 00... mulu    r21, r19, r21
0000D608  20 AE 90 A8 00 00 00 00... add     r21, r18, r21
0000D610  43 06 A8 90 50 03 00 00... blt     r21, r18, .dear_badarg
0000D618  10 B7 E8 00 70 01 00 00... load.q  r22, 368(r29)
0000D620  45 06 A8 B0 40 03 00 00... bgt     r21, r22, .dear_badarg
0000D628  11 07 E8 00 38 02 00 00... store.q r0, 568(r29)
0000D630  11 07 E8 00 40 02 00 00... store.q r0, 576(r29)
                         .dear_ph_loop:
0000D638  10 A7 E8 00 30 02 00 00... load.q  r20, 560(r29)
0000D640  10 AF E8 00 38 02 00 00... load.q  r21, 568(r29)
0000D648  44 06 A8 A0 10 01 00 00... bge     r21, r20, .dear_no_ptnote_rela
0000D650  10 97 E8 00 20 02 00 00... load.q  r18, 544(r29)
0000D658  10 9F E8 00 28 02 00 00... load.q  r19, 552(r29)
0000D660  01 B6 A8 00 00 00 00 00... move.q  r22, r21
0000D668  22 B6 98 B0 00 00 00 00... mulu    r22, r19, r22
0000D670  20 B6 90 B0 00 00 00 00... add     r22, r18, r22
0000D678  10 0F E8 00 68 01 00 00... load.q  r1, 360(r29)
0000D680  20 B6 08 B0 00 00 00 00... add     r22, r1, r22
0000D688  10 5C B0 00 00 00 00 00... load.l  r11, (r22)
0000D690  01 65 00 00 04 00 00 00... move.l  r12, #4
0000D698  42 06 58 60 A0 00 00 00... bne     r11, r12, .dear_next_ph
0000D6A0  10 BF E8 00 40 02 00 00... load.q  r23, 576(r29)
0000D6A8  20 BF B8 00 01 00 00 00... add     r23, r23, #1
0000D6B0  11 BF E8 00 40 02 00 00... store.q r23, 576(r29)
0000D6B8  01 5D 00 00 01 00 00 00... move.l  r11, #1
0000D6C0  45 06 B8 58 A0 02 00 00... bgt     r23, r11, .dear_badarg
0000D6C8  10 BF B0 00 08 00 00 00... load.q  r23, 8(r22)
0000D6D0  10 C7 B0 00 20 00 00 00... load.q  r24, 32(r22)
0000D6D8  01 5D 00 00 94 00 00 00... move.l  r11, #148
0000D6E0  45 06 C0 58 10 00 00 00... bgt     r24, r11, .dear_ptnote_maybe_rela
0000D6E8  40 06 00 00 68 02 00 00... bra     .dear_ok
                         .dear_ptnote_maybe_rela:
0000D6F0  20 CE B8 C0 00 00 00 00... add     r25, r23, r24
0000D6F8  43 06 C8 B8 68 02 00 00... blt     r25, r23, .dear_badarg
0000D700  10 5F E8 00 70 01 00 00... load.q  r11, 368(r29)
0000D708  45 06 C8 58 58 02 00 00... bgt     r25, r11, .dear_badarg
0000D710  10 0F E8 00 68 01 00 00... load.q  r1, 360(r29)
0000D718  20 BE 08 B8 00 00 00 00... add     r23, r1, r23
0000D720  20 CE 08 C8 00 00 00 00... add     r25, r1, r25
0000D728  11 BF E8 00 48 02 00 00... store.q r23, 584(r29)
0000D730  11 CF E8 00 50 02 00 00... store.q r25, 592(r29)
                         .dear_next_ph:
0000D738  10 AF E8 00 38 02 00 00... load.q  r21, 568(r29)
0000D740  20 AF A8 00 01 00 00 00... add     r21, r21, #1
0000D748  11 AF E8 00 38 02 00 00... store.q r21, 568(r29)
0000D750  40 06 00 00 E8 FE FF FF... bra     .dear_ph_loop
                         .dear_no_ptnote_rela:
0000D758  10 BF E8 00 40 02 00 00... load.q  r23, 576(r29)
0000D760  41 06 B8 00 F0 01 00 00... beq r23, r0, .dear_ok
0000D768  10 DF E8 00 48 02 00 00... load.q  r27, 584(r29)
0000D770  10 F7 E8 00 50 02 00 00... load.q  r30, 592(r29)
                         .dear_note_loop:
0000D778  44 06 D8 F0 D8 01 00 00... bge     r27, r30, .dear_ok
0000D780  01 6E D8 00 00 00 00 00... move.q  r13, r27
0000D788  20 6F 68 00 0C 00 00 00... add     r13, r13, #12
0000D790  45 06 68 F0 C0 01 00 00... bgt     r13, r30, .dear_ok
0000D798  10 CC D8 00 00 00 00 00... load.l  r25, (r27)
0000D7A0  10 C5 D8 00 04 00 00 00... load.l  r24, 4(r27)
0000D7A8  01 6E C8 00 00 00 00 00... move.q  r13, r25
0000D7B0  20 6F 68 00 03 00 00 00... add     r13, r13, #3
0000D7B8  30 6F 68 00 FC FF FF FF... and     r13, r13, #0xFFFFFFFC
0000D7C0  01 D6 C0 00 00 00 00 00... move.q  r26, r24
0000D7C8  20 D7 D0 00 03 00 00 00... add     r26, r26, #3
0000D7D0  30 D7 D0 00 FC FF FF FF... and     r26, r26, #0xFFFFFFFC
0000D7D8  01 E6 D8 00 00 00 00 00... move.q  r28, r27
0000D7E0  20 E7 E0 00 0C 00 00 00... add     r28, r28, #12
0000D7E8  20 E6 E0 68 00 00 00 00... add     r28, r28, r13
0000D7F0  01 96 E0 00 00 00 00 00... move.q  r18, r28
0000D7F8  20 96 90 D0 00 00 00 00... add     r18, r18, r26
0000D800  45 06 90 F0 50 01 00 00... bgt     r18, r30, .dear_ok
0000D808  01 65 00 00 08 00 00 00... move.l  r12, #8
0000D810  42 06 C8 60 30 01 00 00... bne     r25, r12, .dear_note_next
0000D818  10 5D D8 00 08 00 00 00... load.l  r11, 8(r27)
0000D820  01 65 00 00 31 52 4F 49... move.l  r12, #0x494F5231
0000D828  42 06 58 60 18 01 00 00... bne     r11, r12, .dear_note_next
0000D830  20 77 D8 00 0C 00 00 00... add     r14, r27, #12
0000D838  50 06 00 00 90 B5 FF FF... jsr     .dos_pmp_is_iosrel_note_name
0000D840  42 06 B8 00 00 01 00 00... bne r23, r0, .dear_note_next
0000D848  01 5D 00 00 20 00 00 00... move.l  r11, #32
0000D850  43 06 C0 58 10 01 00 00... blt     r24, r11, .dear_badarg
0000D858  10 5C E0 00 00 00 00 00... load.l  r11, (r28)
0000D860  01 65 00 00 49 4F 53 52... move.l  r12, #0x52534F49
0000D868  42 06 58 60 F8 00 00 00... bne     r11, r12, .dear_badarg
0000D870  10 5B E0 00 04 00 00 00... load.w  r11, 4(r28)
0000D878  01 65 00 00 01 00 00 00... move.l  r12, #1
0000D880  42 06 58 60 E0 00 00 00... bne     r11, r12, .dear_badarg
0000D888  10 5B E0 00 06 00 00 00... load.w  r11, 6(r28)
0000D890  01 65 00 00 20 00 00 00... move.l  r12, #32
0000D898  42 06 58 60 C8 00 00 00... bne     r11, r12, .dear_badarg
0000D8A0  10 5B E0 00 08 00 00 00... load.w  r11, 8(r28)
0000D8A8  01 65 00 00 18 00 00 00... move.l  r12, #24
0000D8B0  42 06 58 60 B0 00 00 00... bne     r11, r12, .dear_badarg
0000D8B8  10 5B E0 00 0A 00 00 00... load.w  r11, 10(r28)
0000D8C0  42 06 58 00 A0 00 00 00... bne r11, r0, .dear_badarg
0000D8C8  10 5F E0 00 10 00 00 00... load.q  r11, 16(r28)
0000D8D0  42 06 58 00 90 00 00 00... bne r11, r0, .dear_badarg
0000D8D8  10 5F E0 00 18 00 00 00... load.q  r11, 24(r28)
0000D8E0  42 06 58 00 80 00 00 00... bne r11, r0, .dear_badarg
0000D8E8  10 D5 E0 00 0C 00 00 00... load.l  r26, 12(r28)
0000D8F0  01 5E D0 00 00 00 00 00... move.q  r11, r26
0000D8F8  22 5E 60 58 00 00 00 00... mulu    r11, r12, r11
0000D900  20 5F 58 00 20 00 00 00... add     r11, r11, #32
0000D908  42 06 58 C0 58 00 00 00... bne     r11, r24, .dear_badarg
0000D910  41 06 D0 00 40 00 00 00... beq r26, r0, .dear_ok
0000D918  20 E7 E0 00 20 00 00 00... add     r28, r28, #32
0000D920  11 E7 E8 00 40 02 00 00... store.q r28, 576(r29)
0000D928  11 D7 E8 00 50 02 00 00... store.q r26, 592(r29)
0000D930  11 07 E8 00 58 02 00 00... store.q r0, 600(r29)
0000D938  40 06 00 00 A0 F9 FF FF... bra     .dear_rela_loop
                         .dear_note_next:
0000D940  01 DE 90 00 00 00 00 00... move.q  r27, r18
0000D948  40 06 00 00 30 FE FF FF... bra     .dear_note_loop
                         .dear_ok:
0000D950  01 16 00 00 00 00 00 00... move.q  r2, r0
0000D958  51 00 00 00 00 00 00 00... rts
                         .dear_badarg:
0000D960  01 15 00 00 02 00 00 00... move.l  r2, #DOS_ERR_BADARG
0000D968  51 00 00 00 00 00 00 00... rts
                         prog_doslib_code_end:
                         prog_doslib_data:
0000D970  63 6F 6E 73 6F 6C 65 2E... dc.b    "console.handler", 0
0000D980  64 6F 73 2E 6C 69 62 72... dc.b    "dos.library", 0, 0, 0, 0, 0
0000D990  64 6F 73 2E 6C 69 62 72... dc.b    "dos.library M14 [Task ", 0
                         ds.b    7  ; 7 bytes reserved
                         ds.b    64  ; 64 bytes reserved
                         ds.b    8  ; 8 bytes reserved
                         ds.b    8  ; 8 bytes reserved
                         ds.b    8  ; 8 bytes reserved
                         ds.b    8  ; 8 bytes reserved
                         ds.b    8  ; 8 bytes reserved
                         ds.b    8  ; 8 bytes reserved
                         ds.b    8  ; 8 bytes reserved
                         ds.b    8  ; 8 bytes reserved
                         ds.b    704  ; 704 bytes reserved
                         prog_doslib_seed_readme_name:
0000DCEE  72 65 61 64 6D 65 00 00... dc.b    "readme", 0, 0, 0, 0, 0, 0, 0, 0, 0, 0
                         prog_doslib_seed_readme_body:
0000DCFE  49 6E 74 75 69 74 69 6F... dc.b    "Intuition OS", 0x0D, 0x0A, 0
                         ds.b    1  ; 1 bytes reserved
                         prog_doslib_seed_name_version:
0000DD0E  43 2F 56 65 72 73 69 6F... dc.b    "C/Version", 0
                         prog_doslib_seed_name_avail:
0000DD18  43 2F 41 76 61 69 6C 00... dc.b    "C/Avail", 0
                         prog_doslib_seed_name_dir:
0000DD20  43 2F 44 69 72 00        dc.b    "C/Dir", 0
                         prog_doslib_seed_name_type:
0000DD26  43 2F 54 79 70 65 00     dc.b    "C/Type", 0
                         prog_doslib_seed_name_echo:
0000DD2D  43 2F 45 63 68 6F 00     dc.b    "C/Echo", 0
                         prog_doslib_seed_name_startup:
0000DD34  53 2F 53 74 61 72 74 75... dc.b    "S/Startup-Sequence", 0
                         ds.b    1  ; 1 bytes reserved
                         ds.b    32  ; 32 bytes reserved
                         prog_doslib_seed_name_assign:
0000DD68  43 2F 41 73 73 69 67 6E... dc.b    "C/Assign", 0
                         prog_doslib_seed_name_list:
0000DD71  43 2F 4C 69 73 74 00     dc.b    "C/List", 0
                         prog_doslib_seed_name_which:
0000DD78  43 2F 57 68 69 63 68 00... dc.b    "C/Which", 0
                         prog_doslib_seed_name_help_cmd:
0000DD80  43 2F 48 65 6C 70 00     dc.b    "C/Help", 0
                         prog_doslib_seed_name_resident:
0000DD87  43 2F 52 65 73 69 64 65... dc.b    "C/Resident", 0
                         prog_doslib_seed_name_help_text:
0000DD92  53 2F 48 65 6C 70 00     dc.b    "S/Help", 0
                         prog_doslib_seed_name_loader_info:
0000DD99  4C 2F 4C 6F 61 64 65 72... dc.b    "L/Loader-Info", 0
                         prog_doslib_seed_name_input:
0000DDA7  44 45 56 53 2F 69 6E 70... dc.b    "DEVS/input.device", 0
                         prog_doslib_seed_name_graphics:
0000DDB9  4C 49 42 53 2F 67 72 61... dc.b    "LIBS/graphics.library", 0
                         prog_doslib_seed_name_gfxdemo:
0000DDCF  43 2F 47 66 78 44 65 6D... dc.b    "C/GfxDemo", 0
                         prog_doslib_seed_name_intuition:
0000DDD9  4C 49 42 53 2F 69 6E 74... dc.b    "LIBS/intuition.library", 0
                         prog_doslib_seed_name_about:
0000DDF0  43 2F 41 62 6F 75 74 00... dc.b    "C/About", 0
                         prog_doslib_seed_name_hwres:
0000DDF8  52 45 53 4F 55 52 43 45... dc.b    "RESOURCES/hardware.resource", 0
                         prog_doslib_seed_name_elfseg:
0000DE14  43 2F 45 6C 66 53 65 67... dc.b    "C/ElfSeg", 0
                         prog_doslib_boot_shell_path:
0000DE1D  49 4F 53 53 59 53 3A 54... dc.b    "IOSSYS:Tools/Shell", 0
                         prog_doslib_boot_shell_resolved:
0000DE30  53 59 53 2F 49 4F 53 53... dc.b    "SYS/IOSSYS/Tools/Shell", 0
                         prog_doslib_boot_shell_relpath:
0000DE47  49 4F 53 53 59 53 2F 54... dc.b    "IOSSYS/Tools/Shell", 0
                         prog_doslib_empty_args:
0000DE5A  00                       dc.b    0
                         align   8  ; 5 bytes padding
                         prog_doslib_assign_default_c:
0000DE60  43 00                    dc.b    "C", 0
                         prog_doslib_assign_builtin_sys_row:
0000DE62  53 59 53 00              dc.b    "SYS", 0
                         ds.b    12  ; 12 bytes reserved
0000DE72  53 59 53 2F 00           dc.b    "SYS/", 0
                         ds.b    11  ; 11 bytes reserved
                         prog_doslib_assign_builtin_iossys_query_row:
0000DE82  49 4F 53 53 59 53 00     dc.b    "IOSSYS", 0
                         ds.b    9  ; 9 bytes reserved
0000DE92  53 59 53 3A 49 4F 53 53... dc.b    "SYS:IOSSYS/", 0
                         ds.b    4  ; 4 bytes reserved
                         prog_doslib_assign_builtin_iossys_row:
0000DEA2  49 4F 53 53 59 53 00     dc.b    "IOSSYS", 0
                         ds.b    9  ; 9 bytes reserved
0000DEB2  53 59 53 2F 49 4F 53 53... dc.b    "SYS/IOSSYS/", 0
                         ds.b    4  ; 4 bytes reserved
                         prog_doslib_hostfs_public_sys:
0000DEC2  53 59 53 2F 00           dc.b    "SYS/", 0
                         prog_doslib_hostfs_public_c:
0000DEC7  43 2F 00                 dc.b    "C/", 0
                         prog_doslib_hostfs_public_s:
0000DECA  53 2F 00                 dc.b    "S/", 0
                         prog_doslib_hostfs_public_l:
0000DECD  4C 2F 00                 dc.b    "L/", 0
                         prog_doslib_hostfs_public_libs:
0000DED0  4C 49 42 53 2F 00        dc.b    "LIBS/", 0
                         prog_doslib_hostfs_public_devs:
0000DED6  44 45 56 53 2F 00        dc.b    "DEVS/", 0
                         prog_doslib_hostfs_public_resources:
0000DEDC  52 45 53 4F 55 52 43 45... dc.b    "RESOURCES/", 0
                         prog_doslib_hostfs_rel_c:
0000DEE7  49 4F 53 53 59 53 2F 43... dc.b    "IOSSYS/C/", 0
                         prog_doslib_hostfs_rel_s:
0000DEF1  49 4F 53 53 59 53 2F 53... dc.b    "IOSSYS/S/", 0
                         prog_doslib_hostfs_rel_l:
0000DEFB  49 4F 53 53 59 53 2F 4C... dc.b    "IOSSYS/L/", 0
                         prog_doslib_hostfs_rel_libs:
0000DF05  49 4F 53 53 59 53 2F 4C... dc.b    "IOSSYS/LIBS/", 0
                         prog_doslib_hostfs_rel_devs:
0000DF12  49 4F 53 53 59 53 2F 44... dc.b    "IOSSYS/DEVS/", 0
                         prog_doslib_hostfs_rel_resources:
0000DF1F  49 4F 53 53 59 53 2F 52... dc.b    "IOSSYS/RESOURCES/", 0
                         prog_doslib_assign_table:
0000DF31  52 41 4D 00              dc.b    "RAM", 0
                         ds.b    12  ; 12 bytes reserved
0000DF41  00                       dc.b    0
                         ds.b    15  ; 15 bytes reserved
0000DF51  43 00                    dc.b    "C", 0
                         ds.b    14  ; 14 bytes reserved
0000DF61  43 2F 00                 dc.b    "C/", 0
                         ds.b    13  ; 13 bytes reserved
0000DF71  4C 00                    dc.b    "L", 0
                         ds.b    14  ; 14 bytes reserved
0000DF81  4C 2F 00                 dc.b    "L/", 0
                         ds.b    13  ; 13 bytes reserved
0000DF91  4C 49 42 53 00           dc.b    "LIBS", 0
                         ds.b    11  ; 11 bytes reserved
0000DFA1  4C 49 42 53 2F 00        dc.b    "LIBS/", 0
                         ds.b    10  ; 10 bytes reserved
0000DFB1  44 45 56 53 00           dc.b    "DEVS", 0
                         ds.b    11  ; 11 bytes reserved
0000DFC1  44 45 56 53 2F 00        dc.b    "DEVS/", 0
                         ds.b    10  ; 10 bytes reserved
0000DFD1  54 00                    dc.b    "T", 0
                         ds.b    14  ; 14 bytes reserved
0000DFE1  54 2F 00                 dc.b    "T/", 0
                         ds.b    13  ; 13 bytes reserved
0000DFF1  53 00                    dc.b    "S", 0
                         ds.b    14  ; 14 bytes reserved
0000E001  53 2F 00                 dc.b    "S/", 0
                         ds.b    13  ; 13 bytes reserved
0000E011  52 45 53 4F 55 52 43 45... dc.b    "RESOURCES", 0
                         ds.b    6  ; 6 bytes reserved
0000E021  52 45 53 4F 55 52 43 45... dc.b    "RESOURCES/", 0
                         ds.b    5  ; 5 bytes reserved
                         ds.b    (DOS_ASSIGN_ENTRY_SZ * (DOS_ASSIGN_TABLE_COUNT - DOS_ASSIGN_DEFAULT_COUNT))  ; 256 bytes reserved
                         prog_doslib_assign_overlay:
                         ds.b    (DOS_ASSIGN_OVERLAY_ENTRY_SZ * DOS_ASSIGN_TABLE_COUNT)  ; 1152 bytes reserved
                         prog_doslib_assign_base_table:
0000E5B1  00 00 00 00 00 00 00 00... dc.q    0
0000E5B9  00 00 00 00 00 00 00 00... dc.q    0
0000E5C1  57 05 00 00 00 00 00 00... dc.q    (prog_doslib_hostfs_public_c - prog_doslib_data)
0000E5C9  77 05 00 00 00 00 00 00... dc.q    (prog_doslib_hostfs_rel_c - prog_doslib_data)
0000E5D1  5D 05 00 00 00 00 00 00... dc.q    (prog_doslib_hostfs_public_l - prog_doslib_data)
0000E5D9  8B 05 00 00 00 00 00 00... dc.q    (prog_doslib_hostfs_rel_l - prog_doslib_data)
0000E5E1  60 05 00 00 00 00 00 00... dc.q    (prog_doslib_hostfs_public_libs - prog_doslib_data)
0000E5E9  95 05 00 00 00 00 00 00... dc.q    (prog_doslib_hostfs_rel_libs - prog_doslib_data)
0000E5F1  66 05 00 00 00 00 00 00... dc.q    (prog_doslib_hostfs_public_devs - prog_doslib_data)
0000E5F9  A2 05 00 00 00 00 00 00... dc.q    (prog_doslib_hostfs_rel_devs - prog_doslib_data)
0000E601  00 00 00 00 00 00 00 00... dc.q    0
0000E609  00 00 00 00 00 00 00 00... dc.q    0
0000E611  5A 05 00 00 00 00 00 00... dc.q    (prog_doslib_hostfs_public_s - prog_doslib_data)
0000E619  81 05 00 00 00 00 00 00... dc.q    (prog_doslib_hostfs_rel_s - prog_doslib_data)
0000E621  6C 05 00 00 00 00 00 00... dc.q    (prog_doslib_hostfs_public_resources - prog_doslib_data)
0000E629  AF 05 00 00 00 00 00 00... dc.q    (prog_doslib_hostfs_rel_resources - prog_doslib_data)
                         align   8  ; 7 bytes padding
                         prog_version:
0000E638  00 00 00 00 00 00 00 00... dc.l    0, 0
0000E640  30 11 00 00              dc.l    prog_version_code_end - prog_version_code
0000E644  38 05 00 00              dc.l    prog_version_data_end - prog_version_data
0000E648  00 00 00 00              dc.l    0
                         ds.b    12  ; 12 bytes reserved
                         prog_version_code:
0000E658  21 FF F8 00 10 00 00 00... sub     sp, sp, #16
                         .ver_preamble:
0000E660  10 EF F8 00 08 00 00 00... load.q  r29, 8(sp)
0000E668  11 EE F8 00 00 00 00 00... store.q r29, (sp)
                         .ver_open_console_retry:
0000E670  10 EE F8 00 00 00 00 00... load.q  r29, (sp)
0000E678  01 0E E8 00 00 00 00 00... move.q  r1, r29
0000E680  01 15 00 00 00 00 00 00... move.l  r2, #0
0000E688  EB 01 00 00 10 00 00 00... syscall #SYS_FIND_PORT
0000E690  10 EE F8 00 00 00 00 00... load.q  r29, (sp)
0000E698  41 06 10 00 20 00 00 00... beq r2, r0, .ver_open_console_ok
0000E6A0  EB 01 00 00 1A 00 00 00... syscall #SYS_YIELD
0000E6A8  10 EE F8 00 00 00 00 00... load.q  r29, (sp)
0000E6B0  40 06 00 00 C0 FF FF FF... bra     .ver_open_console_retry
                         .ver_open_console_ok:
0000E6B8  11 0F E8 00 10 00 00 00... store.q r1, 16(r29)
                         .ver_open_exec_retry:
0000E6C0  10 EE F8 00 00 00 00 00... load.q  r29, (sp)
0000E6C8  20 0F E8 00 20 00 00 00... add     r1, r29, #32
0000E6D0  01 15 00 00 00 00 00 00... move.l  r2, #0
0000E6D8  EB 01 00 00 10 00 00 00... syscall #SYS_FIND_PORT
0000E6E0  10 EE F8 00 00 00 00 00... load.q  r29, (sp)
0000E6E8  41 06 10 00 20 00 00 00... beq r2, r0, .ver_open_exec_ok
0000E6F0  EB 01 00 00 1A 00 00 00... syscall #SYS_YIELD
0000E6F8  10 EE F8 00 00 00 00 00... load.q  r29, (sp)
0000E700  40 06 00 00 C0 FF FF FF... bra     .ver_open_exec_retry
                         .ver_open_exec_ok:
0000E708  11 0F E8 00 18 00 00 00... store.q r1, 24(r29)
0000E710  01 0E 00 00 00 00 00 00... move.q  r1, r0
0000E718  01 16 00 00 00 00 00 00... move.q  r2, r0
0000E720  EB 01 00 00 0F 00 00 00... syscall #SYS_CREATE_PORT
0000E728  10 EE F8 00 00 00 00 00... load.q  r29, (sp)
0000E730  11 0F E8 00 40 00 00 00... store.q r1, 64(r29)
0000E738  01 0D 00 00 00 10 00 00... move.l  r1, #4096
0000E740  01 15 00 00 01 00 01 00... move.l  r2, #0x10001
0000E748  EB 01 00 00 01 00 00 00... syscall #SYS_ALLOC_MEM
0000E750  10 EE F8 00 00 00 00 00... load.q  r29, (sp)
0000E758  42 06 10 00 10 03 00 00... bne r2, r0, .ver_exit
0000E760  11 0F E8 00 48 00 00 00... store.q r1, 72(r29)
0000E768  11 1F E8 00 50 00 00 00... store.q r3, 80(r29)
0000E770  01 0D 00 00 00 10 00 00... move.l  r1, #4096
0000E778  01 15 00 00 01 00 01 00... move.l  r2, #0x10001
0000E780  EB 01 00 00 01 00 00 00... syscall #SYS_ALLOC_MEM
0000E788  10 EE F8 00 00 00 00 00... load.q  r29, (sp)
0000E790  42 06 10 00 D8 02 00 00... bne r2, r0, .ver_exit
0000E798  11 0F E8 00 58 00 00 00... store.q r1, 88(r29)
0000E7A0  11 1F E8 00 60 00 00 00... store.q r3, 96(r29)
0000E7A8  20 77 E8 00 00 0C 00 00... add     r14, r29, #DATA_ARGS_OFFSET
                         .ver_skip_ws:
0000E7B0  10 78 70 00 00 00 00 00... load.b  r15, (r14)
0000E7B8  41 06 78 00 20 01 00 00... beq r15, r0, .ver_no_args
0000E7C0  01 85 00 00 20 00 00 00... move.l  r16, #0x20
0000E7C8  42 06 78 80 18 00 00 00... bne     r15, r16, .ver_have_arg
0000E7D0  20 77 70 00 01 00 00 00... add     r14, r14, #1
0000E7D8  40 06 00 00 D8 FF FF FF... bra     .ver_skip_ws
                         .ver_have_arg:
0000E7E0  20 A7 E8 00 74 02 00 00... add     r20, r29, #(prog_version_token_scratch - prog_version_data)
0000E7E8  01 AD 00 00 00 00 00 00... move.l  r21, #0
0000E7F0  01 B5 00 00 00 00 00 00... move.l  r22, #0
                         .ver_copy_arg:
0000E7F8  10 78 70 00 00 00 00 00... load.b  r15, (r14)
0000E800  41 06 78 00 60 00 00 00... beq r15, r0, .ver_copy_arg_done
0000E808  01 85 00 00 20 00 00 00... move.l  r16, #0x20
0000E810  41 06 78 80 50 00 00 00... beq     r15, r16, .ver_copy_arg_done
0000E818  01 85 00 00 3A 00 00 00... move.l  r16, #0x3A
0000E820  42 06 78 80 10 00 00 00... bne     r15, r16, .ver_copy_arg_not_colon
0000E828  01 B5 00 00 01 00 00 00... move.l  r22, #1
                         .ver_copy_arg_not_colon:
0000E830  11 78 A0 00 00 00 00 00... store.b r15, (r20)
0000E838  20 A7 A0 00 01 00 00 00... add     r20, r20, #1
0000E840  20 77 70 00 01 00 00 00... add     r14, r14, #1
0000E848  20 AF A8 00 01 00 00 00... add     r21, r21, #1
0000E850  01 85 00 00 3F 00 00 00... move.l  r16, #63
0000E858  43 06 A8 80 A0 FF FF FF... blt     r21, r16, .ver_copy_arg
                         .ver_copy_arg_done:
0000E860  11 00 A0 00 00 00 00 00... store.b r0, (r20)
0000E868  20 0F E8 00 74 02 00 00... add     r1, r29, #(prog_version_token_scratch - prog_version_data)
0000E870  50 06 00 00 B8 07 00 00... jsr     .ver_is_all
0000E878  42 06 08 00 10 01 00 00... bne r1, r0, .ver_all
0000E880  42 06 B0 00 38 00 00 00... bne r22, r0, .ver_by_path
0000E888  20 0F E8 00 74 02 00 00... add     r1, r29, #(prog_version_token_scratch - prog_version_data)
0000E890  50 06 00 00 E8 01 00 00... jsr     .ver_query_resident
0000E898  41 06 10 00 88 01 00 00... beq r2, r0, .ver_print_iosm_base
0000E8A0  50 06 00 00 58 04 00 00... jsr     .ver_try_fallbacks
0000E8A8  41 06 10 00 90 01 00 00... beq r2, r0, .ver_print_iosm_ptr
0000E8B0  40 06 00 00 98 01 00 00... bra     .ver_not_found
                         .ver_by_path:
0000E8B8  20 0F E8 00 74 02 00 00... add     r1, r29, #(prog_version_token_scratch - prog_version_data)
0000E8C0  50 06 00 00 B8 02 00 00... jsr     .ver_parse_manifest
0000E8C8  41 06 10 00 70 01 00 00... beq r2, r0, .ver_print_iosm_ptr
0000E8D0  40 06 00 00 78 01 00 00... bra     .ver_not_found
                         .ver_no_args:
0000E8D8  20 0F E8 00 20 00 00 00... add     r1, r29, #32
0000E8E0  50 06 00 00 98 01 00 00... jsr     .ver_query_resident
0000E8E8  42 06 10 00 80 01 00 00... bne r2, r0, .ver_exit
0000E8F0  10 A6 F8 00 00 00 00 00... load.q  r20, (sp)
0000E8F8  20 A7 A0 00 70 00 00 00... add     r20, r20, #112
0000E900  50 06 00 00 90 0D 00 00... jsr     .ver_send_string
0000E908  10 A7 E8 00 48 00 00 00... load.q  r20, 72(r29)
0000E910  20 A7 A0 00 0A 00 00 00... add     r20, r20, #IOSM_OFF_VERSION
0000E918  50 06 00 00 E0 09 00 00... jsr     .ver_send_version_from
0000E920  50 06 00 00 B0 0C 00 00... jsr     .ver_send_crlf
0000E928  20 A7 E8 00 20 00 00 00... add     r20, r29, #32
0000E930  50 06 00 00 60 0D 00 00... jsr     .ver_send_string
0000E938  01 0D 00 00 20 00 00 00... move.l  r1, #0x20
0000E940  50 06 00 00 B8 0D 00 00... jsr     .ver_send_char
0000E948  10 A7 E8 00 48 00 00 00... load.q  r20, 72(r29)
0000E950  20 A7 A0 00 0A 00 00 00... add     r20, r20, #IOSM_OFF_VERSION
0000E958  50 06 00 00 A0 09 00 00... jsr     .ver_send_version_from
0000E960  20 A7 E8 00 74 04 00 00... add     r20, r29, #(prog_version_build_suffix - prog_version_data)
0000E968  50 06 00 00 28 0D 00 00... jsr     .ver_send_string
0000E970  20 A7 E8 00 96 04 00 00... add     r20, r29, #(prog_version_copyright_line - prog_version_data)
0000E978  50 06 00 00 18 0D 00 00... jsr     .ver_send_string
0000E980  40 06 00 00 E8 00 00 00... bra     .ver_exit
                         .ver_all:
0000E988  50 06 00 00 F8 04 00 00... jsr     .ver_list_residents
0000E990  42 06 10 00 D8 00 00 00... bne r2, r0, .ver_exit
0000E998  10 EE F8 00 00 00 00 00... load.q  r29, (sp)
0000E9A0  11 07 E8 00 68 00 00 00... store.q r0, 104(r29)
                         .ver_all_loop:
0000E9A8  10 C7 E8 00 48 00 00 00... load.q  r24, 72(r29)
0000E9B0  10 CC C0 00 00 00 00 00... load.l  r25, (r24)
0000E9B8  10 D7 E8 00 68 00 00 00... load.q  r26, 104(r29)
0000E9C0  44 06 D0 C8 58 00 00 00... bge     r26, r25, .ver_all_done
0000E9C8  01 DE D0 00 00 00 00 00... move.q  r27, r26
0000E9D0  20 DF D8 00 01 00 00 00... add     r27, r27, #1
0000E9D8  34 DF D8 00 05 00 00 00... lsl     r27, r27, #5
0000E9E0  20 0E C0 D8 00 00 00 00... add     r1, r24, r27
0000E9E8  50 06 00 00 58 05 00 00... jsr     .ver_all_print_one
0000E9F0  10 EE F8 00 00 00 00 00... load.q  r29, (sp)
0000E9F8  10 D7 E8 00 68 00 00 00... load.q  r26, 104(r29)
0000EA00  20 D7 D0 00 01 00 00 00... add     r26, r26, #1
0000EA08  11 D7 E8 00 68 00 00 00... store.q r26, 104(r29)
0000EA10  40 06 00 00 98 FF FF FF... bra     .ver_all_loop
                         .ver_all_done:
0000EA18  40 06 00 00 50 00 00 00... bra     .ver_exit
                         .ver_print_iosm_base:
0000EA20  10 A7 E8 00 48 00 00 00... load.q  r20, 72(r29)
0000EA28  50 06 00 00 58 08 00 00... jsr     .ver_print_iosm
0000EA30  40 06 00 00 38 00 00 00... bra     .ver_exit
                         .ver_print_iosm_ptr:
0000EA38  50 06 00 00 48 08 00 00... jsr     .ver_print_iosm
0000EA40  40 06 00 00 28 00 00 00... bra     .ver_exit
                         .ver_not_found:
0000EA48  10 EE F8 00 00 00 00 00... load.q  r29, (sp)
0000EA50  20 A7 E8 00 A0 00 00 00... add     r20, r29, #160
0000EA58  50 06 00 00 38 0C 00 00... jsr     .ver_send_string
0000EA60  40 06 00 00 08 00 00 00... bra     .ver_exit
                         .ver_exit:
0000EA68  01 0E 00 00 00 00 00 00... move.q  r1, r0
0000EA70  EB 01 00 00 22 00 00 00... syscall #SYS_EXIT_TASK
                         .ver_query_resident:
0000EA78  21 FF F8 00 18 00 00 00... sub     sp, sp, #24
0000EA80  10 EF F8 00 20 00 00 00... load.q  r29, 32(sp)
0000EA88  11 EE F8 00 00 00 00 00... store.q r29, (sp)
0000EA90  11 0F F8 00 08 00 00 00... store.q r1, 8(sp)
0000EA98  50 06 00 00 38 06 00 00... jsr     .ver_is_iosm_port_name
0000EAA0  42 06 08 00 18 00 00 00... bne r1, r0, .ver_qr_known_iosm
0000EAA8  01 17 00 00 04 00 00 00... move.q  r2, #ERR_NOTFOUND
0000EAB0  40 06 00 00 B8 00 00 00... bra     .ver_qr_done
                         .ver_qr_known_iosm:
0000EAB8  10 0F F8 00 08 00 00 00... load.q  r1, 8(sp)
0000EAC0  01 15 00 00 00 00 00 00... move.l  r2, #0
0000EAC8  EB 01 00 00 10 00 00 00... syscall #SYS_FIND_PORT
0000EAD0  10 EE F8 00 00 00 00 00... load.q  r29, (sp)
0000EAD8  42 06 10 00 90 00 00 00... bne r2, r0, .ver_qr_done
0000EAE0  01 46 08 00 00 00 00 00... move.q  r8, r1
0000EAE8  01 0E 40 00 00 00 00 00... move.q  r1, r8
0000EAF0  01 15 00 00 20 01 00 00... move.l  r2, #MSG_GET_IOSM
0000EAF8  01 1E 00 00 00 00 00 00... move.q  r3, r0
0000EB00  01 26 00 00 00 00 00 00... move.q  r4, r0
0000EB08  10 2F E8 00 40 00 00 00... load.q  r5, 64(r29)
0000EB10  10 37 E8 00 50 00 00 00... load.q  r6, 80(r29)
0000EB18  EB 01 00 00 11 00 00 00... syscall #SYS_PUT_MSG
0000EB20  10 EE F8 00 00 00 00 00... load.q  r29, (sp)
0000EB28  42 06 10 00 40 00 00 00... bne r2, r0, .ver_qr_done
0000EB30  10 0F E8 00 40 00 00 00... load.q  r1, 64(r29)
0000EB38  EB 01 00 00 13 00 00 00... syscall #SYS_WAIT_PORT
0000EB40  10 EE F8 00 00 00 00 00... load.q  r29, (sp)
0000EB48  42 06 18 00 18 00 00 00... bne r3, r0, .ver_qr_wait_err
0000EB50  01 16 10 00 00 00 00 00... move.q  r2, r2
0000EB58  40 06 00 00 10 00 00 00... bra     .ver_qr_done
                         .ver_qr_wait_err:
0000EB60  01 16 18 00 00 00 00 00... move.q  r2, r3
                         .ver_qr_done:
0000EB68  20 FF F8 00 18 00 00 00... add     sp, sp, #24
0000EB70  51 00 00 00 00 00 00 00... rts
                         .ver_parse_manifest:
0000EB78  21 FF F8 00 18 00 00 00... sub     sp, sp, #24
0000EB80  10 EF F8 00 20 00 00 00... load.q  r29, 32(sp)
0000EB88  11 EE F8 00 00 00 00 00... store.q r29, (sp)
0000EB90  11 0F F8 00 08 00 00 00... store.q r1, 8(sp)
0000EB98  10 A7 E8 00 58 00 00 00... load.q  r20, 88(r29)
0000EBA0  01 AD 00 00 00 00 00 00... move.l  r21, #0
                         .ver_pm_clear:
0000EBA8  01 5D 00 00 00 10 00 00... move.l  r11, #4096
0000EBB0  44 06 A8 58 28 00 00 00... bge     r21, r11, .ver_pm_copy
0000EBB8  20 B6 A0 A8 00 00 00 00... add     r22, r20, r21
0000EBC0  11 06 B0 00 00 00 00 00... store.q r0, (r22)
0000EBC8  20 AF A8 00 08 00 00 00... add     r21, r21, #8
0000EBD0  40 06 00 00 D8 FF FF FF... bra     .ver_pm_clear
                         .ver_pm_copy:
0000EBD8  10 77 F8 00 08 00 00 00... load.q  r14, 8(sp)
0000EBE0  10 7F E8 00 58 00 00 00... load.q  r15, 88(r29)
0000EBE8  01 85 00 00 00 00 00 00... move.l  r16, #0
                         .ver_pm_copy_loop:
0000EBF0  10 88 70 00 00 00 00 00... load.b  r17, (r14)
0000EBF8  20 96 78 80 00 00 00 00... add     r18, r15, r16
0000EC00  11 88 90 00 00 00 00 00... store.b r17, (r18)
0000EC08  41 06 88 00 38 00 00 00... beq r17, r0, .ver_pm_send
0000EC10  20 77 70 00 01 00 00 00... add     r14, r14, #1
0000EC18  20 87 80 00 01 00 00 00... add     r16, r16, #1
0000EC20  01 5D 00 00 03 01 00 00... move.l  r11, #(DOS_PMP_PATH_MAX - 1)
0000EC28  43 06 80 58 C8 FF FF FF... blt     r16, r11, .ver_pm_copy_loop
0000EC30  20 96 78 80 00 00 00 00... add     r18, r15, r16
0000EC38  11 00 90 00 00 00 00 00... store.b r0, (r18)
                         .ver_pm_send:
0000EC40  20 0F E8 00 EB 00 00 00... add     r1, r29, #(prog_version_name_dos - prog_version_data)
0000EC48  EB 01 00 00 10 00 00 00... syscall #SYS_FIND_PORT
0000EC50  10 EE F8 00 00 00 00 00... load.q  r29, (sp)
0000EC58  42 06 10 00 90 00 00 00... bne r2, r0, .ver_pm_done
0000EC60  01 15 00 00 20 03 00 00... move.l  r2, #DOS_OP_PARSE_MANIFEST
0000EC68  01 1E 00 00 00 00 00 00... move.q  r3, r0
0000EC70  01 26 00 00 00 00 00 00... move.q  r4, r0
0000EC78  10 2F E8 00 40 00 00 00... load.q  r5, 64(r29)
0000EC80  10 37 E8 00 60 00 00 00... load.q  r6, 96(r29)
0000EC88  EB 01 00 00 11 00 00 00... syscall #SYS_PUT_MSG
0000EC90  10 EE F8 00 00 00 00 00... load.q  r29, (sp)
0000EC98  42 06 10 00 50 00 00 00... bne r2, r0, .ver_pm_done
0000ECA0  10 0F E8 00 40 00 00 00... load.q  r1, 64(r29)
0000ECA8  EB 01 00 00 13 00 00 00... syscall #SYS_WAIT_PORT
0000ECB0  10 EE F8 00 00 00 00 00... load.q  r29, (sp)
0000ECB8  42 06 18 00 28 00 00 00... bne r3, r0, .ver_pm_wait_err
0000ECC0  10 A7 E8 00 58 00 00 00... load.q  r20, 88(r29)
0000ECC8  10 15 A0 00 90 01 00 00... load.l  r2, DOS_PMP_RC_OFF(r20)
0000ECD0  20 A7 A0 00 10 01 00 00... add     r20, r20, #DOS_PMP_IOSM_OFF
0000ECD8  40 06 00 00 10 00 00 00... bra     .ver_pm_done
                         .ver_pm_wait_err:
0000ECE0  01 16 18 00 00 00 00 00... move.q  r2, r3
                         .ver_pm_done:
0000ECE8  20 FF F8 00 18 00 00 00... add     sp, sp, #24
0000ECF0  51 00 00 00 00 00 00 00... rts
                         .ver_try_fallbacks:
0000ECF8  21 FF F8 00 10 00 00 00... sub     sp, sp, #16
0000ED00  10 EF F8 00 18 00 00 00... load.q  r29, 24(sp)
0000ED08  11 EE F8 00 00 00 00 00... store.q r29, (sp)
0000ED10  20 0F E8 00 85 01 00 00... add     r1, r29, #(prog_version_prefix_libs - prog_version_data)
0000ED18  50 06 00 00 C8 00 00 00... jsr     .ver_build_prefixed_path
0000ED20  20 0F E8 00 74 03 00 00... add     r1, r29, #(prog_version_path_scratch - prog_version_data)
0000ED28  50 06 00 00 50 FE FF FF... jsr     .ver_parse_manifest
0000ED30  41 06 10 00 A0 00 00 00... beq r2, r0, .ver_tf_done
0000ED38  20 0F E8 00 8D 01 00 00... add     r1, r29, #(prog_version_prefix_devs - prog_version_data)
0000ED40  50 06 00 00 A0 00 00 00... jsr     .ver_build_prefixed_path
0000ED48  20 0F E8 00 74 03 00 00... add     r1, r29, #(prog_version_path_scratch - prog_version_data)
0000ED50  50 06 00 00 28 FE FF FF... jsr     .ver_parse_manifest
0000ED58  41 06 10 00 78 00 00 00... beq r2, r0, .ver_tf_done
0000ED60  20 0F E8 00 95 01 00 00... add     r1, r29, #(prog_version_prefix_resources - prog_version_data)
0000ED68  50 06 00 00 78 00 00 00... jsr     .ver_build_prefixed_path
0000ED70  20 0F E8 00 74 03 00 00... add     r1, r29, #(prog_version_path_scratch - prog_version_data)
0000ED78  50 06 00 00 00 FE FF FF... jsr     .ver_parse_manifest
0000ED80  41 06 10 00 50 00 00 00... beq r2, r0, .ver_tf_done
0000ED88  20 0F E8 00 A5 01 00 00... add     r1, r29, #(prog_version_prefix_l - prog_version_data)
0000ED90  50 06 00 00 50 00 00 00... jsr     .ver_build_prefixed_path
0000ED98  20 0F E8 00 74 03 00 00... add     r1, r29, #(prog_version_path_scratch - prog_version_data)
0000EDA0  50 06 00 00 D8 FD FF FF... jsr     .ver_parse_manifest
0000EDA8  41 06 10 00 28 00 00 00... beq r2, r0, .ver_tf_done
0000EDB0  20 0F E8 00 B4 01 00 00... add     r1, r29, #(prog_version_prefix_c - prog_version_data)
0000EDB8  50 06 00 00 28 00 00 00... jsr     .ver_build_prefixed_path
0000EDC0  20 0F E8 00 74 03 00 00... add     r1, r29, #(prog_version_path_scratch - prog_version_data)
0000EDC8  50 06 00 00 B0 FD FF FF... jsr     .ver_parse_manifest
                         .ver_tf_done:
0000EDD0  20 FF F8 00 10 00 00 00... add     sp, sp, #16
0000EDD8  51 00 00 00 00 00 00 00... rts
                         .ver_build_prefixed_path:
0000EDE0  21 FF F8 00 10 00 00 00... sub     sp, sp, #16
0000EDE8  10 EF F8 00 18 00 00 00... load.q  r29, 24(sp)
0000EDF0  11 EE F8 00 00 00 00 00... store.q r29, (sp)
0000EDF8  01 76 08 00 00 00 00 00... move.q  r14, r1
0000EE00  20 7F E8 00 74 03 00 00... add     r15, r29, #(prog_version_path_scratch - prog_version_data)
                         .ver_bpp_prefix:
0000EE08  10 80 70 00 00 00 00 00... load.b  r16, (r14)
0000EE10  41 06 80 00 28 00 00 00... beq r16, r0, .ver_bpp_token
0000EE18  11 80 78 00 00 00 00 00... store.b r16, (r15)
0000EE20  20 77 70 00 01 00 00 00... add     r14, r14, #1
0000EE28  20 7F 78 00 01 00 00 00... add     r15, r15, #1
0000EE30  40 06 00 00 D8 FF FF FF... bra     .ver_bpp_prefix
                         .ver_bpp_token:
0000EE38  20 77 E8 00 74 02 00 00... add     r14, r29, #(prog_version_token_scratch - prog_version_data)
                         .ver_bpp_token_loop:
0000EE40  10 80 70 00 00 00 00 00... load.b  r16, (r14)
0000EE48  11 80 78 00 00 00 00 00... store.b r16, (r15)
0000EE50  41 06 80 00 20 00 00 00... beq r16, r0, .ver_bpp_done
0000EE58  20 77 70 00 01 00 00 00... add     r14, r14, #1
0000EE60  20 7F 78 00 01 00 00 00... add     r15, r15, #1
0000EE68  40 06 00 00 D8 FF FF FF... bra     .ver_bpp_token_loop
                         .ver_bpp_done:
0000EE70  20 FF F8 00 10 00 00 00... add     sp, sp, #16
0000EE78  51 00 00 00 00 00 00 00... rts
                         .ver_list_residents:
0000EE80  21 FF F8 00 10 00 00 00... sub     sp, sp, #16
0000EE88  10 EF F8 00 18 00 00 00... load.q  r29, 24(sp)
0000EE90  11 EE F8 00 00 00 00 00... store.q r29, (sp)
0000EE98  10 0F E8 00 18 00 00 00... load.q  r1, 24(r29)
0000EEA0  01 15 00 00 21 01 00 00... move.l  r2, #MSG_LIST_RESIDENTS
0000EEA8  01 1E 00 00 00 00 00 00... move.q  r3, r0
0000EEB0  01 26 00 00 00 00 00 00... move.q  r4, r0
0000EEB8  10 2F E8 00 40 00 00 00... load.q  r5, 64(r29)
0000EEC0  10 37 E8 00 50 00 00 00... load.q  r6, 80(r29)
0000EEC8  EB 01 00 00 11 00 00 00... syscall #SYS_PUT_MSG
0000EED0  10 EE F8 00 00 00 00 00... load.q  r29, (sp)
0000EED8  42 06 10 00 58 00 00 00... bne r2, r0, .ver_lr_done
0000EEE0  10 0F E8 00 40 00 00 00... load.q  r1, 64(r29)
0000EEE8  EB 01 00 00 13 00 00 00... syscall #SYS_WAIT_PORT
0000EEF0  10 EE F8 00 00 00 00 00... load.q  r29, (sp)
0000EEF8  42 06 18 00 30 00 00 00... bne r3, r0, .ver_lr_wait_err
0000EF00  10 BF E8 00 48 00 00 00... load.q  r23, 72(r29)
0000EF08  11 14 B8 00 00 00 00 00... store.l r2, (r23)
0000EF10  01 16 00 00 00 00 00 00... move.q  r2, r0
0000EF18  20 FF F8 00 10 00 00 00... add     sp, sp, #16
0000EF20  51 00 00 00 00 00 00 00... rts
                         .ver_lr_wait_err:
0000EF28  01 16 18 00 00 00 00 00... move.q  r2, r3
                         .ver_lr_done:
0000EF30  20 FF F8 00 10 00 00 00... add     sp, sp, #16
0000EF38  51 00 00 00 00 00 00 00... rts
                         .ver_all_print_one:
0000EF40  21 FF F8 00 18 00 00 00... sub     sp, sp, #24
0000EF48  10 EF F8 00 20 00 00 00... load.q  r29, 32(sp)
0000EF50  11 EE F8 00 00 00 00 00... store.q r29, (sp)
0000EF58  11 0F F8 00 08 00 00 00... store.q r1, 8(sp)
0000EF60  50 06 00 00 70 01 00 00... jsr     .ver_is_iosm_port_name
0000EF68  41 06 08 00 B0 00 00 00... beq r1, r0, .ver_apo_done
0000EF70  10 0F F8 00 08 00 00 00... load.q  r1, 8(sp)
0000EF78  01 15 00 00 00 00 00 00... move.l  r2, #0
0000EF80  EB 01 00 00 10 00 00 00... syscall #SYS_FIND_PORT
0000EF88  10 EE F8 00 00 00 00 00... load.q  r29, (sp)
0000EF90  42 06 10 00 88 00 00 00... bne r2, r0, .ver_apo_done
0000EF98  01 46 08 00 00 00 00 00... move.q  r8, r1
0000EFA0  01 0E 40 00 00 00 00 00... move.q  r1, r8
0000EFA8  01 15 00 00 20 01 00 00... move.l  r2, #MSG_GET_IOSM
0000EFB0  01 1E 00 00 00 00 00 00... move.q  r3, r0
0000EFB8  01 26 00 00 00 00 00 00... move.q  r4, r0
0000EFC0  10 2F E8 00 40 00 00 00... load.q  r5, 64(r29)
0000EFC8  10 37 E8 00 60 00 00 00... load.q  r6, 96(r29)
0000EFD0  EB 01 00 00 11 00 00 00... syscall #SYS_PUT_MSG
0000EFD8  10 EE F8 00 00 00 00 00... load.q  r29, (sp)
0000EFE0  42 06 10 00 38 00 00 00... bne r2, r0, .ver_apo_done
0000EFE8  10 0F E8 00 40 00 00 00... load.q  r1, 64(r29)
0000EFF0  EB 01 00 00 13 00 00 00... syscall #SYS_WAIT_PORT
0000EFF8  10 EE F8 00 00 00 00 00... load.q  r29, (sp)
0000F000  42 06 18 00 18 00 00 00... bne r3, r0, .ver_apo_done
0000F008  10 A7 E8 00 58 00 00 00... load.q  r20, 88(r29)
0000F010  50 06 00 00 70 02 00 00... jsr     .ver_print_iosm
                         .ver_apo_done:
0000F018  20 FF F8 00 18 00 00 00... add     sp, sp, #24
0000F020  51 00 00 00 00 00 00 00... rts
                         .ver_is_all:
0000F028  10 70 08 00 00 00 00 00... load.b  r14, (r1)
0000F030  01 7D 00 00 41 00 00 00... move.l  r15, #0x41
0000F038  41 06 70 78 18 00 00 00... beq     r14, r15, .ver_ia_l1
0000F040  01 7D 00 00 61 00 00 00... move.l  r15, #0x61
0000F048  42 06 70 78 78 00 00 00... bne     r14, r15, .ver_ia_no
                         .ver_ia_l1:
0000F050  10 71 08 00 01 00 00 00... load.b  r14, 1(r1)
0000F058  01 7D 00 00 4C 00 00 00... move.l  r15, #0x4C
0000F060  41 06 70 78 18 00 00 00... beq     r14, r15, .ver_ia_l2
0000F068  01 7D 00 00 6C 00 00 00... move.l  r15, #0x6C
0000F070  42 06 70 78 50 00 00 00... bne     r14, r15, .ver_ia_no
                         .ver_ia_l2:
0000F078  10 71 08 00 02 00 00 00... load.b  r14, 2(r1)
0000F080  01 7D 00 00 4C 00 00 00... move.l  r15, #0x4C
0000F088  41 06 70 78 18 00 00 00... beq     r14, r15, .ver_ia_end
0000F090  01 7D 00 00 6C 00 00 00... move.l  r15, #0x6C
0000F098  42 06 70 78 28 00 00 00... bne     r14, r15, .ver_ia_no
                         .ver_ia_end:
0000F0A0  10 71 08 00 03 00 00 00... load.b  r14, 3(r1)
0000F0A8  42 06 70 00 18 00 00 00... bne r14, r0, .ver_ia_no
0000F0B0  01 0D 00 00 01 00 00 00... move.l  r1, #1
0000F0B8  51 00 00 00 00 00 00 00... rts
                         .ver_ia_no:
0000F0C0  01 0E 00 00 00 00 00 00... move.q  r1, r0
0000F0C8  51 00 00 00 00 00 00 00... rts
                         .ver_is_iosm_port_name:
0000F0D0  21 FF F8 00 10 00 00 00... sub     sp, sp, #16
0000F0D8  11 EE F8 00 00 00 00 00... store.q r29, (sp)
0000F0E0  11 0F F8 00 08 00 00 00... store.q r1, 8(sp)
0000F0E8  10 0F F8 00 08 00 00 00... load.q  r1, 8(sp)
0000F0F0  20 17 E8 00 20 00 00 00... add     r2, r29, #(prog_version_name_exec - prog_version_data)
0000F0F8  50 06 00 00 00 01 00 00... jsr     .ver_name_eq
0000F100  42 06 08 00 E0 00 00 00... bne r1, r0, .ver_iip_yes
0000F108  10 0F F8 00 08 00 00 00... load.q  r1, 8(sp)
0000F110  20 17 E8 00 00 00 00 00... add     r2, r29, #(prog_version_name_console - prog_version_data)
0000F118  50 06 00 00 E0 00 00 00... jsr     .ver_name_eq
0000F120  42 06 08 00 C0 00 00 00... bne r1, r0, .ver_iip_yes
0000F128  10 0F F8 00 08 00 00 00... load.q  r1, 8(sp)
0000F130  20 17 E8 00 EB 00 00 00... add     r2, r29, #(prog_version_name_dos - prog_version_data)
0000F138  50 06 00 00 C0 00 00 00... jsr     .ver_name_eq
0000F140  42 06 08 00 A0 00 00 00... bne r1, r0, .ver_iip_yes
0000F148  10 0F F8 00 08 00 00 00... load.q  r1, 8(sp)
0000F150  20 17 E8 00 05 01 00 00... add     r2, r29, #(prog_version_name_hwres - prog_version_data)
0000F158  50 06 00 00 A0 00 00 00... jsr     .ver_name_eq
0000F160  42 06 08 00 80 00 00 00... bne r1, r0, .ver_iip_yes
0000F168  10 0F F8 00 08 00 00 00... load.q  r1, 8(sp)
0000F170  20 17 E8 00 25 01 00 00... add     r2, r29, #(prog_version_name_input - prog_version_data)
0000F178  50 06 00 00 80 00 00 00... jsr     .ver_name_eq
0000F180  42 06 08 00 60 00 00 00... bne r1, r0, .ver_iip_yes
0000F188  10 0F F8 00 08 00 00 00... load.q  r1, 8(sp)
0000F190  20 17 E8 00 45 01 00 00... add     r2, r29, #(prog_version_name_graphics - prog_version_data)
0000F198  50 06 00 00 60 00 00 00... jsr     .ver_name_eq
0000F1A0  42 06 08 00 40 00 00 00... bne r1, r0, .ver_iip_yes
0000F1A8  10 0F F8 00 08 00 00 00... load.q  r1, 8(sp)
0000F1B0  20 17 E8 00 65 01 00 00... add     r2, r29, #(prog_version_name_intuition - prog_version_data)
0000F1B8  50 06 00 00 40 00 00 00... jsr     .ver_name_eq
0000F1C0  42 06 08 00 20 00 00 00... bne r1, r0, .ver_iip_yes
0000F1C8  01 0E 00 00 00 00 00 00... move.q  r1, r0
0000F1D0  20 FF F8 00 10 00 00 00... add     sp, sp, #16
0000F1D8  51 00 00 00 00 00 00 00... rts
                         .ver_iip_yes:
0000F1E0  01 0D 00 00 01 00 00 00... move.l  r1, #1
0000F1E8  20 FF F8 00 10 00 00 00... add     sp, sp, #16
0000F1F0  51 00 00 00 00 00 00 00... rts
                         .ver_name_eq:
0000F1F8  01 76 08 00 00 00 00 00... move.q  r14, r1
0000F200  01 7E 10 00 00 00 00 00... move.q  r15, r2
0000F208  01 85 00 00 00 00 00 00... move.l  r16, #0
                         .ver_ne_loop:
0000F210  01 E5 00 00 20 00 00 00... move.l  r28, #32
0000F218  44 06 80 E0 48 00 00 00... bge     r16, r28, .ver_ne_yes
0000F220  10 88 70 00 00 00 00 00... load.b  r17, (r14)
0000F228  10 90 78 00 00 00 00 00... load.b  r18, (r15)
0000F230  42 06 88 90 40 00 00 00... bne     r17, r18, .ver_ne_no
0000F238  41 06 88 00 28 00 00 00... beq r17, r0, .ver_ne_yes
0000F240  20 77 70 00 01 00 00 00... add     r14, r14, #1
0000F248  20 7F 78 00 01 00 00 00... add     r15, r15, #1
0000F250  20 87 80 00 01 00 00 00... add     r16, r16, #1
0000F258  40 06 00 00 B8 FF FF FF... bra     .ver_ne_loop
                         .ver_ne_yes:
0000F260  01 0D 00 00 01 00 00 00... move.l  r1, #1
0000F268  51 00 00 00 00 00 00 00... rts
                         .ver_ne_no:
0000F270  01 0E 00 00 00 00 00 00... move.q  r1, r0
0000F278  51 00 00 00 00 00 00 00... rts
                         .ver_print_iosm:
0000F280  21 FF F8 00 10 00 00 00... sub     sp, sp, #16
0000F288  10 EF F8 00 18 00 00 00... load.q  r29, 24(sp)
0000F290  11 EE F8 00 00 00 00 00... store.q r29, (sp)
0000F298  11 A7 F8 00 08 00 00 00... store.q r20, 8(sp)
0000F2A0  20 A7 A0 00 10 00 00 00... add     r20, r20, #IOSM_OFF_NAME
0000F2A8  01 AD 00 00 20 00 00 00... move.l  r21, #IOSM_NAME_SIZE
0000F2B0  50 06 00 00 48 03 00 00... jsr     .ver_send_fixed_string
0000F2B8  01 0D 00 00 20 00 00 00... move.l  r1, #0x20
0000F2C0  50 06 00 00 38 04 00 00... jsr     .ver_send_char
0000F2C8  10 A7 F8 00 08 00 00 00... load.q  r20, 8(sp)
0000F2D0  20 A7 A0 00 0A 00 00 00... add     r20, r20, #IOSM_OFF_VERSION
0000F2D8  50 06 00 00 20 00 00 00... jsr     .ver_send_version_from
                         .ver_pi_crlf:
0000F2E0  50 06 00 00 F0 02 00 00... jsr     .ver_send_crlf
0000F2E8  20 FF F8 00 10 00 00 00... add     sp, sp, #16
0000F2F0  51 00 00 00 00 00 00 00... rts
                         .ver_send_version_from:
0000F2F8  21 FF F8 00 10 00 00 00... sub     sp, sp, #16
0000F300  11 EE F8 00 00 00 00 00... store.q r29, (sp)
0000F308  11 A7 F8 00 08 00 00 00... store.q r20, 8(sp)
0000F310  10 0A A0 00 00 00 00 00... load.w  r1, (r20)
0000F318  50 06 00 00 80 00 00 00... jsr     .ver_send_decimal
0000F320  01 0D 00 00 2E 00 00 00... move.l  r1, #0x2E
0000F328  50 06 00 00 D0 03 00 00... jsr     .ver_send_char
0000F330  10 A7 F8 00 08 00 00 00... load.q  r20, 8(sp)
0000F338  10 0B A0 00 02 00 00 00... load.w  r1, 2(r20)
0000F340  50 06 00 00 58 00 00 00... jsr     .ver_send_decimal
0000F348  10 A7 F8 00 08 00 00 00... load.q  r20, 8(sp)
0000F350  10 0B A0 00 04 00 00 00... load.w  r1, 4(r20)
0000F358  41 06 08 00 30 00 00 00... beq r1, r0, .ver_svf_done
0000F360  01 0D 00 00 2E 00 00 00... move.l  r1, #0x2E
0000F368  50 06 00 00 90 03 00 00... jsr     .ver_send_char
0000F370  10 A7 F8 00 08 00 00 00... load.q  r20, 8(sp)
0000F378  10 0B A0 00 04 00 00 00... load.w  r1, 4(r20)
0000F380  50 06 00 00 18 00 00 00... jsr     .ver_send_decimal
                         .ver_svf_done:
0000F388  20 FF F8 00 10 00 00 00... add     sp, sp, #16
0000F390  51 00 00 00 00 00 00 00... rts
                         .ver_send_decimal:
0000F398  21 FF F8 00 20 00 00 00... sub     sp, sp, #32
0000F3A0  11 EE F8 00 00 00 00 00... store.q r29, (sp)
0000F3A8  11 0B F8 00 08 00 00 00... store.w r1, 8(sp)
0000F3B0  11 05 F8 00 10 00 00 00... store.l r0, 16(sp)
0000F3B8  10 73 F8 00 08 00 00 00... load.w  r14, 8(sp)
0000F3C0  01 7D 00 00 00 00 00 00... move.l  r15, #0
                         .ver_dec_10000_loop:
0000F3C8  01 E5 00 00 10 27 00 00... move.l  r28, #10000
0000F3D0  43 06 70 E0 20 00 00 00... blt     r14, r28, .ver_dec_10000_done
0000F3D8  21 76 70 E0 00 00 00 00... sub     r14, r14, r28
0000F3E0  20 7F 78 00 01 00 00 00... add     r15, r15, #1
0000F3E8  40 06 00 00 E0 FF FF FF... bra     .ver_dec_10000_loop
                         .ver_dec_10000_done:
0000F3F0  11 73 F8 00 08 00 00 00... store.w r14, 8(sp)
0000F3F8  41 06 78 00 30 00 00 00... beq r15, r0, .ver_dec_1000
0000F400  01 85 00 00 01 00 00 00... move.l  r16, #1
0000F408  11 85 F8 00 10 00 00 00... store.l r16, 16(sp)
0000F410  01 0E 78 00 00 00 00 00... move.q  r1, r15
0000F418  20 0F 08 00 30 00 00 00... add     r1, r1, #0x30
0000F420  50 06 00 00 D8 02 00 00... jsr     .ver_send_char
                         .ver_dec_1000:
0000F428  10 73 F8 00 08 00 00 00... load.w  r14, 8(sp)
0000F430  01 7D 00 00 00 00 00 00... move.l  r15, #0
                         .ver_dec_1000_loop:
0000F438  01 E5 00 00 E8 03 00 00... move.l  r28, #1000
0000F440  43 06 70 E0 20 00 00 00... blt     r14, r28, .ver_dec_1000_done
0000F448  21 76 70 E0 00 00 00 00... sub     r14, r14, r28
0000F450  20 7F 78 00 01 00 00 00... add     r15, r15, #1
0000F458  40 06 00 00 E0 FF FF FF... bra     .ver_dec_1000_loop
                         .ver_dec_1000_done:
0000F460  11 73 F8 00 08 00 00 00... store.w r14, 8(sp)
0000F468  10 85 F8 00 10 00 00 00... load.l  r16, 16(sp)
0000F470  42 06 80 00 10 00 00 00... bne r16, r0, .ver_dec_1000_emit
0000F478  41 06 78 00 30 00 00 00... beq r15, r0, .ver_dec_100
                         .ver_dec_1000_emit:
0000F480  01 85 00 00 01 00 00 00... move.l  r16, #1
0000F488  11 85 F8 00 10 00 00 00... store.l r16, 16(sp)
0000F490  01 0E 78 00 00 00 00 00... move.q  r1, r15
0000F498  20 0F 08 00 30 00 00 00... add     r1, r1, #0x30
0000F4A0  50 06 00 00 58 02 00 00... jsr     .ver_send_char
                         .ver_dec_100:
0000F4A8  10 73 F8 00 08 00 00 00... load.w  r14, 8(sp)
0000F4B0  01 7D 00 00 00 00 00 00... move.l  r15, #0
                         .ver_dec_100_loop:
0000F4B8  01 E5 00 00 64 00 00 00... move.l  r28, #100
0000F4C0  43 06 70 E0 20 00 00 00... blt     r14, r28, .ver_dec_100_done
0000F4C8  21 76 70 E0 00 00 00 00... sub     r14, r14, r28
0000F4D0  20 7F 78 00 01 00 00 00... add     r15, r15, #1
0000F4D8  40 06 00 00 E0 FF FF FF... bra     .ver_dec_100_loop
                         .ver_dec_100_done:
0000F4E0  11 73 F8 00 08 00 00 00... store.w r14, 8(sp)
0000F4E8  10 85 F8 00 10 00 00 00... load.l  r16, 16(sp)
0000F4F0  42 06 80 00 10 00 00 00... bne r16, r0, .ver_dec_100_emit
0000F4F8  41 06 78 00 30 00 00 00... beq r15, r0, .ver_dec_10
                         .ver_dec_100_emit:
0000F500  01 85 00 00 01 00 00 00... move.l  r16, #1
0000F508  11 85 F8 00 10 00 00 00... store.l r16, 16(sp)
0000F510  01 0E 78 00 00 00 00 00... move.q  r1, r15
0000F518  20 0F 08 00 30 00 00 00... add     r1, r1, #0x30
0000F520  50 06 00 00 D8 01 00 00... jsr     .ver_send_char
                         .ver_dec_10:
0000F528  10 73 F8 00 08 00 00 00... load.w  r14, 8(sp)
0000F530  01 7D 00 00 00 00 00 00... move.l  r15, #0
                         .ver_dec_10_loop:
0000F538  01 E5 00 00 0A 00 00 00... move.l  r28, #10
0000F540  43 06 70 E0 20 00 00 00... blt     r14, r28, .ver_dec_10_done
0000F548  21 76 70 E0 00 00 00 00... sub     r14, r14, r28
0000F550  20 7F 78 00 01 00 00 00... add     r15, r15, #1
0000F558  40 06 00 00 E0 FF FF FF... bra     .ver_dec_10_loop
                         .ver_dec_10_done:
0000F560  11 73 F8 00 08 00 00 00... store.w r14, 8(sp)
0000F568  10 85 F8 00 10 00 00 00... load.l  r16, 16(sp)
0000F570  42 06 80 00 10 00 00 00... bne r16, r0, .ver_dec_10_emit
0000F578  41 06 78 00 30 00 00 00... beq r15, r0, .ver_dec_1
                         .ver_dec_10_emit:
0000F580  01 85 00 00 01 00 00 00... move.l  r16, #1
0000F588  11 85 F8 00 10 00 00 00... store.l r16, 16(sp)
0000F590  01 0E 78 00 00 00 00 00... move.q  r1, r15
0000F598  20 0F 08 00 30 00 00 00... add     r1, r1, #0x30
0000F5A0  50 06 00 00 58 01 00 00... jsr     .ver_send_char
                         .ver_dec_1:
0000F5A8  10 0B F8 00 08 00 00 00... load.w  r1, 8(sp)
0000F5B0  20 0F 08 00 30 00 00 00... add     r1, r1, #0x30
0000F5B8  50 06 00 00 40 01 00 00... jsr     .ver_send_char
0000F5C0  20 FF F8 00 20 00 00 00... add     sp, sp, #32
0000F5C8  51 00 00 00 00 00 00 00... rts
                         .ver_send_crlf:
0000F5D0  01 0D 00 00 0D 00 00 00... move.l  r1, #0x0D
0000F5D8  50 06 00 00 20 01 00 00... jsr     .ver_send_char
0000F5E0  01 0D 00 00 0A 00 00 00... move.l  r1, #0x0A
0000F5E8  50 06 00 00 10 01 00 00... jsr     .ver_send_char
0000F5F0  51 00 00 00 00 00 00 00... rts
                         .ver_send_fixed_string:
0000F5F8  21 FF F8 00 18 00 00 00... sub     sp, sp, #24
0000F600  11 EE F8 00 00 00 00 00... store.q r29, (sp)
0000F608  11 A7 F8 00 08 00 00 00... store.q r20, 8(sp)
0000F610  11 AF F8 00 10 00 00 00... store.q r21, 16(sp)
                         .ver_sfs_loop:
0000F618  10 A7 F8 00 08 00 00 00... load.q  r20, 8(sp)
0000F620  10 AF F8 00 10 00 00 00... load.q  r21, 16(sp)
0000F628  10 08 A0 00 00 00 00 00... load.b  r1, (r20)
0000F630  41 06 08 00 50 00 00 00... beq r1, r0, .ver_sfs_done
0000F638  41 06 A8 00 48 00 00 00... beq r21, r0, .ver_sfs_done
0000F640  50 06 00 00 B8 00 00 00... jsr     .ver_send_char
0000F648  10 A7 F8 00 08 00 00 00... load.q  r20, 8(sp)
0000F650  10 AF F8 00 10 00 00 00... load.q  r21, 16(sp)
0000F658  20 A7 A0 00 01 00 00 00... add     r20, r20, #1
0000F660  21 AF A8 00 01 00 00 00... sub     r21, r21, #1
0000F668  11 A7 F8 00 08 00 00 00... store.q r20, 8(sp)
0000F670  11 AF F8 00 10 00 00 00... store.q r21, 16(sp)
0000F678  40 06 00 00 A0 FF FF FF... bra     .ver_sfs_loop
                         .ver_sfs_done:
0000F680  20 FF F8 00 18 00 00 00... add     sp, sp, #24
0000F688  51 00 00 00 00 00 00 00... rts
                         .ver_send_string:
0000F690  21 FF F8 00 10 00 00 00... sub     sp, sp, #16
0000F698  11 EE F8 00 00 00 00 00... store.q r29, (sp)
0000F6A0  11 A7 F8 00 08 00 00 00... store.q r20, 8(sp)
                         .ver_ss_loop:
0000F6A8  10 A7 F8 00 08 00 00 00... load.q  r20, 8(sp)
0000F6B0  10 08 A0 00 00 00 00 00... load.b  r1, (r20)
0000F6B8  41 06 08 00 30 00 00 00... beq r1, r0, .ver_ss_done
0000F6C0  50 06 00 00 38 00 00 00... jsr     .ver_send_char
0000F6C8  10 A7 F8 00 08 00 00 00... load.q  r20, 8(sp)
0000F6D0  20 A7 A0 00 01 00 00 00... add     r20, r20, #1
0000F6D8  11 A7 F8 00 08 00 00 00... store.q r20, 8(sp)
0000F6E0  40 06 00 00 C8 FF FF FF... bra     .ver_ss_loop
                         .ver_ss_done:
0000F6E8  20 FF F8 00 10 00 00 00... add     sp, sp, #16
0000F6F0  51 00 00 00 00 00 00 00... rts
                         .ver_send_char:
0000F6F8  21 FF F8 00 10 00 00 00... sub     sp, sp, #16
0000F700  11 EE F8 00 00 00 00 00... store.q r29, (sp)
0000F708  11 09 F8 00 08 00 00 00... store.b r1, 8(sp)
                         .ver_sc_retry:
0000F710  10 EE F8 00 00 00 00 00... load.q  r29, (sp)
0000F718  10 19 F8 00 08 00 00 00... load.b  r3, 8(sp)
0000F720  01 15 00 00 00 00 00 00... move.l  r2, #0
0000F728  01 26 00 00 00 00 00 00... move.q  r4, r0
0000F730  01 2D 00 00 FF FF 00 00... move.l  r5, #REPLY_PORT_NONE
0000F738  01 36 00 00 00 00 00 00... move.q  r6, r0
0000F740  10 0F E8 00 10 00 00 00... load.q  r1, 16(r29)
0000F748  EB 01 00 00 11 00 00 00... syscall #SYS_PUT_MSG
0000F750  10 EE F8 00 00 00 00 00... load.q  r29, (sp)
0000F758  01 E5 00 00 09 00 00 00... move.l  r28, #ERR_FULL
0000F760  41 06 10 E0 18 00 00 00... beq     r2, r28, .ver_sc_full
0000F768  20 FF F8 00 10 00 00 00... add     sp, sp, #16
0000F770  51 00 00 00 00 00 00 00... rts
                         .ver_sc_full:
0000F778  EB 01 00 00 1A 00 00 00... syscall #SYS_YIELD
0000F780  40 06 00 00 90 FF FF FF... bra     .ver_sc_retry
                         prog_version_code_end:
                         prog_version_data:
                         prog_version_name_console:
0000F788  63 6F 6E 73 6F 6C 65 2E... dc.b    "console.handler", 0
                         ds.b    16  ; 16 bytes reserved
                         prog_version_name_exec:
0000F7A8  65 78 65 63 2E 6C 69 62... dc.b    "exec.library", 0
                         ds.b    19  ; 19 bytes reserved
                         ds.b    8  ; 8 bytes reserved
                         ds.b    8  ; 8 bytes reserved
                         ds.b    8  ; 8 bytes reserved
                         ds.b    8  ; 8 bytes reserved
                         ds.b    8  ; 8 bytes reserved
                         ds.b    8  ; 8 bytes reserved
0000F7F8  49 6E 74 75 69 74 69 6F... dc.b    "IntuitionOS ", 0
                         ds.b    35  ; 35 bytes reserved
0000F828  56 45 52 53 49 4F 4E 3A... dc.b    "VERSION: not found in resident ports or LIBS:, DEVS:, RESOURCES:, L:, C:", 0x0D, 0x0A, 0
                         prog_version_name_dos:
0000F873  64 6F 73 2E 6C 69 62 72... dc.b    "dos.library", 0
                         ds.b    14  ; 14 bytes reserved
                         prog_version_name_hwres:
0000F88D  68 61 72 64 77 61 72 65... dc.b    "hardware.resource", 0
                         ds.b    14  ; 14 bytes reserved
                         prog_version_name_input:
0000F8AD  69 6E 70 75 74 2E 64 65... dc.b    "input.device", 0
                         ds.b    19  ; 19 bytes reserved
                         prog_version_name_graphics:
0000F8CD  67 72 61 70 68 69 63 73... dc.b    "graphics.library", 0
                         ds.b    15  ; 15 bytes reserved
                         prog_version_name_intuition:
0000F8ED  69 6E 74 75 69 74 69 6F... dc.b    "intuition.library", 0
                         ds.b    14  ; 14 bytes reserved
                         prog_version_prefix_libs:
0000F90D  4C 49 42 53 3A 00        dc.b    "LIBS:", 0
                         ds.b    2  ; 2 bytes reserved
                         prog_version_prefix_devs:
0000F915  44 45 56 53 3A 00        dc.b    "DEVS:", 0
                         ds.b    2  ; 2 bytes reserved
                         prog_version_prefix_resources:
0000F91D  52 45 53 4F 55 52 43 45... dc.b    "RESOURCES:", 0
                         ds.b    5  ; 5 bytes reserved
                         prog_version_prefix_l:
0000F92D  4C 3A 00                 dc.b    "L:", 0
                         ds.b    12  ; 12 bytes reserved
                         prog_version_prefix_c:
0000F93C  43 3A 00                 dc.b    "C:", 0
                         ds.b    189  ; 189 bytes reserved
                         prog_version_token_scratch:
                         ds.b    256  ; 256 bytes reserved
                         prog_version_path_scratch:
                         ds.b    256  ; 256 bytes reserved
                         prog_version_build_suffix:
0000FBFC  20 28 32 30 32 36 2D 30... dc.b    " (2026-04-25)", 0x0D, 0x0A, 0
                         ds.b    18  ; 18 bytes reserved
                         prog_version_copyright_line:
0000FC1E  43 6F 70 79 72 69 67 68... dc.b    0x43, 0x6F, 0x70, 0x79, 0x72, 0x69, 0x67, 0x68
0000FC26  74 20 A9 20 32 30 32     dc.b    0x74, 0x20, 0xA9, 0x20, 0x32, 0x30, 0x32
0000FC2D  36 20 5A 61 79 6E 20 4F... dc.b    0x36, 0x20, 0x5A, 0x61, 0x79, 0x6E, 0x20, 0x4F
0000FC35  74 6C 65 79 0D 0A 00     dc.b    0x74, 0x6C, 0x65, 0x79, 0x0D, 0x0A, 0
                         align   8  ; 4 bytes padding
                         prog_version_iosm:
0000FC40  49 4F 53 4D              dc.l    IOSM_MAGIC
0000FC44  01 00 00 00              dc.l    IOSM_SCHEMA_VERSION
0000FC48  05                       dc.b    IOSM_KIND_COMMAND
0000FC49  00                       dc.b    0
0000FC4A  01 00                    dc.w    1
0000FC4C  00 00                    dc.w    0
0000FC4E  01 00                    dc.w    1
0000FC50  56 65 72 73 69 6F 6E 00... dc.b    "Version", 0
                         ds.b    IOSM_NAME_SIZE - 8  ; 24 bytes reserved
0000FC70  04 00 00 00              dc.l    MODF_ASLR_CAPABLE
0000FC74  00 00 00 00              dc.l    0
0000FC78  32 30 32 36 2D 30 34 2D... dc.b    "2026-04-25", 0
                         ds.b    IOSM_BUILD_DATE_SIZE - 11  ; 5 bytes reserved
0000FC88  43 6F 70 79 72 69 67 68... dc.b    0x43, 0x6F, 0x70, 0x79, 0x72, 0x69, 0x67, 0x68, 0x74, 0x20, 0xA9, 0x20, 0x32, 0x30, 0x32, 0x36, 0x20, 0x5A, 0x61, 0x79, 0x6E, 0x20, 0x4F, 0x74, 0x6C, 0x65, 0x79, 0
                         ds.b    IOSM_COPYRIGHT_SIZE - 28  ; 20 bytes reserved
                         ds.b    8  ; 8 bytes reserved
                         prog_version_data_end:
                         prog_version_end:
                         prog_avail:
0000FCC0  00 00 00 00 00 00 00 00... dc.l    0, 0
0000FCC8  18 03 00 00              dc.l    prog_avail_code_end - prog_avail_code
0000FCCC  DF 00 00 00              dc.l    prog_avail_data_end - prog_avail_data
0000FCD0  00 00 00 00              dc.l    0
                         ds.b    12  ; 12 bytes reserved
                         prog_avail_code:
0000FCE0  21 FF F8 00 10 00 00 00... sub     sp, sp, #16
                         .av_preamble:
0000FCE8  10 EF F8 00 08 00 00 00... load.q  r29, 8(sp)
0000FCF0  11 EE F8 00 00 00 00 00... store.q r29, (sp)
                         .av_open_retry:
0000FCF8  10 EE F8 00 00 00 00 00... load.q  r29, (sp)
0000FD00  01 0E E8 00 00 00 00 00... move.q  r1, r29
0000FD08  01 15 00 00 00 00 00 00... move.l  r2, #0
0000FD10  EB 01 00 00 10 00 00 00... syscall #SYS_FIND_PORT
0000FD18  10 EE F8 00 00 00 00 00... load.q  r29, (sp)
0000FD20  41 06 10 00 20 00 00 00... beq r2, r0, .av_open_ok
0000FD28  EB 01 00 00 1A 00 00 00... syscall #SYS_YIELD
0000FD30  10 EE F8 00 00 00 00 00... load.q  r29, (sp)
0000FD38  40 06 00 00 C0 FF FF FF... bra     .av_open_retry
                         .av_open_ok:
0000FD40  11 0F E8 00 40 00 00 00... store.q r1, 64(r29)
0000FD48  20 A7 E8 00 10 00 00 00... add     r20, r29, #16
0000FD50  50 06 00 00 D8 01 00 00... jsr     .av_send_string
0000FD58  01 0D 00 00 08 00 00 00... move.l  r1, #SYSINFO_GUEST_RAM_PAGES
0000FD60  EB 01 00 00 1B 00 00 00... syscall #SYS_GET_SYS_INFO
0000FD68  10 EE F8 00 00 00 00 00... load.q  r29, (sp)
0000FD70  34 0F 08 00 02 00 00 00... lsl     r1, r1, #2
0000FD78  11 0F F8 00 08 00 00 00... store.q r1, 8(sp)
0000FD80  50 06 00 00 C0 00 00 00... jsr     .av_print_number
0000FD88  10 EE F8 00 00 00 00 00... load.q  r29, (sp)
0000FD90  20 A7 E8 00 18 00 00 00... add     r20, r29, #24
0000FD98  50 06 00 00 90 01 00 00... jsr     .av_send_string
0000FDA0  01 0D 00 00 00 00 00 00... move.l  r1, #SYSINFO_TOTAL_PAGES
0000FDA8  EB 01 00 00 1B 00 00 00... syscall #SYS_GET_SYS_INFO
0000FDB0  10 EE F8 00 00 00 00 00... load.q  r29, (sp)
0000FDB8  34 0F 08 00 02 00 00 00... lsl     r1, r1, #2
0000FDC0  11 0F F8 00 08 00 00 00... store.q r1, 8(sp)
0000FDC8  50 06 00 00 78 00 00 00... jsr     .av_print_number
0000FDD0  10 EE F8 00 00 00 00 00... load.q  r29, (sp)
0000FDD8  20 A7 E8 00 28 00 00 00... add     r20, r29, #40
0000FDE0  50 06 00 00 48 01 00 00... jsr     .av_send_string
0000FDE8  01 0D 00 00 01 00 00 00... move.l  r1, #SYSINFO_FREE_PAGES
0000FDF0  EB 01 00 00 1B 00 00 00... syscall #SYS_GET_SYS_INFO
0000FDF8  10 EE F8 00 00 00 00 00... load.q  r29, (sp)
0000FE00  34 0F 08 00 02 00 00 00... lsl     r1, r1, #2
0000FE08  11 0F F8 00 08 00 00 00... store.q r1, 8(sp)
0000FE10  50 06 00 00 30 00 00 00... jsr     .av_print_number
0000FE18  10 EE F8 00 00 00 00 00... load.q  r29, (sp)
0000FE20  20 A7 E8 00 34 00 00 00... add     r20, r29, #52
0000FE28  50 06 00 00 00 01 00 00... jsr     .av_send_string
0000FE30  01 0E 00 00 00 00 00 00... move.q  r1, r0
0000FE38  EB 01 00 00 22 00 00 00... syscall #SYS_EXIT_TASK
                         .av_print_number:
0000FE40  21 FF F8 00 10 00 00 00... sub     sp, sp, #16
0000FE48  10 EF F8 00 18 00 00 00... load.q  r29, 24(sp)
0000FE50  11 EE F8 00 00 00 00 00... store.q r29, (sp)
0000FE58  10 77 F8 00 20 00 00 00... load.q  r14, 32(sp)
0000FE60  20 7F E8 00 50 00 00 00... add     r15, r29, #80
0000FE68  20 87 78 00 0F 00 00 00... add     r16, r15, #15
0000FE70  11 00 80 00 00 00 00 00... store.b r0, (r16)
0000FE78  42 06 70 00 28 00 00 00... bne r14, r0, .av_divloop
0000FE80  21 87 80 00 01 00 00 00... sub     r16, r16, #1
0000FE88  01 8D 00 00 30 00 00 00... move.l  r17, #0x30
0000FE90  11 88 80 00 00 00 00 00... store.b r17, (r16)
0000FE98  40 06 00 00 70 00 00 00... bra     .av_send_digits
                         .av_divloop:
0000FEA0  41 06 70 00 68 00 00 00... beq r14, r0, .av_send_digits
0000FEA8  01 8E 00 00 00 00 00 00... move.q  r17, r0
0000FEB0  01 96 70 00 00 00 00 00... move.q  r18, r14
                         .av_div10:
0000FEB8  01 9D 00 00 0A 00 00 00... move.l  r19, #10
0000FEC0  43 06 90 98 20 00 00 00... blt     r18, r19, .av_div10_done
0000FEC8  21 97 90 00 0A 00 00 00... sub     r18, r18, #10
0000FED0  20 8F 88 00 01 00 00 00... add     r17, r17, #1
0000FED8  40 06 00 00 E0 FF FF FF... bra     .av_div10
                         .av_div10_done:
0000FEE0  20 97 90 00 30 00 00 00... add     r18, r18, #0x30
0000FEE8  21 87 80 00 01 00 00 00... sub     r16, r16, #1
0000FEF0  11 90 80 00 00 00 00 00... store.b r18, (r16)
0000FEF8  01 76 88 00 00 00 00 00... move.q  r14, r17
0000FF00  40 06 00 00 A0 FF FF FF... bra     .av_divloop
                         .av_send_digits:
0000FF08  01 A6 80 00 00 00 00 00... move.q  r20, r16
0000FF10  50 06 00 00 18 00 00 00... jsr     .av_send_string
0000FF18  20 FF F8 00 10 00 00 00... add     sp, sp, #16
0000FF20  51 00 00 00 00 00 00 00... rts
                         .av_send_string:
0000FF28  21 FF F8 00 10 00 00 00... sub     sp, sp, #16
0000FF30  10 EF F8 00 18 00 00 00... load.q  r29, 24(sp)
0000FF38  11 EE F8 00 00 00 00 00... store.q r29, (sp)
                         .av_ss_loop:
0000FF40  10 08 A0 00 00 00 00 00... load.b  r1, (r20)
0000FF48  41 06 08 00 A0 00 00 00... beq r1, r0, .av_ss_done
0000FF50  11 A7 F8 00 08 00 00 00... store.q r20, 8(sp)
                         .av_ss_retry:
0000FF58  10 A7 F8 00 08 00 00 00... load.q  r20, 8(sp)
0000FF60  10 18 A0 00 00 00 00 00... load.b  r3, (r20)
0000FF68  01 15 00 00 00 00 00 00... move.l  r2, #0
0000FF70  01 26 00 00 00 00 00 00... move.q  r4, r0
0000FF78  01 2D 00 00 FF FF 00 00... move.l  r5, #REPLY_PORT_NONE
0000FF80  01 36 00 00 00 00 00 00... move.q  r6, r0
0000FF88  10 EE F8 00 00 00 00 00... load.q  r29, (sp)
0000FF90  10 0F E8 00 40 00 00 00... load.q  r1, 64(r29)
0000FF98  EB 01 00 00 11 00 00 00... syscall #SYS_PUT_MSG
0000FFA0  10 EE F8 00 00 00 00 00... load.q  r29, (sp)
0000FFA8  01 E5 00 00 09 00 00 00... move.l  r28, #ERR_FULL
0000FFB0  41 06 10 E0 20 00 00 00... beq     r2, r28, .av_ss_full
0000FFB8  10 A7 F8 00 08 00 00 00... load.q  r20, 8(sp)
0000FFC0  20 A7 A0 00 01 00 00 00... add     r20, r20, #1
0000FFC8  40 06 00 00 78 FF FF FF... bra     .av_ss_loop
                         .av_ss_full:
0000FFD0  EB 01 00 00 1A 00 00 00... syscall #SYS_YIELD
0000FFD8  10 EE F8 00 00 00 00 00... load.q  r29, (sp)
0000FFE0  40 06 00 00 78 FF FF FF... bra     .av_ss_retry
                         .av_ss_done:
0000FFE8  20 FF F8 00 10 00 00 00... add     sp, sp, #16
0000FFF0  51 00 00 00 00 00 00 00... rts
                         prog_avail_code_end:
                         prog_avail_data:
0000FFF8  63 6F 6E 73 6F 6C 65 2E... dc.b    "console.handler", 0
00010008  50 68 79 73 3A 20 00 00... dc.b    "Phys: ", 0, 0
00010010  20 4B 42 20 20 41 6C 6C... dc.b    " KB  Alloc: ", 0, 0, 0, 0
00010020  20 4B 42 20 20 46 72 65... dc.b    " KB  Free: ", 0
0001002C  20 4B 42 0D 0A 00        dc.b    " KB", 0x0D, 0x0A, 0
                         ds.b    5  ; 5 bytes reserved
                         ds.b    8  ; 8 bytes reserved
                         ds.b    8  ; 8 bytes reserved
                         ds.b    16  ; 16 bytes reserved
                         align   8  ; 1 bytes padding
                         prog_avail_iosm:
00010058  49 4F 53 4D              dc.l    IOSM_MAGIC
0001005C  01 00 00 00              dc.l    IOSM_SCHEMA_VERSION
00010060  05                       dc.b    IOSM_KIND_COMMAND
00010061  00                       dc.b    0
00010062  01 00                    dc.w    1
00010064  00 00                    dc.w    0
00010066  01 00                    dc.w    1
00010068  41 76 61 69 6C 00        dc.b    "Avail", 0
                         ds.b    IOSM_NAME_SIZE - 7  ; 25 bytes reserved
00010087  04 00 00 00              dc.l    MODF_ASLR_CAPABLE
0001008B  00 00 00 00              dc.l    0
0001008F  32 30 32 36 2D 30 34 2D... dc.b    "2026-04-25", 0
                         ds.b    IOSM_BUILD_DATE_SIZE - 11  ; 5 bytes reserved
0001009F  43 6F 70 79 72 69 67 68... dc.b    0x43, 0x6F, 0x70, 0x79, 0x72, 0x69, 0x67, 0x68, 0x74, 0x20, 0xA9, 0x20, 0x32, 0x30, 0x32, 0x36, 0x20, 0x5A, 0x61, 0x79, 0x6E, 0x20, 0x4F, 0x74, 0x6C, 0x65, 0x79, 0
                         ds.b    IOSM_COPYRIGHT_SIZE - 28  ; 20 bytes reserved
                         ds.b    8  ; 8 bytes reserved
                         prog_avail_data_end:
                         align   8  ; 1 bytes padding
                         prog_avail_end:
                         prog_dir:
000100D8  00 00 00 00 00 00 00 00... dc.l    0, 0
000100E0  28 0D 00 00              dc.l    prog_dir_code_end - prog_dir_code
000100E4  3F 02 00 00              dc.l    prog_dir_data_end - prog_dir_data
000100E8  00 00 00 00              dc.l    0
                         ds.b    12  ; 12 bytes reserved
                         prog_dir_code:
000100F8  21 FF F8 00 10 00 00 00... sub     sp, sp, #16
                         .dir_preamble:
00010100  10 EF F8 00 08 00 00 00... load.q  r29, 8(sp)
00010108  11 EE F8 00 00 00 00 00... store.q r29, (sp)
                         .dir_open_con_retry:
00010110  10 EE F8 00 00 00 00 00... load.q  r29, (sp)
00010118  01 0E E8 00 00 00 00 00... move.q  r1, r29
00010120  01 15 00 00 00 00 00 00... move.l  r2, #0
00010128  EB 01 00 00 10 00 00 00... syscall #SYS_FIND_PORT
00010130  10 EE F8 00 00 00 00 00... load.q  r29, (sp)
00010138  41 06 10 00 20 00 00 00... beq r2, r0, .dir_open_con_ok
00010140  EB 01 00 00 1A 00 00 00... syscall #SYS_YIELD
00010148  10 EE F8 00 00 00 00 00... load.q  r29, (sp)
00010150  40 06 00 00 C0 FF FF FF... bra     .dir_open_con_retry
                         .dir_open_con_ok:
00010158  11 0F E8 00 40 00 00 00... store.q r1, 64(r29)
                         .dir_open_dos_alloc:
00010160  01 0D 00 00 10 00 00 00... move.l  r1, #16
00010168  EB 01 00 00 0B 00 00 00... syscall #SYS_ALLOC_SIGNAL
00010170  10 EE F8 00 00 00 00 00... load.q  r29, (sp)
00010178  42 06 10 00 80 01 00 00... bne r2, r0, .dir_open_dos_alloc_wait
00010180  11 0F E8 00 A0 00 00 00... store.q r1, 160(r29)
                         .dir_open_dos_retry:
00010188  10 EE F8 00 00 00 00 00... load.q  r29, (sp)
00010190  01 75 00 00 FF FF FF FF... move.l  r14, #0xFFFFFFFF
00010198  11 75 E8 00 A8 00 00 00... store.l r14, 168(r29)
000101A0  11 05 E8 00 AC 00 00 00... store.l r0, 172(r29)
000101A8  11 05 E8 00 B0 00 00 00... store.l r0, 176(r29)
000101B0  11 05 E8 00 B4 00 00 00... store.l r0, 180(r29)
000101B8  20 0F E8 00 10 00 00 00... add     r1, r29, #16
000101C0  01 15 00 00 00 00 00 00... move.l  r2, #0
000101C8  10 1F E8 00 A0 00 00 00... load.q  r3, 160(r29)
000101D0  20 27 E8 00 A8 00 00 00... add     r4, r29, #168
000101D8  EB 01 00 00 2D 00 00 00... syscall #SYS_OPEN_LIBRARY_EX
000101E0  10 EE F8 00 00 00 00 00... load.q  r29, (sp)
000101E8  41 06 10 00 88 00 00 00... beq r2, r0, .dir_find_dos
000101F0  01 75 00 00 06 00 00 00... move.l  r14, #ERR_AGAIN
000101F8  42 06 10 70 E8 00 00 00... bne     r2, r14, .dir_open_dos_wait
00010200  10 75 E8 00 A8 00 00 00... load.l  r14, 168(r29)
00010208  01 7D 00 00 FF FF FF FF... move.l  r15, #0xFFFFFFFF
00010210  42 06 70 78 50 00 00 00... bne     r14, r15, .dir_open_dos_done
00010218  10 77 E8 00 A0 00 00 00... load.q  r14, 160(r29)
00010220  01 0F 00 00 01 00 00 00... move.q  r1, #1
00010228  34 0E 08 70 00 00 00 00... lsl     r1, r1, r14
00010230  EB 01 00 00 0E 00 00 00... syscall #SYS_WAIT
00010238  10 EE F8 00 00 00 00 00... load.q  r29, (sp)
00010240  42 06 10 00 A0 00 00 00... bne r2, r0, .dir_open_dos_wait
00010248  10 75 E8 00 A8 00 00 00... load.l  r14, 168(r29)
00010250  01 7D 00 00 FF FF FF FF... move.l  r15, #0xFFFFFFFF
00010258  41 06 70 78 88 00 00 00... beq     r14, r15, .dir_open_dos_wait
                         .dir_open_dos_done:
00010260  11 0F E8 00 B8 00 00 00... store.q r1, 184(r29)
00010268  42 06 70 00 78 00 00 00... bne r14, r0, .dir_open_dos_wait
                         .dir_find_dos:
00010270  10 EE F8 00 00 00 00 00... load.q  r29, (sp)
00010278  20 0F E8 00 10 00 00 00... add     r1, r29, #16
00010280  01 15 00 00 00 00 00 00... move.l  r2, #0
00010288  EB 01 00 00 10 00 00 00... syscall #SYS_FIND_PORT
00010290  10 EE F8 00 00 00 00 00... load.q  r29, (sp)
00010298  42 06 10 00 48 00 00 00... bne r2, r0, .dir_open_dos_wait
                         .dir_open_dos_ok:
000102A0  11 0F E8 00 48 00 00 00... store.q r1, 72(r29)
000102A8  10 77 E8 00 A0 00 00 00... load.q  r14, 160(r29)
000102B0  41 06 70 00 28 00 00 00... beq r14, r0, .dir_open_dos_sigfree_done
000102B8  01 0E 70 00 00 00 00 00... move.q  r1, r14
000102C0  EB 01 00 00 0C 00 00 00... syscall #SYS_FREE_SIGNAL
000102C8  10 EE F8 00 00 00 00 00... load.q  r29, (sp)
000102D0  11 07 E8 00 A0 00 00 00... store.q r0, 160(r29)
                         .dir_open_dos_sigfree_done:
000102D8  40 06 00 00 38 00 00 00... bra     .dir_open_dos_ready
                         .dir_open_dos_wait:
000102E0  EB 01 00 00 1A 00 00 00... syscall #SYS_YIELD
000102E8  10 EE F8 00 00 00 00 00... load.q  r29, (sp)
000102F0  40 06 00 00 98 FE FF FF... bra     .dir_open_dos_retry
                         .dir_open_dos_alloc_wait:
000102F8  EB 01 00 00 1A 00 00 00... syscall #SYS_YIELD
00010300  10 EE F8 00 00 00 00 00... load.q  r29, (sp)
00010308  40 06 00 00 58 FE FF FF... bra     .dir_open_dos_alloc
                         .dir_open_dos_ready:
00010310  01 0E 00 00 00 00 00 00... move.q  r1, r0
00010318  01 16 00 00 00 00 00 00... move.q  r2, r0
00010320  EB 01 00 00 0F 00 00 00... syscall #SYS_CREATE_PORT
00010328  10 EE F8 00 00 00 00 00... load.q  r29, (sp)
00010330  11 0F E8 00 50 00 00 00... store.q r1, 80(r29)
00010338  01 0D 00 00 00 10 00 00... move.l  r1, #0x1000
00010340  01 15 00 00 01 00 01 00... move.l  r2, #0x10001
00010348  EB 01 00 00 01 00 00 00... syscall #SYS_ALLOC_MEM
00010350  10 EE F8 00 00 00 00 00... load.q  r29, (sp)
00010358  11 0F E8 00 58 00 00 00... store.q r1, 88(r29)
00010360  11 1D E8 00 60 00 00 00... store.l r3, 96(r29)
00010368  11 07 E8 00 68 00 00 00... store.q r0, 104(r29)
00010370  11 07 E8 00 70 00 00 00... store.q r0, 112(r29)
00010378  11 07 E8 00 88 00 00 00... store.q r0, 136(r29)
00010380  10 77 E8 00 58 00 00 00... load.q  r14, 88(r29)
00010388  11 00 70 00 00 00 00 00... store.b r0, (r14)
00010390  20 77 E8 00 00 0C 00 00... add     r14, r29, #DATA_ARGS_OFFSET
                         .dir_skip_ws:
00010398  10 78 70 00 00 00 00 00... load.b  r15, (r14)
000103A0  41 06 78 00 90 05 00 00... beq r15, r0, .dir_args_done
000103A8  01 85 00 00 20 00 00 00... move.l  r16, #0x20
000103B0  42 06 78 80 18 00 00 00... bne     r15, r16, .dir_have_arg
000103B8  20 77 70 00 01 00 00 00... add     r14, r14, #1
000103C0  40 06 00 00 D8 FF FF FF... bra     .dir_skip_ws
                         .dir_have_arg:
000103C8  01 8E 70 00 00 00 00 00... move.q  r17, r14
000103D0  01 95 00 00 00 00 00 00... move.l  r18, #0
                         .dir_arg_len:
000103D8  20 9E 88 90 00 00 00 00... add     r19, r17, r18
000103E0  10 A0 98 00 00 00 00 00... load.b  r20, (r19)
000103E8  41 06 A0 00 30 00 00 00... beq r20, r0, .dir_arg_len_done
000103F0  01 AD 00 00 20 00 00 00... move.l  r21, #0x20
000103F8  41 06 A0 A8 20 00 00 00... beq     r20, r21, .dir_arg_len_done
00010400  20 97 90 00 01 00 00 00... add     r18, r18, #1
00010408  01 AD 00 00 10 00 00 00... move.l  r21, #16
00010410  43 06 90 A8 C8 FF FF FF... blt     r18, r21, .dir_arg_len
                         .dir_arg_len_done:
00010418  01 AD 00 00 02 00 00 00... move.l  r21, #2
00010420  43 06 90 A8 10 05 00 00... blt     r18, r21, .dir_args_done
00010428  21 9F 90 00 01 00 00 00... sub     r19, r18, #1
00010430  20 9E 88 98 00 00 00 00... add     r19, r17, r19
00010438  10 A0 98 00 00 00 00 00... load.b  r20, (r19)
00010440  01 AD 00 00 3A 00 00 00... move.l  r21, #0x3A
00010448  42 06 A0 A8 98 01 00 00... bne     r20, r21, .dir_copy_explicit_path
00010450  21 97 90 00 01 00 00 00... sub     r18, r18, #1
00010458  10 77 E8 00 58 00 00 00... load.q  r14, 88(r29)
00010460  01 A5 00 00 00 00 00 00... move.l  r20, #0
                         .dir_copy_query_name:
00010468  44 06 A0 90 38 00 00 00... bge     r20, r18, .dir_copy_query_done
00010470  20 AE 88 A0 00 00 00 00... add     r21, r17, r20
00010478  10 B0 A8 00 00 00 00 00... load.b  r22, (r21)
00010480  20 AE 70 A0 00 00 00 00... add     r21, r14, r20
00010488  11 B0 A8 00 00 00 00 00... store.b r22, (r21)
00010490  20 A7 A0 00 01 00 00 00... add     r20, r20, #1
00010498  40 06 00 00 D0 FF FF FF... bra     .dir_copy_query_name
                         .dir_copy_query_done:
000104A0  20 AE 70 A0 00 00 00 00... add     r21, r14, r20
000104A8  11 00 A8 00 00 00 00 00... store.b r0, (r21)
000104B0  01 15 00 00 0A 00 00 00... move.l  r2, #DOS_ASSIGN
000104B8  01 1D 00 00 01 00 00 00... move.l  r3, #DOS_ASSIGN_QUERY
000104C0  01 26 00 00 00 00 00 00... move.q  r4, r0
000104C8  10 2F E8 00 50 00 00 00... load.q  r5, 80(r29)
000104D0  10 35 E8 00 60 00 00 00... load.l  r6, 96(r29)
000104D8  10 0F E8 00 48 00 00 00... load.q  r1, 72(r29)
000104E0  EB 01 00 00 11 00 00 00... syscall #SYS_PUT_MSG
000104E8  10 EE F8 00 00 00 00 00... load.q  r29, (sp)
000104F0  10 0F E8 00 50 00 00 00... load.q  r1, 80(r29)
000104F8  EB 01 00 00 13 00 00 00... syscall #SYS_WAIT_PORT
00010500  10 EE F8 00 00 00 00 00... load.q  r29, (sp)
00010508  42 06 08 00 28 04 00 00... bne r1, r0, .dir_args_done
00010510  10 77 E8 00 58 00 00 00... load.q  r14, 88(r29)
00010518  20 7F 70 00 10 00 00 00... add     r15, r14, #DOS_ASSIGN_TARGET_OFF
00010520  20 87 E8 00 C0 00 00 00... add     r16, r29, #192
00010528  01 A5 00 00 00 00 00 00... move.l  r20, #0
                         .dir_copy_query_target_only:
00010530  01 AD 00 00 1F 00 00 00... move.l  r21, #31
00010538  44 06 A0 A8 58 00 00 00... bge     r20, r21, .dir_copy_query_target_only_done
00010540  20 B6 78 A0 00 00 00 00... add     r22, r15, r20
00010548  10 B8 B0 00 00 00 00 00... load.b  r23, (r22)
00010550  41 06 B8 00 40 00 00 00... beq r23, r0, .dir_copy_query_target_only_done
00010558  01 AD 00 00 3A 00 00 00... move.l  r21, #0x3A
00010560  42 06 B8 A8 10 00 00 00... bne     r23, r21, .dir_copy_query_target_only_store
00010568  01 BD 00 00 2F 00 00 00... move.l  r23, #0x2F
                         .dir_copy_query_target_only_store:
00010570  20 B6 80 A0 00 00 00 00... add     r22, r16, r20
00010578  11 B8 B0 00 00 00 00 00... store.b r23, (r22)
00010580  20 A7 A0 00 01 00 00 00... add     r20, r20, #1
00010588  40 06 00 00 A8 FF FF FF... bra     .dir_copy_query_target_only
                         .dir_copy_query_target_only_done:
00010590  20 B6 80 A0 00 00 00 00... add     r22, r16, r20
00010598  11 00 B0 00 00 00 00 00... store.b r0, (r22)
000105A0  01 0E 80 00 00 00 00 00... move.q  r1, r16
000105A8  01 16 70 00 00 00 00 00... move.q  r2, r14
000105B0  50 06 00 00 E8 07 00 00... jsr     .dir_copy_zstr
000105B8  11 07 E8 00 68 00 00 00... store.q r0, 104(r29)
000105C0  11 07 E8 00 70 00 00 00... store.q r0, 112(r29)
000105C8  01 AD 00 00 01 00 00 00... move.l  r21, #1
000105D0  11 AF E8 00 88 00 00 00... store.q r21, 136(r29)
000105D8  40 06 00 00 58 03 00 00... bra     .dir_args_done
                         .dir_copy_explicit_path:
000105E0  01 C5 00 00 00 00 00 00... move.l  r24, #0
                         .dir_explicit_find_colon:
000105E8  44 06 C0 90 D0 02 00 00... bge     r24, r18, .dir_copy_explicit_path_plain
000105F0  20 CE 88 C0 00 00 00 00... add     r25, r17, r24
000105F8  10 D0 C8 00 00 00 00 00... load.b  r26, (r25)
00010600  01 DD 00 00 3A 00 00 00... move.l  r27, #0x3A
00010608  41 06 D0 D8 18 00 00 00... beq     r26, r27, .dir_explicit_have_colon
00010610  20 C7 C0 00 01 00 00 00... add     r24, r24, #1
00010618  40 06 00 00 D0 FF FF FF... bra     .dir_explicit_find_colon
                         .dir_explicit_have_colon:
00010620  01 0E 88 00 00 00 00 00... move.q  r1, r17
00010628  20 17 E8 00 A0 00 00 00... add     r2, r29, #160
00010630  50 06 00 00 68 07 00 00... jsr     .dir_copy_zstr
00010638  11 C7 E8 00 98 00 00 00... store.q r24, 152(r29)
00010640  10 77 E8 00 58 00 00 00... load.q  r14, 88(r29)
00010648  01 A5 00 00 00 00 00 00... move.l  r20, #0
                         .dir_explicit_copy_query_name:
00010650  44 06 A0 C0 38 00 00 00... bge     r20, r24, .dir_explicit_copy_query_done
00010658  20 AE 88 A0 00 00 00 00... add     r21, r17, r20
00010660  10 B0 A8 00 00 00 00 00... load.b  r22, (r21)
00010668  20 AE 70 A0 00 00 00 00... add     r21, r14, r20
00010670  11 B0 A8 00 00 00 00 00... store.b r22, (r21)
00010678  20 A7 A0 00 01 00 00 00... add     r20, r20, #1
00010680  40 06 00 00 D0 FF FF FF... bra     .dir_explicit_copy_query_name
                         .dir_explicit_copy_query_done:
00010688  20 AE 70 A0 00 00 00 00... add     r21, r14, r20
00010690  11 00 A8 00 00 00 00 00... store.b r0, (r21)
00010698  01 15 00 00 0A 00 00 00... move.l  r2, #DOS_ASSIGN
000106A0  01 1D 00 00 01 00 00 00... move.l  r3, #DOS_ASSIGN_QUERY
000106A8  01 26 00 00 00 00 00 00... move.q  r4, r0
000106B0  10 2F E8 00 50 00 00 00... load.q  r5, 80(r29)
000106B8  10 35 E8 00 60 00 00 00... load.l  r6, 96(r29)
000106C0  10 0F E8 00 48 00 00 00... load.q  r1, 72(r29)
000106C8  EB 01 00 00 11 00 00 00... syscall #SYS_PUT_MSG
000106D0  10 EE F8 00 00 00 00 00... load.q  r29, (sp)
000106D8  10 0F E8 00 50 00 00 00... load.q  r1, 80(r29)
000106E0  EB 01 00 00 13 00 00 00... syscall #SYS_WAIT_PORT
000106E8  10 EE F8 00 00 00 00 00... load.q  r29, (sp)
000106F0  42 06 08 00 C8 01 00 00... bne r1, r0, .dir_copy_explicit_path_plain
000106F8  20 8F E8 00 A0 00 00 00... add     r17, r29, #160
00010700  10 C7 E8 00 98 00 00 00... load.q  r24, 152(r29)
                         .dir_explicit_build_from_query:
00010708  10 77 E8 00 58 00 00 00... load.q  r14, 88(r29)
00010710  20 7F 70 00 10 00 00 00... add     r15, r14, #DOS_ASSIGN_TARGET_OFF
00010718  20 87 E8 00 C0 00 00 00... add     r16, r29, #192
00010720  01 A5 00 00 00 00 00 00... move.l  r20, #0
                         .dir_explicit_copy_target:
00010728  01 AD 00 00 1F 00 00 00... move.l  r21, #31
00010730  44 06 A0 A8 58 00 00 00... bge     r20, r21, .dir_explicit_copy_suffix
00010738  20 B6 78 A0 00 00 00 00... add     r22, r15, r20
00010740  10 B8 B0 00 00 00 00 00... load.b  r23, (r22)
00010748  41 06 B8 00 40 00 00 00... beq r23, r0, .dir_explicit_copy_suffix
00010750  01 AD 00 00 3A 00 00 00... move.l  r21, #0x3A
00010758  42 06 B8 A8 10 00 00 00... bne     r23, r21, .dir_explicit_target_store
00010760  01 BD 00 00 2F 00 00 00... move.l  r23, #0x2F
                         .dir_explicit_target_store:
00010768  20 B6 80 A0 00 00 00 00... add     r22, r16, r20
00010770  11 B8 B0 00 00 00 00 00... store.b r23, (r22)
00010778  20 A7 A0 00 01 00 00 00... add     r20, r20, #1
00010780  40 06 00 00 A8 FF FF FF... bra     .dir_explicit_copy_target
                         .dir_explicit_copy_suffix:
00010788  20 AE 88 C0 00 00 00 00... add     r21, r17, r24
00010790  20 AF A8 00 01 00 00 00... add     r21, r21, #1
00010798  01 B5 00 00 00 00 00 00... move.l  r22, #0
                         .dir_explicit_suffix_loop:
000107A0  01 BD 00 00 1F 00 00 00... move.l  r23, #31
000107A8  44 06 A0 B8 48 00 00 00... bge     r20, r23, .dir_explicit_maybe_term
000107B0  20 BE A8 B0 00 00 00 00... add     r23, r21, r22
000107B8  10 C8 B8 00 00 00 00 00... load.b  r25, (r23)
000107C0  41 06 C8 00 30 00 00 00... beq r25, r0, .dir_explicit_maybe_term
000107C8  20 BE 80 A0 00 00 00 00... add     r23, r16, r20
000107D0  11 C8 B8 00 00 00 00 00... store.b r25, (r23)
000107D8  20 A7 A0 00 01 00 00 00... add     r20, r20, #1
000107E0  20 B7 B0 00 01 00 00 00... add     r22, r22, #1
000107E8  40 06 00 00 B8 FF FF FF... bra     .dir_explicit_suffix_loop
                         .dir_explicit_maybe_term:
000107F0  41 06 B0 00 78 00 00 00... beq r22, r0, .dir_explicit_copyback
000107F8  41 06 A0 00 70 00 00 00... beq r20, r0, .dir_explicit_copyback
00010800  20 BE 80 A0 00 00 00 00... add     r23, r16, r20
00010808  21 BF B8 00 01 00 00 00... sub     r23, r23, #1
00010810  10 C8 B8 00 00 00 00 00... load.b  r25, (r23)
00010818  01 C5 00 00 2F 00 00 00... move.l  r24, #0x2F
00010820  41 06 C8 C0 48 00 00 00... beq     r25, r24, .dir_explicit_copyback
00010828  01 C5 00 00 3A 00 00 00... move.l  r24, #0x3A
00010830  41 06 C8 C0 38 00 00 00... beq     r25, r24, .dir_explicit_copyback
00010838  01 BD 00 00 1F 00 00 00... move.l  r23, #31
00010840  44 06 A0 B8 28 00 00 00... bge     r20, r23, .dir_explicit_copyback
00010848  20 BE 80 A0 00 00 00 00... add     r23, r16, r20
00010850  01 C5 00 00 2F 00 00 00... move.l  r24, #0x2F
00010858  11 C0 B8 00 00 00 00 00... store.b r24, (r23)
00010860  20 A7 A0 00 01 00 00 00... add     r20, r20, #1
                         .dir_explicit_copyback:
00010868  20 BE 80 A0 00 00 00 00... add     r23, r16, r20
00010870  11 00 B8 00 00 00 00 00... store.b r0, (r23)
00010878  01 0E 80 00 00 00 00 00... move.q  r1, r16
00010880  01 16 70 00 00 00 00 00... move.q  r2, r14
00010888  50 06 00 00 10 05 00 00... jsr     .dir_copy_zstr
00010890  11 07 E8 00 68 00 00 00... store.q r0, 104(r29)
00010898  11 07 E8 00 70 00 00 00... store.q r0, 112(r29)
000108A0  01 AD 00 00 01 00 00 00... move.l  r21, #1
000108A8  11 AF E8 00 88 00 00 00... store.q r21, 136(r29)
000108B0  40 06 00 00 80 00 00 00... bra     .dir_args_done
                         .dir_copy_explicit_path_plain:
000108B8  10 77 E8 00 58 00 00 00... load.q  r14, 88(r29)
000108C0  01 A5 00 00 00 00 00 00... move.l  r20, #0
                         .dir_copy_explicit_path_loop:
000108C8  44 06 A0 90 38 00 00 00... bge     r20, r18, .dir_copy_explicit_path_done
000108D0  20 AE 88 A0 00 00 00 00... add     r21, r17, r20
000108D8  10 B0 A8 00 00 00 00 00... load.b  r22, (r21)
000108E0  20 AE 70 A0 00 00 00 00... add     r21, r14, r20
000108E8  11 B0 A8 00 00 00 00 00... store.b r22, (r21)
000108F0  20 A7 A0 00 01 00 00 00... add     r20, r20, #1
000108F8  40 06 00 00 D0 FF FF FF... bra     .dir_copy_explicit_path_loop
                         .dir_copy_explicit_path_done:
00010900  20 AE 70 A0 00 00 00 00... add     r21, r14, r20
00010908  11 00 A8 00 00 00 00 00... store.b r0, (r21)
00010910  11 07 E8 00 68 00 00 00... store.q r0, 104(r29)
00010918  11 07 E8 00 70 00 00 00... store.q r0, 112(r29)
00010920  01 AD 00 00 01 00 00 00... move.l  r21, #1
00010928  11 AF E8 00 88 00 00 00... store.q r21, 136(r29)
                         .dir_args_done:
00010930  10 77 E8 00 58 00 00 00... load.q  r14, 88(r29)
00010938  10 7F E8 00 88 00 00 00... load.q  r15, 136(r29)
00010940  42 06 78 00 10 00 00 00... bne r15, r0, .dir_args_preserved
00010948  11 00 70 00 00 00 00 00... store.b r0, (r14)
                         .dir_args_preserved:
00010950  01 0E 00 00 00 00 00 00... move.q  r1, r0
00010958  01 16 00 00 00 00 00 00... move.q  r2, r0
00010960  EB 01 00 00 0F 00 00 00... syscall #SYS_CREATE_PORT
00010968  10 EE F8 00 00 00 00 00... load.q  r29, (sp)
00010970  11 0F E8 00 50 00 00 00... store.q r1, 80(r29)
00010978  01 15 00 00 05 00 00 00... move.l  r2, #DOS_DIR
00010980  01 1E 00 00 00 00 00 00... move.q  r3, r0
00010988  01 26 00 00 00 00 00 00... move.q  r4, r0
00010990  10 2F E8 00 50 00 00 00... load.q  r5, 80(r29)
00010998  10 35 E8 00 60 00 00 00... load.l  r6, 96(r29)
000109A0  10 0F E8 00 48 00 00 00... load.q  r1, 72(r29)
000109A8  EB 01 00 00 11 00 00 00... syscall #SYS_PUT_MSG
000109B0  10 EE F8 00 00 00 00 00... load.q  r29, (sp)
000109B8  10 0F E8 00 50 00 00 00... load.q  r1, 80(r29)
000109C0  EB 01 00 00 13 00 00 00... syscall #SYS_WAIT_PORT
000109C8  10 EE F8 00 00 00 00 00... load.q  r29, (sp)
000109D0  42 06 08 00 D0 02 00 00... bne r1, r0, .dir_empty
000109D8  11 17 F8 00 08 00 00 00... store.q r2, 8(sp)
000109E0  41 06 10 00 C0 02 00 00... beq r2, r0, .dir_empty
                         .dir_print_ready:
000109E8  10 77 E8 00 58 00 00 00... load.q  r14, 88(r29)
000109F0  10 7F F8 00 08 00 00 00... load.q  r15, 8(sp)
000109F8  01 85 00 00 00 00 00 00... move.l  r16, #0
                         .dir_print_loop:
00010A00  44 06 80 78 C0 02 00 00... bge     r16, r15, .dir_done
00010A08  20 8E 70 80 00 00 00 00... add     r17, r14, r16
00010A10  10 90 88 00 00 00 00 00... load.b  r18, (r17)
00010A18  41 06 90 00 A8 02 00 00... beq r18, r0, .dir_done
00010A20  11 87 F8 00 08 00 00 00... store.q r16, 8(sp)
                         .dir_char_retry:
00010A28  10 EE F8 00 00 00 00 00... load.q  r29, (sp)
00010A30  10 87 F8 00 08 00 00 00... load.q  r16, 8(sp)
00010A38  10 77 E8 00 58 00 00 00... load.q  r14, 88(r29)
00010A40  20 8E 70 80 00 00 00 00... add     r17, r14, r16
00010A48  10 18 88 00 00 00 00 00... load.b  r3, (r17)
00010A50  01 15 00 00 00 00 00 00... move.l  r2, #0
00010A58  01 26 00 00 00 00 00 00... move.q  r4, r0
00010A60  01 2D 00 00 FF FF 00 00... move.l  r5, #REPLY_PORT_NONE
00010A68  01 36 00 00 00 00 00 00... move.q  r6, r0
00010A70  10 0F E8 00 40 00 00 00... load.q  r1, 64(r29)
00010A78  EB 01 00 00 11 00 00 00... syscall #SYS_PUT_MSG
00010A80  10 EE F8 00 00 00 00 00... load.q  r29, (sp)
00010A88  01 E5 00 00 09 00 00 00... move.l  r28, #ERR_FULL
00010A90  41 06 10 E0 38 00 00 00... beq     r2, r28, .dir_char_full
00010A98  10 87 F8 00 08 00 00 00... load.q  r16, 8(sp)
00010AA0  20 87 80 00 01 00 00 00... add     r16, r16, #1
00010AA8  11 87 F8 00 08 00 00 00... store.q r16, 8(sp)
00010AB0  10 90 88 00 00 00 00 00... load.b  r18, (r17)
00010AB8  42 06 90 00 48 FF FF FF... bne r18, r0, .dir_print_loop
00010AC0  40 06 00 00 00 02 00 00... bra     .dir_done
                         .dir_char_full:
00010AC8  EB 01 00 00 1A 00 00 00... syscall #SYS_YIELD
00010AD0  10 EE F8 00 00 00 00 00... load.q  r29, (sp)
00010AD8  40 06 00 00 50 FF FF FF... bra     .dir_char_retry
                         .dir_filter_listing:
00010AE0  10 77 E8 00 58 00 00 00... load.q  r14, 88(r29)
00010AE8  10 7F F8 00 08 00 00 00... load.q  r15, 8(sp)
00010AF0  01 85 00 00 00 00 00 00... move.l  r16, #0
00010AF8  01 C5 00 00 00 00 00 00... move.l  r24, #0
                         .dir_filter_loop:
00010B00  44 06 80 78 78 01 00 00... bge     r16, r15, .dir_filter_done
00010B08  20 8E 70 80 00 00 00 00... add     r17, r14, r16
00010B10  01 96 88 00 00 00 00 00... move.q  r18, r17
00010B18  01 9E 80 00 00 00 00 00... move.q  r19, r16
                         .dir_find_lf:
00010B20  44 06 98 78 38 00 00 00... bge     r19, r15, .dir_have_line
00010B28  10 A0 90 00 00 00 00 00... load.b  r20, (r18)
00010B30  01 AD 00 00 0A 00 00 00... move.l  r21, #0x0A
00010B38  41 06 A0 A8 20 00 00 00... beq     r20, r21, .dir_have_line
00010B40  20 97 90 00 01 00 00 00... add     r18, r18, #1
00010B48  20 9F 98 00 01 00 00 00... add     r19, r19, #1
00010B50  40 06 00 00 D0 FF FF FF... bra     .dir_find_lf
                         .dir_have_line:
00010B58  10 A7 E8 00 70 00 00 00... load.q  r20, 112(r29)
00010B60  41 06 A0 00 68 00 00 00... beq r20, r0, .dir_match_root
00010B68  20 AF E8 00 78 00 00 00... add     r21, r29, #120
00010B70  01 B5 00 00 00 00 00 00... move.l  r22, #0
                         .dir_match_prefix:
00010B78  44 06 B0 A0 40 00 00 00... bge     r22, r20, .dir_copy_prefixed
00010B80  20 BE 88 B0 00 00 00 00... add     r23, r17, r22
00010B88  10 C8 B8 00 00 00 00 00... load.b  r25, (r23)
00010B90  20 D6 A8 B0 00 00 00 00... add     r26, r21, r22
00010B98  10 D8 D0 00 00 00 00 00... load.b  r27, (r26)
00010BA0  42 06 C8 D8 C0 00 00 00... bne     r25, r27, .dir_skip_line
00010BA8  20 B7 B0 00 01 00 00 00... add     r22, r22, #1
00010BB0  40 06 00 00 C8 FF FF FF... bra     .dir_match_prefix
                         .dir_copy_prefixed:
00010BB8  20 BE 88 A0 00 00 00 00... add     r23, r17, r20
00010BC0  40 06 00 00 60 00 00 00... bra     .dir_copy_line
                         .dir_match_root:
00010BC8  01 BE 88 00 00 00 00 00... move.q  r23, r17
                         .dir_root_scan:
00010BD0  10 C8 B8 00 00 00 00 00... load.b  r25, (r23)
00010BD8  01 D5 00 00 20 00 00 00... move.l  r26, #0x20
00010BE0  41 06 C8 D0 38 00 00 00... beq     r25, r26, .dir_copy_root
00010BE8  01 D5 00 00 0D 00 00 00... move.l  r26, #0x0D
00010BF0  41 06 C8 D0 28 00 00 00... beq     r25, r26, .dir_copy_root
00010BF8  01 D5 00 00 2F 00 00 00... move.l  r26, #0x2F
00010C00  41 06 C8 D0 60 00 00 00... beq     r25, r26, .dir_skip_line
00010C08  20 BF B8 00 01 00 00 00... add     r23, r23, #1
00010C10  40 06 00 00 C0 FF FF FF... bra     .dir_root_scan
                         .dir_copy_root:
00010C18  01 BE 88 00 00 00 00 00... move.q  r23, r17
                         .dir_copy_line:
00010C20  20 D6 70 C0 00 00 00 00... add     r26, r14, r24
                         .dir_copy_line_loop:
00010C28  10 D8 B8 00 00 00 00 00... load.b  r27, (r23)
00010C30  11 D8 D0 00 00 00 00 00... store.b r27, (r26)
00010C38  20 BF B8 00 01 00 00 00... add     r23, r23, #1
00010C40  20 D7 D0 00 01 00 00 00... add     r26, r26, #1
00010C48  20 C7 C0 00 01 00 00 00... add     r24, r24, #1
00010C50  01 E5 00 00 0A 00 00 00... move.l  r28, #0x0A
00010C58  42 06 D8 E0 D0 FF FF FF... bne     r27, r28, .dir_copy_line_loop
                         .dir_skip_line:
00010C60  01 86 98 00 00 00 00 00... move.q  r16, r19
00010C68  20 87 80 00 01 00 00 00... add     r16, r16, #1
00010C70  40 06 00 00 90 FE FF FF... bra     .dir_filter_loop
                         .dir_filter_done:
00010C78  41 06 C0 00 28 00 00 00... beq r24, r0, .dir_empty
00010C80  20 CE 70 C0 00 00 00 00... add     r25, r14, r24
00010C88  11 00 C8 00 00 00 00 00... store.b r0, (r25)
00010C90  11 C7 F8 00 08 00 00 00... store.q r24, 8(sp)
00010C98  40 06 00 00 50 FD FF FF... bra     .dir_print_ready
                         .dir_empty:
00010CA0  10 EE F8 00 00 00 00 00... load.q  r29, (sp)
00010CA8  20 A7 E8 00 20 00 00 00... add     r20, r29, #32
00010CB0  50 06 00 00 18 00 00 00... jsr     .dir_send_string
00010CB8  40 06 00 00 08 00 00 00... bra     .dir_done
                         .dir_done:
00010CC0  40 06 00 00 28 01 00 00... bra     .dir_cleanup_exit
                         .dir_send_string:
00010CC8  21 FF F8 00 10 00 00 00... sub     sp, sp, #16
00010CD0  10 EF F8 00 18 00 00 00... load.q  r29, 24(sp)
00010CD8  11 EE F8 00 00 00 00 00... store.q r29, (sp)
                         .dir_ss_loop:
00010CE0  10 08 A0 00 00 00 00 00... load.b  r1, (r20)
00010CE8  41 06 08 00 A0 00 00 00... beq r1, r0, .dir_ss_done
00010CF0  11 A7 F8 00 08 00 00 00... store.q r20, 8(sp)
                         .dir_ss_retry:
00010CF8  10 A7 F8 00 08 00 00 00... load.q  r20, 8(sp)
00010D00  10 18 A0 00 00 00 00 00... load.b  r3, (r20)
00010D08  01 15 00 00 00 00 00 00... move.l  r2, #0
00010D10  01 26 00 00 00 00 00 00... move.q  r4, r0
00010D18  01 2D 00 00 FF FF 00 00... move.l  r5, #REPLY_PORT_NONE
00010D20  01 36 00 00 00 00 00 00... move.q  r6, r0
00010D28  10 EE F8 00 00 00 00 00... load.q  r29, (sp)
00010D30  10 0F E8 00 40 00 00 00... load.q  r1, 64(r29)
00010D38  EB 01 00 00 11 00 00 00... syscall #SYS_PUT_MSG
00010D40  10 EE F8 00 00 00 00 00... load.q  r29, (sp)
00010D48  01 E5 00 00 09 00 00 00... move.l  r28, #ERR_FULL
00010D50  41 06 10 E0 20 00 00 00... beq     r2, r28, .dir_ss_full
00010D58  10 A7 F8 00 08 00 00 00... load.q  r20, 8(sp)
00010D60  20 A7 A0 00 01 00 00 00... add     r20, r20, #1
00010D68  40 06 00 00 78 FF FF FF... bra     .dir_ss_loop
                         .dir_ss_full:
00010D70  EB 01 00 00 1A 00 00 00... syscall #SYS_YIELD
00010D78  10 EE F8 00 00 00 00 00... load.q  r29, (sp)
00010D80  40 06 00 00 78 FF FF FF... bra     .dir_ss_retry
                         .dir_ss_done:
00010D88  20 FF F8 00 10 00 00 00... add     sp, sp, #16
00010D90  51 00 00 00 00 00 00 00... rts
                         .dir_copy_zstr:
00010D98  01 A6 08 00 00 00 00 00... move.q  r20, r1
00010DA0  01 AE 10 00 00 00 00 00... move.q  r21, r2
                         .dir_copy_zstr_loop:
00010DA8  10 B0 A0 00 00 00 00 00... load.b  r22, (r20)
00010DB0  11 B0 A8 00 00 00 00 00... store.b r22, (r21)
00010DB8  41 06 B0 00 20 00 00 00... beq r22, r0, .dir_copy_zstr_done
00010DC0  20 A7 A0 00 01 00 00 00... add     r20, r20, #1
00010DC8  20 AF A8 00 01 00 00 00... add     r21, r21, #1
00010DD0  40 06 00 00 D8 FF FF FF... bra     .dir_copy_zstr_loop
                         .dir_copy_zstr_done:
00010DD8  01 0E A8 00 00 00 00 00... move.q  r1, r21
00010DE0  51 00 00 00 00 00 00 00... rts
                         .dir_cleanup_exit:
00010DE8  10 0F E8 00 B8 00 00 00... load.q  r1, 184(r29)
00010DF0  41 06 08 00 20 00 00 00... beq r1, r0, .dir_exit_task
00010DF8  EB 01 00 00 2B 00 00 00... syscall #SYS_CLOSE_LIBRARY
00010E00  10 EE F8 00 00 00 00 00... load.q  r29, (sp)
00010E08  11 07 E8 00 B8 00 00 00... store.q r0, 184(r29)
                         .dir_exit_task:
00010E10  01 0E 00 00 00 00 00 00... move.q  r1, r0
00010E18  EB 01 00 00 22 00 00 00... syscall #SYS_EXIT_TASK
                         prog_dir_code_end:
                         prog_dir_data:
00010E20  63 6F 6E 73 6F 6C 65 2E... dc.b    "console.handler", 0
00010E30  64 6F 73 2E 6C 69 62 72... dc.b    "dos.library", 0, 0, 0, 0, 0
00010E40  52 41 4D 3A 20 69 73 20... dc.b    "RAM: is empty", 0x0D, 0x0A, 0
                         ds.b    16  ; 16 bytes reserved
                         ds.b    8  ; 8 bytes reserved
                         ds.b    8  ; 8 bytes reserved
                         ds.b    8  ; 8 bytes reserved
                         ds.b    8  ; 8 bytes reserved
                         ds.b    8  ; 8 bytes reserved
                         ds.b    8  ; 8 bytes reserved
                         ds.b    16  ; 16 bytes reserved
                         ds.b    8  ; 8 bytes reserved
                         ds.b    8  ; 8 bytes reserved
                         ds.b    8  ; 8 bytes reserved
                         ds.b    8  ; 8 bytes reserved
                         ds.b    256  ; 256 bytes reserved
                         ds.b    8  ; 8 bytes reserved
                         ds.b    16  ; 16 bytes reserved
                         ds.b    8  ; 8 bytes reserved
                         prog_dir_iosm:
00010FE0  49 4F 53 4D              dc.l    IOSM_MAGIC
00010FE4  01 00 00 00              dc.l    IOSM_SCHEMA_VERSION
00010FE8  05                       dc.b    IOSM_KIND_COMMAND
00010FE9  00                       dc.b    0
00010FEA  01 00                    dc.w    1
00010FEC  00 00                    dc.w    0
00010FEE  01 00                    dc.w    1
00010FF0  44 69 72 00              dc.b    "Dir", 0
                         ds.b    IOSM_NAME_SIZE - 5  ; 27 bytes reserved
0001100F  04 00 00 00              dc.l    MODF_ASLR_CAPABLE
00011013  00 00 00 00              dc.l    0
00011017  32 30 32 36 2D 30 34 2D... dc.b    "2026-04-25", 0
                         ds.b    IOSM_BUILD_DATE_SIZE - 11  ; 5 bytes reserved
00011027  43 6F 70 79 72 69 67 68... dc.b    0x43, 0x6F, 0x70, 0x79, 0x72, 0x69, 0x67, 0x68, 0x74, 0x20, 0xA9, 0x20, 0x32, 0x30, 0x32, 0x36, 0x20, 0x5A, 0x61, 0x79, 0x6E, 0x20, 0x4F, 0x74, 0x6C, 0x65, 0x79, 0
                         ds.b    IOSM_COPYRIGHT_SIZE - 28  ; 20 bytes reserved
                         ds.b    8  ; 8 bytes reserved
                         prog_dir_data_end:
                         align   8  ; 1 bytes padding
                         prog_dir_end:
                         prog_type:
00011060  00 00 00 00 00 00 00 00... dc.l    0, 0
00011068  28 07 00 00              dc.l    prog_type_code_end - prog_type_code
0001106C  17 01 00 00              dc.l    prog_type_data_end - prog_type_data
00011070  00 00 00 00              dc.l    0
                         ds.b    12  ; 12 bytes reserved
                         prog_type_code:
00011080  21 FF F8 00 10 00 00 00... sub     sp, sp, #16
                         .typ_preamble:
00011088  10 EF F8 00 08 00 00 00... load.q  r29, 8(sp)
00011090  11 EE F8 00 00 00 00 00... store.q r29, (sp)
00011098  20 77 E8 00 00 0C 00 00... add     r14, r29, #DATA_ARGS_OFFSET
000110A0  10 78 70 00 00 00 00 00... load.b  r15, (r14)
000110A8  41 06 78 00 F8 05 00 00... beq r15, r0, .typ_no_file
000110B0  10 78 70 00 00 00 00 00... load.b  r15, (r14)
000110B8  01 85 00 00 61 00 00 00... move.l  r16, #0x61
000110C0  01 8D 00 00 7A 00 00 00... move.l  r17, #0x7A
000110C8  43 06 78 80 18 00 00 00... blt     r15, r16, .typ_chk_r
000110D0  45 06 78 88 10 00 00 00... bgt     r15, r17, .typ_chk_r
000110D8  30 7F 78 00 DF 00 00 00... and     r15, r15, #0xDF
                         .typ_chk_r:
000110E0  01 85 00 00 52 00 00 00... move.l  r16, #0x52
000110E8  42 06 78 80 C0 00 00 00... bne     r15, r16, .typ_no_strip
000110F0  20 97 70 00 01 00 00 00... add     r18, r14, #1
000110F8  10 78 90 00 00 00 00 00... load.b  r15, (r18)
00011100  01 85 00 00 61 00 00 00... move.l  r16, #0x61
00011108  01 8D 00 00 7A 00 00 00... move.l  r17, #0x7A
00011110  43 06 78 80 18 00 00 00... blt     r15, r16, .typ_chk_a
00011118  45 06 78 88 10 00 00 00... bgt     r15, r17, .typ_chk_a
00011120  30 7F 78 00 DF 00 00 00... and     r15, r15, #0xDF
                         .typ_chk_a:
00011128  01 85 00 00 41 00 00 00... move.l  r16, #0x41
00011130  42 06 78 80 78 00 00 00... bne     r15, r16, .typ_no_strip
00011138  20 97 70 00 02 00 00 00... add     r18, r14, #2
00011140  10 78 90 00 00 00 00 00... load.b  r15, (r18)
00011148  01 85 00 00 61 00 00 00... move.l  r16, #0x61
00011150  01 8D 00 00 7A 00 00 00... move.l  r17, #0x7A
00011158  43 06 78 80 18 00 00 00... blt     r15, r16, .typ_chk_m
00011160  45 06 78 88 10 00 00 00... bgt     r15, r17, .typ_chk_m
00011168  30 7F 78 00 DF 00 00 00... and     r15, r15, #0xDF
                         .typ_chk_m:
00011170  01 85 00 00 4D 00 00 00... move.l  r16, #0x4D
00011178  42 06 78 80 30 00 00 00... bne     r15, r16, .typ_no_strip
00011180  20 97 70 00 03 00 00 00... add     r18, r14, #3
00011188  10 78 90 00 00 00 00 00... load.b  r15, (r18)
00011190  01 85 00 00 3A 00 00 00... move.l  r16, #0x3A
00011198  42 06 78 80 10 00 00 00... bne     r15, r16, .typ_no_strip
000111A0  20 77 70 00 04 00 00 00... add     r14, r14, #4
                         .typ_no_strip:
000111A8  11 77 F8 00 08 00 00 00... store.q r14, 8(sp)
                         .typ_open_con_retry:
000111B0  10 EE F8 00 00 00 00 00... load.q  r29, (sp)
000111B8  01 0E E8 00 00 00 00 00... move.q  r1, r29
000111C0  01 15 00 00 00 00 00 00... move.l  r2, #0
000111C8  EB 01 00 00 10 00 00 00... syscall #SYS_FIND_PORT
000111D0  10 EE F8 00 00 00 00 00... load.q  r29, (sp)
000111D8  41 06 10 00 20 00 00 00... beq r2, r0, .typ_open_con_ok
000111E0  EB 01 00 00 1A 00 00 00... syscall #SYS_YIELD
000111E8  10 EE F8 00 00 00 00 00... load.q  r29, (sp)
000111F0  40 06 00 00 C0 FF FF FF... bra     .typ_open_con_retry
                         .typ_open_con_ok:
000111F8  11 0F E8 00 40 00 00 00... store.q r1, 64(r29)
                         .typ_open_dos_alloc:
00011200  01 0D 00 00 10 00 00 00... move.l  r1, #16
00011208  EB 01 00 00 0B 00 00 00... syscall #SYS_ALLOC_SIGNAL
00011210  10 EE F8 00 00 00 00 00... load.q  r29, (sp)
00011218  42 06 10 00 80 01 00 00... bne r2, r0, .typ_open_dos_alloc_wait
00011220  11 0F E8 00 78 00 00 00... store.q r1, 120(r29)
                         .typ_open_dos_retry:
00011228  10 EE F8 00 00 00 00 00... load.q  r29, (sp)
00011230  01 75 00 00 FF FF FF FF... move.l  r14, #0xFFFFFFFF
00011238  11 75 E8 00 80 00 00 00... store.l r14, 128(r29)
00011240  11 05 E8 00 84 00 00 00... store.l r0, 132(r29)
00011248  11 05 E8 00 88 00 00 00... store.l r0, 136(r29)
00011250  11 05 E8 00 8C 00 00 00... store.l r0, 140(r29)
00011258  20 0F E8 00 10 00 00 00... add     r1, r29, #16
00011260  01 15 00 00 00 00 00 00... move.l  r2, #0
00011268  10 1F E8 00 78 00 00 00... load.q  r3, 120(r29)
00011270  20 27 E8 00 80 00 00 00... add     r4, r29, #128
00011278  EB 01 00 00 2D 00 00 00... syscall #SYS_OPEN_LIBRARY_EX
00011280  10 EE F8 00 00 00 00 00... load.q  r29, (sp)
00011288  41 06 10 00 88 00 00 00... beq r2, r0, .typ_find_dos
00011290  01 75 00 00 06 00 00 00... move.l  r14, #ERR_AGAIN
00011298  42 06 10 70 E8 00 00 00... bne     r2, r14, .typ_open_dos_wait
000112A0  10 75 E8 00 80 00 00 00... load.l  r14, 128(r29)
000112A8  01 7D 00 00 FF FF FF FF... move.l  r15, #0xFFFFFFFF
000112B0  42 06 70 78 50 00 00 00... bne     r14, r15, .typ_open_dos_done
000112B8  10 77 E8 00 78 00 00 00... load.q  r14, 120(r29)
000112C0  01 0F 00 00 01 00 00 00... move.q  r1, #1
000112C8  34 0E 08 70 00 00 00 00... lsl     r1, r1, r14
000112D0  EB 01 00 00 0E 00 00 00... syscall #SYS_WAIT
000112D8  10 EE F8 00 00 00 00 00... load.q  r29, (sp)
000112E0  42 06 10 00 A0 00 00 00... bne r2, r0, .typ_open_dos_wait
000112E8  10 75 E8 00 80 00 00 00... load.l  r14, 128(r29)
000112F0  01 7D 00 00 FF FF FF FF... move.l  r15, #0xFFFFFFFF
000112F8  41 06 70 78 88 00 00 00... beq     r14, r15, .typ_open_dos_wait
                         .typ_open_dos_done:
00011300  11 0F E8 00 90 00 00 00... store.q r1, 144(r29)
00011308  42 06 70 00 78 00 00 00... bne r14, r0, .typ_open_dos_wait
                         .typ_find_dos:
00011310  10 EE F8 00 00 00 00 00... load.q  r29, (sp)
00011318  20 0F E8 00 10 00 00 00... add     r1, r29, #16
00011320  01 15 00 00 00 00 00 00... move.l  r2, #0
00011328  EB 01 00 00 10 00 00 00... syscall #SYS_FIND_PORT
00011330  10 EE F8 00 00 00 00 00... load.q  r29, (sp)
00011338  42 06 10 00 48 00 00 00... bne r2, r0, .typ_open_dos_wait
                         .typ_open_dos_ok:
00011340  11 0F E8 00 48 00 00 00... store.q r1, 72(r29)
00011348  10 77 E8 00 78 00 00 00... load.q  r14, 120(r29)
00011350  41 06 70 00 28 00 00 00... beq r14, r0, .typ_open_dos_sigfree_done
00011358  01 0E 70 00 00 00 00 00... move.q  r1, r14
00011360  EB 01 00 00 0C 00 00 00... syscall #SYS_FREE_SIGNAL
00011368  10 EE F8 00 00 00 00 00... load.q  r29, (sp)
00011370  11 07 E8 00 78 00 00 00... store.q r0, 120(r29)
                         .typ_open_dos_sigfree_done:
00011378  40 06 00 00 38 00 00 00... bra     .typ_open_dos_ready
                         .typ_open_dos_wait:
00011380  EB 01 00 00 1A 00 00 00... syscall #SYS_YIELD
00011388  10 EE F8 00 00 00 00 00... load.q  r29, (sp)
00011390  40 06 00 00 98 FE FF FF... bra     .typ_open_dos_retry
                         .typ_open_dos_alloc_wait:
00011398  EB 01 00 00 1A 00 00 00... syscall #SYS_YIELD
000113A0  10 EE F8 00 00 00 00 00... load.q  r29, (sp)
000113A8  40 06 00 00 58 FE FF FF... bra     .typ_open_dos_alloc
                         .typ_open_dos_ready:
000113B0  01 0E 00 00 00 00 00 00... move.q  r1, r0
000113B8  01 16 00 00 00 00 00 00... move.q  r2, r0
000113C0  EB 01 00 00 0F 00 00 00... syscall #SYS_CREATE_PORT
000113C8  10 EE F8 00 00 00 00 00... load.q  r29, (sp)
000113D0  11 0F E8 00 50 00 00 00... store.q r1, 80(r29)
000113D8  01 0D 00 00 00 10 00 00... move.l  r1, #0x1000
000113E0  01 15 00 00 01 00 01 00... move.l  r2, #0x10001
000113E8  EB 01 00 00 01 00 00 00... syscall #SYS_ALLOC_MEM
000113F0  10 EE F8 00 00 00 00 00... load.q  r29, (sp)
000113F8  11 0F E8 00 58 00 00 00... store.q r1, 88(r29)
00011400  11 1D E8 00 60 00 00 00... store.l r3, 96(r29)
00011408  10 77 F8 00 08 00 00 00... load.q  r14, 8(sp)
00011410  10 7F E8 00 58 00 00 00... load.q  r15, 88(r29)
00011418  01 85 00 00 00 00 00 00... move.l  r16, #0
                         .typ_copy_name:
00011420  20 8E 70 80 00 00 00 00... add     r17, r14, r16
00011428  10 90 88 00 00 00 00 00... load.b  r18, (r17)
00011430  20 8E 78 80 00 00 00 00... add     r17, r15, r16
00011438  11 90 88 00 00 00 00 00... store.b r18, (r17)
00011440  41 06 90 00 30 00 00 00... beq r18, r0, .typ_copy_name_done
00011448  20 87 80 00 01 00 00 00... add     r16, r16, #1
00011450  01 9D 00 00 FF 00 00 00... move.l  r19, #255
00011458  43 06 80 98 C8 FF FF FF... blt     r16, r19, .typ_copy_name
00011460  20 8E 78 80 00 00 00 00... add     r17, r15, r16
00011468  11 00 88 00 00 00 00 00... store.b r0, (r17)
                         .typ_copy_name_done:
00011470  10 EE F8 00 00 00 00 00... load.q  r29, (sp)
00011478  01 15 00 00 01 00 00 00... move.l  r2, #DOS_OPEN
00011480  01 1D 00 00 00 00 00 00... move.l  r3, #DOS_MODE_READ
00011488  01 26 00 00 00 00 00 00... move.q  r4, r0
00011490  10 2F E8 00 50 00 00 00... load.q  r5, 80(r29)
00011498  10 35 E8 00 60 00 00 00... load.l  r6, 96(r29)
000114A0  10 0F E8 00 48 00 00 00... load.q  r1, 72(r29)
000114A8  EB 01 00 00 11 00 00 00... syscall #SYS_PUT_MSG
000114B0  10 EE F8 00 00 00 00 00... load.q  r29, (sp)
000114B8  10 0F E8 00 50 00 00 00... load.q  r1, 80(r29)
000114C0  EB 01 00 00 13 00 00 00... syscall #SYS_WAIT_PORT
000114C8  10 EE F8 00 00 00 00 00... load.q  r29, (sp)
000114D0  42 06 08 00 B0 01 00 00... bne r1, r0, .typ_not_found
000114D8  11 17 E8 00 68 00 00 00... store.q r2, 104(r29)
000114E0  01 15 00 00 02 00 00 00... move.l  r2, #DOS_READ
000114E8  10 1F E8 00 68 00 00 00... load.q  r3, 104(r29)
000114F0  01 25 00 00 00 10 00 00... move.l  r4, #4096
000114F8  10 2F E8 00 50 00 00 00... load.q  r5, 80(r29)
00011500  10 35 E8 00 60 00 00 00... load.l  r6, 96(r29)
00011508  10 0F E8 00 48 00 00 00... load.q  r1, 72(r29)
00011510  EB 01 00 00 11 00 00 00... syscall #SYS_PUT_MSG
00011518  10 EE F8 00 00 00 00 00... load.q  r29, (sp)
00011520  10 0F E8 00 50 00 00 00... load.q  r1, 80(r29)
00011528  EB 01 00 00 13 00 00 00... syscall #SYS_WAIT_PORT
00011530  10 EE F8 00 00 00 00 00... load.q  r29, (sp)
00011538  11 17 E8 00 70 00 00 00... store.q r2, 112(r29)
00011540  01 85 00 00 00 00 00 00... move.l  r16, #0
00011548  11 87 F8 00 08 00 00 00... store.q r16, 8(sp)
                         .typ_print_loop:
00011550  10 EE F8 00 00 00 00 00... load.q  r29, (sp)
00011558  10 87 F8 00 08 00 00 00... load.q  r16, 8(sp)
00011560  10 7F E8 00 70 00 00 00... load.q  r15, 112(r29)
00011568  44 06 80 78 B0 00 00 00... bge     r16, r15, .typ_close
                         .typ_print_retry:
00011570  10 EE F8 00 00 00 00 00... load.q  r29, (sp)
00011578  10 87 F8 00 08 00 00 00... load.q  r16, 8(sp)
00011580  10 77 E8 00 58 00 00 00... load.q  r14, 88(r29)
00011588  20 8E 70 80 00 00 00 00... add     r17, r14, r16
00011590  10 18 88 00 00 00 00 00... load.b  r3, (r17)
00011598  01 15 00 00 00 00 00 00... move.l  r2, #0
000115A0  01 26 00 00 00 00 00 00... move.q  r4, r0
000115A8  01 2D 00 00 FF FF 00 00... move.l  r5, #REPLY_PORT_NONE
000115B0  01 36 00 00 00 00 00 00... move.q  r6, r0
000115B8  10 0F E8 00 40 00 00 00... load.q  r1, 64(r29)
000115C0  EB 01 00 00 11 00 00 00... syscall #SYS_PUT_MSG
000115C8  10 EE F8 00 00 00 00 00... load.q  r29, (sp)
000115D0  01 E5 00 00 09 00 00 00... move.l  r28, #ERR_FULL
000115D8  41 06 10 E0 28 00 00 00... beq     r2, r28, .typ_print_full
000115E0  10 87 F8 00 08 00 00 00... load.q  r16, 8(sp)
000115E8  20 87 80 00 01 00 00 00... add     r16, r16, #1
000115F0  11 87 F8 00 08 00 00 00... store.q r16, 8(sp)
000115F8  40 06 00 00 58 FF FF FF... bra     .typ_print_loop
                         .typ_print_full:
00011600  EB 01 00 00 1A 00 00 00... syscall #SYS_YIELD
00011608  10 EE F8 00 00 00 00 00... load.q  r29, (sp)
00011610  40 06 00 00 60 FF FF FF... bra     .typ_print_retry
                         .typ_close:
00011618  10 EE F8 00 00 00 00 00... load.q  r29, (sp)
00011620  01 15 00 00 04 00 00 00... move.l  r2, #DOS_CLOSE
00011628  10 1F E8 00 68 00 00 00... load.q  r3, 104(r29)
00011630  01 26 00 00 00 00 00 00... move.q  r4, r0
00011638  10 2F E8 00 50 00 00 00... load.q  r5, 80(r29)
00011640  01 36 00 00 00 00 00 00... move.q  r6, r0
00011648  10 0F E8 00 48 00 00 00... load.q  r1, 72(r29)
00011650  EB 01 00 00 11 00 00 00... syscall #SYS_PUT_MSG
00011658  10 EE F8 00 00 00 00 00... load.q  r29, (sp)
00011660  10 0F E8 00 50 00 00 00... load.q  r1, 80(r29)
00011668  EB 01 00 00 13 00 00 00... syscall #SYS_WAIT_PORT
00011670  10 EE F8 00 00 00 00 00... load.q  r29, (sp)
00011678  40 06 00 00 28 00 00 00... bra     .typ_cleanup_exit
                         .typ_not_found:
00011680  10 EE F8 00 00 00 00 00... load.q  r29, (sp)
00011688  20 A7 E8 00 28 00 00 00... add     r20, r29, #40
00011690  50 06 00 00 48 00 00 00... jsr     .typ_send_string
00011698  40 06 00 00 08 00 00 00... bra     .typ_cleanup_exit
                         .typ_no_file:
                         .typ_cleanup_exit:
000116A0  10 0F E8 00 90 00 00 00... load.q  r1, 144(r29)
000116A8  41 06 08 00 20 00 00 00... beq r1, r0, .typ_exit_task
000116B0  EB 01 00 00 2B 00 00 00... syscall #SYS_CLOSE_LIBRARY
000116B8  10 EE F8 00 00 00 00 00... load.q  r29, (sp)
000116C0  11 07 E8 00 90 00 00 00... store.q r0, 144(r29)
                         .typ_exit_task:
000116C8  01 0E 00 00 00 00 00 00... move.q  r1, r0
000116D0  EB 01 00 00 22 00 00 00... syscall #SYS_EXIT_TASK
                         .typ_send_string:
000116D8  21 FF F8 00 10 00 00 00... sub     sp, sp, #16
000116E0  10 EF F8 00 18 00 00 00... load.q  r29, 24(sp)
000116E8  11 EE F8 00 00 00 00 00... store.q r29, (sp)
                         .typ_ss_loop:
000116F0  10 08 A0 00 00 00 00 00... load.b  r1, (r20)
000116F8  41 06 08 00 A0 00 00 00... beq r1, r0, .typ_ss_done
00011700  11 A7 F8 00 08 00 00 00... store.q r20, 8(sp)
                         .typ_ss_retry:
00011708  10 A7 F8 00 08 00 00 00... load.q  r20, 8(sp)
00011710  10 18 A0 00 00 00 00 00... load.b  r3, (r20)
00011718  01 15 00 00 00 00 00 00... move.l  r2, #0
00011720  01 26 00 00 00 00 00 00... move.q  r4, r0
00011728  01 2D 00 00 FF FF 00 00... move.l  r5, #REPLY_PORT_NONE
00011730  01 36 00 00 00 00 00 00... move.q  r6, r0
00011738  10 EE F8 00 00 00 00 00... load.q  r29, (sp)
00011740  10 0F E8 00 40 00 00 00... load.q  r1, 64(r29)
00011748  EB 01 00 00 11 00 00 00... syscall #SYS_PUT_MSG
00011750  10 EE F8 00 00 00 00 00... load.q  r29, (sp)
00011758  01 E5 00 00 09 00 00 00... move.l  r28, #ERR_FULL
00011760  41 06 10 E0 20 00 00 00... beq     r2, r28, .typ_ss_full
00011768  10 A7 F8 00 08 00 00 00... load.q  r20, 8(sp)
00011770  20 A7 A0 00 01 00 00 00... add     r20, r20, #1
00011778  40 06 00 00 78 FF FF FF... bra     .typ_ss_loop
                         .typ_ss_full:
00011780  EB 01 00 00 1A 00 00 00... syscall #SYS_YIELD
00011788  10 EE F8 00 00 00 00 00... load.q  r29, (sp)
00011790  40 06 00 00 78 FF FF FF... bra     .typ_ss_retry
                         .typ_ss_done:
00011798  20 FF F8 00 10 00 00 00... add     sp, sp, #16
000117A0  51 00 00 00 00 00 00 00... rts
                         prog_type_code_end:
                         prog_type_data:
000117A8  63 6F 6E 73 6F 6C 65 2E... dc.b    "console.handler", 0
000117B8  64 6F 73 2E 6C 69 62 72... dc.b    "dos.library", 0, 0, 0, 0, 0
000117C8  52 41 4D 3A 00 00 00 00... dc.b    "RAM:", 0, 0, 0, 0
000117D0  46 69 6C 65 20 6E 6F 74... dc.b    "File not found", 0x0D, 0x0A, 0
                         ds.b    7  ; 7 bytes reserved
                         ds.b    8  ; 8 bytes reserved
                         ds.b    8  ; 8 bytes reserved
                         ds.b    8  ; 8 bytes reserved
                         ds.b    8  ; 8 bytes reserved
                         ds.b    8  ; 8 bytes reserved
                         ds.b    8  ; 8 bytes reserved
                         ds.b    8  ; 8 bytes reserved
                         ds.b    8  ; 8 bytes reserved
                         ds.b    16  ; 16 bytes reserved
                         ds.b    8  ; 8 bytes reserved
                         prog_type_iosm:
00011840  49 4F 53 4D              dc.l    IOSM_MAGIC
00011844  01 00 00 00              dc.l    IOSM_SCHEMA_VERSION
00011848  05                       dc.b    IOSM_KIND_COMMAND
00011849  00                       dc.b    0
0001184A  01 00                    dc.w    1
0001184C  00 00                    dc.w    0
0001184E  01 00                    dc.w    1
00011850  54 79 70 65 00           dc.b    "Type", 0
                         ds.b    IOSM_NAME_SIZE - 6  ; 26 bytes reserved
0001186F  04 00 00 00              dc.l    MODF_ASLR_CAPABLE
00011873  00 00 00 00              dc.l    0
00011877  32 30 32 36 2D 30 34 2D... dc.b    "2026-04-25", 0
                         ds.b    IOSM_BUILD_DATE_SIZE - 11  ; 5 bytes reserved
00011887  43 6F 70 79 72 69 67 68... dc.b    0x43, 0x6F, 0x70, 0x79, 0x72, 0x69, 0x67, 0x68, 0x74, 0x20, 0xA9, 0x20, 0x32, 0x30, 0x32, 0x36, 0x20, 0x5A, 0x61, 0x79, 0x6E, 0x20, 0x4F, 0x74, 0x6C, 0x65, 0x79, 0
                         ds.b    IOSM_COPYRIGHT_SIZE - 28  ; 20 bytes reserved
                         ds.b    8  ; 8 bytes reserved
                         prog_type_data_end:
                         align   8  ; 1 bytes padding
                         prog_type_end:
                         prog_echo_cmd:
000118C0  00 00 00 00 00 00 00 00... dc.l    0, 0
000118C8  50 02 00 00              dc.l    prog_echo_cmd_code_end - prog_echo_cmd_code
000118CC  97 00 00 00              dc.l    prog_echo_cmd_data_end - prog_echo_cmd_data
000118D0  00 00 00 00              dc.l    0
                         ds.b    12  ; 12 bytes reserved
                         prog_echo_cmd_code:
000118E0  21 FF F8 00 10 00 00 00... sub     sp, sp, #16
                         .echo_preamble:
000118E8  10 EF F8 00 08 00 00 00... load.q  r29, 8(sp)
000118F0  11 EE F8 00 00 00 00 00... store.q r29, (sp)
                         .echo_open_retry:
000118F8  10 EE F8 00 00 00 00 00... load.q  r29, (sp)
00011900  01 0E E8 00 00 00 00 00... move.q  r1, r29
00011908  01 15 00 00 00 00 00 00... move.l  r2, #0
00011910  EB 01 00 00 10 00 00 00... syscall #SYS_FIND_PORT
00011918  10 EE F8 00 00 00 00 00... load.q  r29, (sp)
00011920  41 06 10 00 20 00 00 00... beq r2, r0, .echo_open_ok
00011928  EB 01 00 00 1A 00 00 00... syscall #SYS_YIELD
00011930  10 EE F8 00 00 00 00 00... load.q  r29, (sp)
00011938  40 06 00 00 C0 FF FF FF... bra     .echo_open_retry
                         .echo_open_ok:
00011940  11 0F E8 00 10 00 00 00... store.q r1, 16(r29)
00011948  20 A7 E8 00 00 0C 00 00... add     r20, r29, #DATA_ARGS_OFFSET
00011950  50 06 00 00 10 01 00 00... jsr     .echo_send_string
00011958  10 EE F8 00 00 00 00 00... load.q  r29, (sp)
                         .echo_cr_retry:
00011960  01 1D 00 00 0D 00 00 00... move.l  r3, #0x0D
00011968  01 15 00 00 00 00 00 00... move.l  r2, #0
00011970  01 26 00 00 00 00 00 00... move.q  r4, r0
00011978  01 2D 00 00 FF FF 00 00... move.l  r5, #REPLY_PORT_NONE
00011980  01 36 00 00 00 00 00 00... move.q  r6, r0
00011988  10 EE F8 00 00 00 00 00... load.q  r29, (sp)
00011990  10 0F E8 00 10 00 00 00... load.q  r1, 16(r29)
00011998  EB 01 00 00 11 00 00 00... syscall #SYS_PUT_MSG
000119A0  10 EE F8 00 00 00 00 00... load.q  r29, (sp)
000119A8  01 E5 00 00 09 00 00 00... move.l  r28, #ERR_FULL
000119B0  41 06 10 E0 10 00 00 00... beq     r2, r28, .echo_cr_full
000119B8  40 06 00 00 20 00 00 00... bra     .echo_lf
                         .echo_cr_full:
000119C0  EB 01 00 00 1A 00 00 00... syscall #SYS_YIELD
000119C8  10 EE F8 00 00 00 00 00... load.q  r29, (sp)
000119D0  40 06 00 00 90 FF FF FF... bra     .echo_cr_retry
                         .echo_lf:
                         .echo_lf_retry:
000119D8  01 1D 00 00 0A 00 00 00... move.l  r3, #0x0A
000119E0  01 15 00 00 00 00 00 00... move.l  r2, #0
000119E8  01 26 00 00 00 00 00 00... move.q  r4, r0
000119F0  01 2D 00 00 FF FF 00 00... move.l  r5, #REPLY_PORT_NONE
000119F8  01 36 00 00 00 00 00 00... move.q  r6, r0
00011A00  10 EE F8 00 00 00 00 00... load.q  r29, (sp)
00011A08  10 0F E8 00 10 00 00 00... load.q  r1, 16(r29)
00011A10  EB 01 00 00 11 00 00 00... syscall #SYS_PUT_MSG
00011A18  10 EE F8 00 00 00 00 00... load.q  r29, (sp)
00011A20  01 E5 00 00 09 00 00 00... move.l  r28, #ERR_FULL
00011A28  41 06 10 E0 10 00 00 00... beq     r2, r28, .echo_lf_full
00011A30  40 06 00 00 20 00 00 00... bra     .echo_exit
                         .echo_lf_full:
00011A38  EB 01 00 00 1A 00 00 00... syscall #SYS_YIELD
00011A40  10 EE F8 00 00 00 00 00... load.q  r29, (sp)
00011A48  40 06 00 00 90 FF FF FF... bra     .echo_lf_retry
                         .echo_exit:
00011A50  01 0E 00 00 00 00 00 00... move.q  r1, r0
00011A58  EB 01 00 00 22 00 00 00... syscall #SYS_EXIT_TASK
                         .echo_send_string:
00011A60  21 FF F8 00 10 00 00 00... sub     sp, sp, #16
00011A68  10 EF F8 00 18 00 00 00... load.q  r29, 24(sp)
00011A70  11 EE F8 00 00 00 00 00... store.q r29, (sp)
                         .echo_ss_loop:
00011A78  10 08 A0 00 00 00 00 00... load.b  r1, (r20)
00011A80  41 06 08 00 A0 00 00 00... beq r1, r0, .echo_ss_done
00011A88  11 A7 F8 00 08 00 00 00... store.q r20, 8(sp)
                         .echo_ss_retry:
00011A90  10 A7 F8 00 08 00 00 00... load.q  r20, 8(sp)
00011A98  10 18 A0 00 00 00 00 00... load.b  r3, (r20)
00011AA0  01 15 00 00 00 00 00 00... move.l  r2, #0
00011AA8  01 26 00 00 00 00 00 00... move.q  r4, r0
00011AB0  01 2D 00 00 FF FF 00 00... move.l  r5, #REPLY_PORT_NONE
00011AB8  01 36 00 00 00 00 00 00... move.q  r6, r0
00011AC0  10 EE F8 00 00 00 00 00... load.q  r29, (sp)
00011AC8  10 0F E8 00 10 00 00 00... load.q  r1, 16(r29)
00011AD0  EB 01 00 00 11 00 00 00... syscall #SYS_PUT_MSG
00011AD8  10 EE F8 00 00 00 00 00... load.q  r29, (sp)
00011AE0  01 E5 00 00 09 00 00 00... move.l  r28, #ERR_FULL
00011AE8  41 06 10 E0 20 00 00 00... beq     r2, r28, .echo_ss_full
00011AF0  10 A7 F8 00 08 00 00 00... load.q  r20, 8(sp)
00011AF8  20 A7 A0 00 01 00 00 00... add     r20, r20, #1
00011B00  40 06 00 00 78 FF FF FF... bra     .echo_ss_loop
                         .echo_ss_full:
00011B08  EB 01 00 00 1A 00 00 00... syscall #SYS_YIELD
00011B10  10 EE F8 00 00 00 00 00... load.q  r29, (sp)
00011B18  40 06 00 00 78 FF FF FF... bra     .echo_ss_retry
                         .echo_ss_done:
00011B20  20 FF F8 00 10 00 00 00... add     sp, sp, #16
00011B28  51 00 00 00 00 00 00 00... rts
                         prog_echo_cmd_code_end:
                         prog_echo_cmd_data:
00011B30  63 6F 6E 73 6F 6C 65 2E... dc.b    "console.handler", 0
                         ds.b    8  ; 8 bytes reserved
                         prog_echo_cmd_iosm:
00011B48  49 4F 53 4D              dc.l    IOSM_MAGIC
00011B4C  01 00 00 00              dc.l    IOSM_SCHEMA_VERSION
00011B50  05                       dc.b    IOSM_KIND_COMMAND
00011B51  00                       dc.b    0
00011B52  01 00                    dc.w    1
00011B54  00 00                    dc.w    0
00011B56  01 00                    dc.w    1
00011B58  45 63 68 6F 00           dc.b    "Echo", 0
                         ds.b    IOSM_NAME_SIZE - 6  ; 26 bytes reserved
00011B77  04 00 00 00              dc.l    MODF_ASLR_CAPABLE
00011B7B  00 00 00 00              dc.l    0
00011B7F  32 30 32 36 2D 30 34 2D... dc.b    "2026-04-25", 0
                         ds.b    IOSM_BUILD_DATE_SIZE - 11  ; 5 bytes reserved
00011B8F  43 6F 70 79 72 69 67 68... dc.b    0x43, 0x6F, 0x70, 0x79, 0x72, 0x69, 0x67, 0x68, 0x74, 0x20, 0xA9, 0x20, 0x32, 0x30, 0x32, 0x36, 0x20, 0x5A, 0x61, 0x79, 0x6E, 0x20, 0x4F, 0x74, 0x6C, 0x65, 0x79, 0
                         ds.b    IOSM_COPYRIGHT_SIZE - 28  ; 20 bytes reserved
                         ds.b    8  ; 8 bytes reserved
                         prog_echo_cmd_data_end:
                         align   8  ; 1 bytes padding
                         prog_echo_cmd_end:
                         prog_help_app:
00011BC8  00 00 00 00 00 00 00 00... dc.l    0, 0
00011BD0  60 01 00 00              dc.l    prog_help_app_code_end - prog_help_app_code
00011BD4  77 01 00 00              dc.l    prog_help_app_data_end - prog_help_app_data
00011BD8  00 00 00 00              dc.l    0
                         ds.b    12  ; 12 bytes reserved
                         prog_help_app_code:
00011BE8  21 FF F8 00 10 00 00 00... sub     sp, sp, #16
                         .help_preamble:
00011BF0  10 EF F8 00 08 00 00 00... load.q  r29, 8(sp)
00011BF8  11 EE F8 00 00 00 00 00... store.q r29, (sp)
                         .help_open_retry:
00011C00  10 EE F8 00 00 00 00 00... load.q  r29, (sp)
00011C08  01 0E E8 00 00 00 00 00... move.q  r1, r29
00011C10  01 15 00 00 00 00 00 00... move.l  r2, #0
00011C18  EB 01 00 00 10 00 00 00... syscall #SYS_FIND_PORT
00011C20  10 EE F8 00 00 00 00 00... load.q  r29, (sp)
00011C28  41 06 10 00 20 00 00 00... beq r2, r0, .help_open_ok
00011C30  EB 01 00 00 1A 00 00 00... syscall #SYS_YIELD
00011C38  10 EE F8 00 00 00 00 00... load.q  r29, (sp)
00011C40  40 06 00 00 C0 FF FF FF... bra     .help_open_retry
                         .help_open_ok:
00011C48  11 0F E8 00 10 00 00 00... store.q r1, 16(r29)
00011C50  10 EE F8 00 00 00 00 00... load.q  r29, (sp)
00011C58  20 A7 E8 00 20 00 00 00... add     r20, r29, #32
00011C60  50 06 00 00 18 00 00 00... jsr     .help_send_string
00011C68  01 0E 00 00 00 00 00 00... move.q  r1, r0
00011C70  EB 01 00 00 22 00 00 00... syscall #SYS_EXIT_TASK
                         .help_send_string:
00011C78  21 FF F8 00 10 00 00 00... sub     sp, sp, #16
00011C80  10 EF F8 00 18 00 00 00... load.q  r29, 24(sp)
00011C88  11 EE F8 00 00 00 00 00... store.q r29, (sp)
                         .help_ss_loop:
00011C90  10 08 A0 00 00 00 00 00... load.b  r1, (r20)
00011C98  41 06 08 00 A0 00 00 00... beq r1, r0, .help_ss_done
00011CA0  11 A7 F8 00 08 00 00 00... store.q r20, 8(sp)
                         .help_ss_retry:
00011CA8  10 A7 F8 00 08 00 00 00... load.q  r20, 8(sp)
00011CB0  10 18 A0 00 00 00 00 00... load.b  r3, (r20)
00011CB8  01 15 00 00 00 00 00 00... move.l  r2, #0
00011CC0  01 26 00 00 00 00 00 00... move.q  r4, r0
00011CC8  01 2D 00 00 FF FF 00 00... move.l  r5, #REPLY_PORT_NONE
00011CD0  01 36 00 00 00 00 00 00... move.q  r6, r0
00011CD8  10 EE F8 00 00 00 00 00... load.q  r29, (sp)
00011CE0  10 0F E8 00 10 00 00 00... load.q  r1, 16(r29)
00011CE8  EB 01 00 00 11 00 00 00... syscall #SYS_PUT_MSG
00011CF0  10 EE F8 00 00 00 00 00... load.q  r29, (sp)
00011CF8  01 E5 00 00 09 00 00 00... move.l  r28, #ERR_FULL
00011D00  41 06 10 E0 20 00 00 00... beq     r2, r28, .help_ss_full
00011D08  10 A7 F8 00 08 00 00 00... load.q  r20, 8(sp)
00011D10  20 A7 A0 00 01 00 00 00... add     r20, r20, #1
00011D18  40 06 00 00 78 FF FF FF... bra     .help_ss_loop
                         .help_ss_full:
00011D20  EB 01 00 00 1A 00 00 00... syscall #SYS_YIELD
00011D28  10 EE F8 00 00 00 00 00... load.q  r29, (sp)
00011D30  40 06 00 00 78 FF FF FF... bra     .help_ss_retry
                         .help_ss_done:
00011D38  20 FF F8 00 10 00 00 00... add     sp, sp, #16
00011D40  51 00 00 00 00 00 00 00... rts
                         prog_help_app_code_end:
                         prog_help_app_data:
00011D48  63 6F 6E 73 6F 6C 65 2E... dc.b    "console.handler", 0
                         ds.b    8  ; 8 bytes reserved
                         ds.b    8  ; 8 bytes reserved
00011D68  49 6E 74 75 69 74 69 6F... dc.b    "IntuitionOS 1.16.7 help", 0x0D, 0x0A
00011D81  43 6F 6D 6D 61 6E 64 73... dc.b    "Commands: VERSION AVAIL DIR TYPE ECHO ASSIGN LIST WHICH HELP", 0x0D, 0x0A
00011DBF  41 73 73 69 67 6E 73 3A... dc.b    "Assigns: RAM: C: L: LIBS: DEVS: T: S: RESOURCES:", 0x0D, 0x0A
00011DF1  55 6E 69 76 65 72 73 61... dc.b    "Universal Userland Residency: resident command cache uses DOS_RESIDENT_ADD.", 0x0D, 0x0A, 0
                         align   8  ; 1 bytes padding
                         prog_help_app_iosm:
00011E40  49 4F 53 4D              dc.l    IOSM_MAGIC
00011E44  01 00 00 00              dc.l    IOSM_SCHEMA_VERSION
00011E48  05                       dc.b    IOSM_KIND_COMMAND
00011E49  00                       dc.b    0
00011E4A  01 00                    dc.w    1
00011E4C  00 00                    dc.w    0
00011E4E  01 00                    dc.w    1
00011E50  48 65 6C 70 00           dc.b    "Help", 0
                         ds.b    IOSM_NAME_SIZE - 6  ; 26 bytes reserved
00011E6F  04 00 00 00              dc.l    MODF_ASLR_CAPABLE
00011E73  00 00 00 00              dc.l    0
00011E77  32 30 32 36 2D 30 34 2D... dc.b    "2026-04-25", 0
                         ds.b    IOSM_BUILD_DATE_SIZE - 11  ; 5 bytes reserved
00011E87  43 6F 70 79 72 69 67 68... dc.b    0x43, 0x6F, 0x70, 0x79, 0x72, 0x69, 0x67, 0x68, 0x74, 0x20, 0xA9, 0x20, 0x32, 0x30, 0x32, 0x36, 0x20, 0x5A, 0x61, 0x79, 0x6E, 0x20, 0x4F, 0x74, 0x6C, 0x65, 0x79, 0
                         ds.b    IOSM_COPYRIGHT_SIZE - 28  ; 20 bytes reserved
                         ds.b    8  ; 8 bytes reserved
                         prog_help_app_data_end:
                         align   8  ; 1 bytes padding
                         prog_help_app_end:
                         prog_resident_cmd:
00011EC0  00 00 00 00 00 00 00 00... dc.l    0, 0
00011EC8  90 0D 00 00              dc.l    prog_resident_cmd_code_end - prog_resident_cmd_code
00011ECC  3F 02 00 00              dc.l    prog_resident_cmd_data_end - prog_resident_cmd_data
00011ED0  00 00 00 00              dc.l    0
                         ds.b    12  ; 12 bytes reserved
                         prog_resident_cmd_code:
00011EE0  21 FF F8 00 10 00 00 00... sub     sp, sp, #16
                         .resident_preamble:
00011EE8  10 EF F8 00 08 00 00 00... load.q  r29, 8(sp)
00011EF0  11 EE F8 00 00 00 00 00... store.q r29, (sp)
00011EF8  50 06 00 00 20 0D 00 00... jsr     .resident_open_console
00011F00  20 A7 E8 00 00 0C 00 00... add     r20, r29, #DATA_ARGS_OFFSET
00011F08  50 06 00 00 D8 07 00 00... jsr     .resident_skip_ws
00011F10  10 A8 A0 00 00 00 00 00... load.b  r21, (r20)
00011F18  41 06 A8 00 38 04 00 00... beq r21, r0, .resident_list
00011F20  20 97 E8 00 80 00 00 00... add     r18, r29, #128
00011F28  11 97 E8 00 20 00 00 00... store.q r18, 32(r29)
00011F30  01 8D 00 00 00 00 00 00... move.l  r17, #0
                         .resident_find_name_end:
00011F38  10 A8 A0 00 00 00 00 00... load.b  r21, (r20)
00011F40  41 06 A8 00 50 00 00 00... beq r21, r0, .resident_name_done
00011F48  01 B5 00 00 20 00 00 00... move.l  r22, #0x20
00011F50  41 06 A8 B0 40 00 00 00... beq     r21, r22, .resident_name_done
00011F58  01 BD 00 00 1F 00 00 00... move.l  r23, #31
00011F60  44 06 88 B8 30 07 00 00... bge     r17, r23, .resident_usage
00011F68  11 A8 90 00 00 00 00 00... store.b r21, (r18)
00011F70  20 97 90 00 01 00 00 00... add     r18, r18, #1
00011F78  20 A7 A0 00 01 00 00 00... add     r20, r20, #1
00011F80  20 8F 88 00 01 00 00 00... add     r17, r17, #1
00011F88  40 06 00 00 B0 FF FF FF... bra     .resident_find_name_end
                         .resident_name_done:
00011F90  11 00 90 00 00 00 00 00... store.b r0, (r18)
00011F98  41 06 A8 00 10 00 00 00... beq r21, r0, .resident_name_terminated
00011FA0  20 A7 A0 00 01 00 00 00... add     r20, r20, #1
                         .resident_name_terminated:
00011FA8  10 EE F8 00 00 00 00 00... load.q  r29, (sp)
00011FB0  10 0F E8 00 20 00 00 00... load.q  r1, 32(r29)
00011FB8  50 06 00 00 70 09 00 00... jsr     .resident_name_is_all
00011FC0  42 06 08 00 70 07 00 00... bne r1, r0, .resident_all_candidate
                         .resident_after_all_check:
00011FC8  50 06 00 00 18 07 00 00... jsr     .resident_skip_ws
00011FD0  41 06 A0 00 C0 06 00 00... beq r20, r0, .resident_usage
00011FD8  10 A8 A0 00 00 00 00 00... load.b  r21, (r20)
00011FE0  01 B5 00 00 41 00 00 00... move.l  r22, #0x41
00011FE8  41 06 A8 B0 40 00 00 00... beq     r21, r22, .resident_parse_add
00011FF0  01 B5 00 00 61 00 00 00... move.l  r22, #0x61
00011FF8  41 06 A8 B0 30 00 00 00... beq     r21, r22, .resident_parse_add
00012000  01 B5 00 00 52 00 00 00... move.l  r22, #0x52
00012008  41 06 A8 B0 90 00 00 00... beq     r21, r22, .resident_parse_remove
00012010  01 B5 00 00 72 00 00 00... move.l  r22, #0x72
00012018  41 06 A8 B0 80 00 00 00... beq     r21, r22, .resident_parse_remove
00012020  40 06 00 00 70 06 00 00... bra     .resident_usage
                         .resident_parse_add:
00012028  10 B1 A0 00 01 00 00 00... load.b  r22, 1(r20)
00012030  01 BD 00 00 44 00 00 00... move.l  r23, #0x44
00012038  41 06 B0 B8 18 00 00 00... beq     r22, r23, .resident_parse_add_2
00012040  01 BD 00 00 64 00 00 00... move.l  r23, #0x64
00012048  42 06 B0 B8 48 06 00 00... bne     r22, r23, .resident_usage
                         .resident_parse_add_2:
00012050  10 B1 A0 00 02 00 00 00... load.b  r22, 2(r20)
00012058  01 BD 00 00 44 00 00 00... move.l  r23, #0x44
00012060  41 06 B0 B8 18 00 00 00... beq     r22, r23, .resident_parse_add_3
00012068  01 BD 00 00 64 00 00 00... move.l  r23, #0x64
00012070  42 06 B0 B8 20 06 00 00... bne     r22, r23, .resident_usage
                         .resident_parse_add_3:
00012078  20 A7 A0 00 03 00 00 00... add     r20, r20, #3
00012080  50 06 00 00 98 06 00 00... jsr     .resident_require_eol
00012088  42 06 A8 00 08 06 00 00... bne r21, r0, .resident_usage
00012090  40 06 00 00 40 01 00 00... bra     .resident_do_add
                         .resident_parse_remove:
00012098  10 B1 A0 00 01 00 00 00... load.b  r22, 1(r20)
000120A0  01 BD 00 00 45 00 00 00... move.l  r23, #0x45
000120A8  41 06 B0 B8 18 00 00 00... beq     r22, r23, .resident_parse_remove_2
000120B0  01 BD 00 00 65 00 00 00... move.l  r23, #0x65
000120B8  42 06 B0 B8 D8 05 00 00... bne     r22, r23, .resident_usage
                         .resident_parse_remove_2:
000120C0  10 B1 A0 00 02 00 00 00... load.b  r22, 2(r20)
000120C8  01 BD 00 00 4D 00 00 00... move.l  r23, #0x4D
000120D0  41 06 B0 B8 18 00 00 00... beq     r22, r23, .resident_parse_remove_3
000120D8  01 BD 00 00 6D 00 00 00... move.l  r23, #0x6D
000120E0  42 06 B0 B8 B0 05 00 00... bne     r22, r23, .resident_usage
                         .resident_parse_remove_3:
000120E8  10 B1 A0 00 03 00 00 00... load.b  r22, 3(r20)
000120F0  01 BD 00 00 4F 00 00 00... move.l  r23, #0x4F
000120F8  41 06 B0 B8 18 00 00 00... beq     r22, r23, .resident_parse_remove_4
00012100  01 BD 00 00 6F 00 00 00... move.l  r23, #0x6F
00012108  42 06 B0 B8 88 05 00 00... bne     r22, r23, .resident_usage
                         .resident_parse_remove_4:
00012110  10 B1 A0 00 04 00 00 00... load.b  r22, 4(r20)
00012118  01 BD 00 00 56 00 00 00... move.l  r23, #0x56
00012120  41 06 B0 B8 18 00 00 00... beq     r22, r23, .resident_parse_remove_5
00012128  01 BD 00 00 76 00 00 00... move.l  r23, #0x76
00012130  42 06 B0 B8 60 05 00 00... bne     r22, r23, .resident_usage
                         .resident_parse_remove_5:
00012138  10 B1 A0 00 05 00 00 00... load.b  r22, 5(r20)
00012140  01 BD 00 00 45 00 00 00... move.l  r23, #0x45
00012148  41 06 B0 B8 18 00 00 00... beq     r22, r23, .resident_parse_remove_6
00012150  01 BD 00 00 65 00 00 00... move.l  r23, #0x65
00012158  42 06 B0 B8 38 05 00 00... bne     r22, r23, .resident_usage
                         .resident_parse_remove_6:
00012160  20 A7 A0 00 06 00 00 00... add     r20, r20, #6
00012168  50 06 00 00 B0 05 00 00... jsr     .resident_require_eol
00012170  42 06 A8 00 20 05 00 00... bne r21, r0, .resident_usage
00012178  10 EE F8 00 00 00 00 00... load.q  r29, (sp)
00012180  10 0F E8 00 20 00 00 00... load.q  r1, 32(r29)
00012188  50 06 00 00 A0 07 00 00... jsr     .resident_name_is_all
00012190  42 06 08 00 C0 05 00 00... bne r1, r0, .resident_all_remove_unsupported
                         .resident_do_remove:
00012198  01 16 00 00 00 00 00 00... move.q  r2, r0
000121A0  10 EE F8 00 00 00 00 00... load.q  r29, (sp)
000121A8  11 15 E8 00 50 00 00 00... store.l r2, 80(r29)
000121B0  10 0F E8 00 20 00 00 00... load.q  r1, 32(r29)
000121B8  50 06 00 00 F8 07 00 00... jsr     .resident_name_has_dot
000121C0  41 06 08 00 C0 05 00 00... beq r1, r0, .resident_do_dos_remove
000121C8  40 06 00 00 40 00 00 00... bra     .resident_do_call
                         .resident_do_add:
000121D0  01 15 00 00 01 00 00 00... move.l  r2, #1
000121D8  10 EE F8 00 00 00 00 00... load.q  r29, (sp)
000121E0  11 15 E8 00 50 00 00 00... store.l r2, 80(r29)
000121E8  10 0F E8 00 20 00 00 00... load.q  r1, 32(r29)
000121F0  50 06 00 00 C0 07 00 00... jsr     .resident_name_has_dot
000121F8  41 06 08 00 78 05 00 00... beq r1, r0, .resident_do_dos_add
00012200  50 06 00 00 00 08 00 00... jsr     .resident_autoload_library
                         .resident_do_call:
00012208  10 EE F8 00 00 00 00 00... load.q  r29, (sp)
00012210  11 15 E8 00 50 00 00 00... store.l r2, 80(r29)
00012218  10 0F E8 00 20 00 00 00... load.q  r1, 32(r29)
00012220  EB 01 00 00 30 00 00 00... syscall #SYS_SET_RESIDENT
00012228  10 EE F8 00 00 00 00 00... load.q  r29, (sp)
00012230  11 17 E8 00 78 00 00 00... store.q r2, 120(r29)
00012238  10 0F E8 00 60 00 00 00... load.q  r1, 96(r29)
00012240  41 06 08 00 20 00 00 00... beq r1, r0, .resident_after_autoload_close
00012248  EB 01 00 00 2B 00 00 00... syscall #SYS_CLOSE_LIBRARY
00012250  10 EE F8 00 00 00 00 00... load.q  r29, (sp)
00012258  11 07 E8 00 60 00 00 00... store.q r0, 96(r29)
                         .resident_after_autoload_close:
00012260  10 17 E8 00 78 00 00 00... load.q  r2, 120(r29)
00012268  41 06 10 00 30 00 00 00... beq r2, r0, .resident_mutation_ok
00012270  01 BD 00 00 04 00 00 00... move.l  r23, #ERR_NOTFOUND
00012278  41 06 10 B8 90 00 00 00... beq     r2, r23, .resident_not_found_or_unsupported_file
00012280  01 BD 00 00 0C 00 00 00... move.l  r23, #ERR_UNSUPPORTED
00012288  41 06 10 B8 A8 00 00 00... beq     r2, r23, .resident_unsupported
00012290  40 06 00 00 00 04 00 00... bra     .resident_usage
                         .resident_mutation_ok:
00012298  10 C5 E8 00 50 00 00 00... load.l  r24, 80(r29)
000122A0  42 06 C0 00 28 00 00 00... bne r24, r0, .resident_added
000122A8  10 EE F8 00 00 00 00 00... load.q  r29, (sp)
000122B0  20 A7 E8 00 20 01 00 00... add     r20, r29, #(resident_msg_removed - prog_resident_cmd_data)
000122B8  50 06 00 00 98 08 00 00... jsr     .resident_send_string
000122C0  40 06 00 00 E8 03 00 00... bra     .resident_exit
                         .resident_added:
000122C8  10 EE F8 00 00 00 00 00... load.q  r29, (sp)
000122D0  20 A7 E8 00 08 01 00 00... add     r20, r29, #(resident_msg_added - prog_resident_cmd_data)
000122D8  50 06 00 00 78 08 00 00... jsr     .resident_send_string
000122E0  40 06 00 00 C8 03 00 00... bra     .resident_exit
                         .resident_not_found:
000122E8  10 EE F8 00 00 00 00 00... load.q  r29, (sp)
000122F0  20 A7 E8 00 38 01 00 00... add     r20, r29, #(resident_msg_not_found - prog_resident_cmd_data)
000122F8  50 06 00 00 58 08 00 00... jsr     .resident_send_string
00012300  40 06 00 00 A8 03 00 00... bra     .resident_exit
                         .resident_not_found_or_unsupported_file:
00012308  10 EE F8 00 00 00 00 00... load.q  r29, (sp)
00012310  10 0F E8 00 20 00 00 00... load.q  r1, 32(r29)
00012318  50 06 00 00 98 06 00 00... jsr     .resident_name_has_dot
00012320  41 06 08 00 10 00 00 00... beq r1, r0, .resident_unsupported
00012328  40 06 00 00 C0 FF FF FF... bra     .resident_not_found
                         .resident_unsupported:
00012330  10 EE F8 00 00 00 00 00... load.q  r29, (sp)
00012338  20 A7 E8 00 50 01 00 00... add     r20, r29, #(resident_msg_unsupported - prog_resident_cmd_data)
00012340  50 06 00 00 10 08 00 00... jsr     .resident_send_string
00012348  40 06 00 00 60 03 00 00... bra     .resident_exit
                         .resident_list:
00012350  10 EE F8 00 00 00 00 00... load.q  r29, (sp)
00012358  20 0F E8 00 B0 00 00 00... add     r1, r29, #(resident_exec_name - prog_resident_cmd_data)
00012360  EB 01 00 00 10 00 00 00... syscall #SYS_FIND_PORT
00012368  10 EE F8 00 00 00 00 00... load.q  r29, (sp)
00012370  42 06 10 00 00 03 00 00... bne r2, r0, .resident_inventory_err
00012378  11 0F E8 00 38 00 00 00... store.q r1, 56(r29)
00012380  01 0E 00 00 00 00 00 00... move.q  r1, r0
00012388  01 16 00 00 00 00 00 00... move.q  r2, r0
00012390  EB 01 00 00 0F 00 00 00... syscall #SYS_CREATE_PORT
00012398  10 EE F8 00 00 00 00 00... load.q  r29, (sp)
000123A0  42 06 10 00 D0 02 00 00... bne r2, r0, .resident_inventory_err
000123A8  11 0F E8 00 18 00 00 00... store.q r1, 24(r29)
000123B0  01 0D 00 00 00 10 00 00... move.l  r1, #4096
000123B8  01 15 00 00 01 00 01 00... move.l  r2, #0x10001
000123C0  EB 01 00 00 01 00 00 00... syscall #SYS_ALLOC_MEM
000123C8  10 EE F8 00 00 00 00 00... load.q  r29, (sp)
000123D0  42 06 10 00 A0 02 00 00... bne r2, r0, .resident_inventory_err
000123D8  11 0F E8 00 28 00 00 00... store.q r1, 40(r29)
000123E0  11 1F E8 00 30 00 00 00... store.q r3, 48(r29)
000123E8  10 0F E8 00 38 00 00 00... load.q  r1, 56(r29)
000123F0  01 15 00 00 28 01 00 00... move.l  r2, #EXEC_MSG_LIST_RESIDENT_INVENTORY
000123F8  01 1E 00 00 00 00 00 00... move.q  r3, r0
00012400  01 26 00 00 00 00 00 00... move.q  r4, r0
00012408  10 2F E8 00 18 00 00 00... load.q  r5, 24(r29)
00012410  10 37 E8 00 30 00 00 00... load.q  r6, 48(r29)
00012418  EB 01 00 00 11 00 00 00... syscall #SYS_PUT_MSG
00012420  10 EE F8 00 00 00 00 00... load.q  r29, (sp)
00012428  42 06 10 00 48 02 00 00... bne r2, r0, .resident_inventory_err
00012430  10 0F E8 00 18 00 00 00... load.q  r1, 24(r29)
00012438  EB 01 00 00 13 00 00 00... syscall #SYS_WAIT_PORT
00012440  10 EE F8 00 00 00 00 00... load.q  r29, (sp)
00012448  42 06 18 00 28 02 00 00... bne r3, r0, .resident_inventory_err
00012450  42 06 20 00 20 02 00 00... bne r4, r0, .resident_inventory_err
00012458  10 CF E8 00 28 00 00 00... load.q  r25, 40(r29)
00012460  10 D5 C8 00 0C 00 00 00... load.l  r26, 12(r25)
00012468  11 D5 E8 00 40 00 00 00... store.l r26, 64(r29)
00012470  11 05 E8 00 48 00 00 00... store.l r0, 72(r29)
                         .resident_list_loop:
00012478  10 EE F8 00 00 00 00 00... load.q  r29, (sp)
00012480  10 CF E8 00 28 00 00 00... load.q  r25, 40(r29)
00012488  10 D5 E8 00 40 00 00 00... load.l  r26, 64(r29)
00012490  10 DD E8 00 48 00 00 00... load.l  r27, 72(r29)
00012498  44 06 D8 D0 70 00 00 00... bge     r27, r26, .resident_list_dos
000124A0  01 A6 D8 00 00 00 00 00... move.q  r20, r27
000124A8  34 A7 A0 00 06 00 00 00... lsl     r20, r20, #6
000124B0  20 A7 A0 00 20 00 00 00... add     r20, r20, #32
000124B8  20 A6 C8 A0 00 00 00 00... add     r20, r25, r20
000124C0  50 06 00 00 90 06 00 00... jsr     .resident_send_string
000124C8  10 EE F8 00 00 00 00 00... load.q  r29, (sp)
000124D0  20 A7 E8 00 00 01 00 00... add     r20, r29, #(resident_msg_crlf - prog_resident_cmd_data)
000124D8  50 06 00 00 78 06 00 00... jsr     .resident_send_string
000124E0  10 EE F8 00 00 00 00 00... load.q  r29, (sp)
000124E8  10 DD E8 00 48 00 00 00... load.l  r27, 72(r29)
000124F0  20 DF D8 00 01 00 00 00... add     r27, r27, #1
000124F8  11 DD E8 00 48 00 00 00... store.l r27, 72(r29)
00012500  40 06 00 00 78 FF FF FF... bra     .resident_list_loop
                         .resident_list_dos:
00012508  10 EE F8 00 00 00 00 00... load.q  r29, (sp)
00012510  20 0F E8 00 C0 00 00 00... add     r1, r29, #(resident_dos_name - prog_resident_cmd_data)
00012518  EB 01 00 00 10 00 00 00... syscall #SYS_FIND_PORT
00012520  10 EE F8 00 00 00 00 00... load.q  r29, (sp)
00012528  42 06 10 00 80 01 00 00... bne r2, r0, .resident_exit
00012530  11 0F E8 00 78 00 00 00... store.q r1, 120(r29)
00012538  10 0F E8 00 78 00 00 00... load.q  r1, 120(r29)
00012540  01 15 00 00 23 03 00 00... move.l  r2, #DOS_RESIDENT_LIST
00012548  01 1E 00 00 00 00 00 00... move.q  r3, r0
00012550  01 26 00 00 00 00 00 00... move.q  r4, r0
00012558  10 2F E8 00 18 00 00 00... load.q  r5, 24(r29)
00012560  10 37 E8 00 30 00 00 00... load.q  r6, 48(r29)
00012568  EB 01 00 00 11 00 00 00... syscall #SYS_PUT_MSG
00012570  10 EE F8 00 00 00 00 00... load.q  r29, (sp)
00012578  42 06 10 00 30 01 00 00... bne r2, r0, .resident_exit
00012580  10 0F E8 00 18 00 00 00... load.q  r1, 24(r29)
00012588  EB 01 00 00 13 00 00 00... syscall #SYS_WAIT_PORT
00012590  10 EE F8 00 00 00 00 00... load.q  r29, (sp)
00012598  42 06 18 00 10 01 00 00... bne r3, r0, .resident_exit
000125A0  42 06 20 00 08 01 00 00... bne r4, r0, .resident_exit
000125A8  10 CF E8 00 28 00 00 00... load.q  r25, 40(r29)
000125B0  10 D4 C8 00 00 00 00 00... load.l  r26, 0(r25)
000125B8  01 DD 00 00 52 43 4C 49... move.l  r27, #DOS_RCLI_MAGIC
000125C0  42 06 D0 D8 E8 00 00 00... bne     r26, r27, .resident_exit
000125C8  10 D5 C8 00 0C 00 00 00... load.l  r26, 12(r25)
000125D0  11 D5 E8 00 40 00 00 00... store.l r26, 64(r29)
000125D8  11 05 E8 00 48 00 00 00... store.l r0, 72(r29)
                         .resident_list_dos_loop:
000125E0  10 EE F8 00 00 00 00 00... load.q  r29, (sp)
000125E8  10 CF E8 00 28 00 00 00... load.q  r25, 40(r29)
000125F0  10 D5 E8 00 40 00 00 00... load.l  r26, 64(r29)
000125F8  10 DD E8 00 48 00 00 00... load.l  r27, 72(r29)
00012600  44 06 D8 D0 A8 00 00 00... bge     r27, r26, .resident_exit
00012608  01 A6 D8 00 00 00 00 00... move.q  r20, r27
00012610  34 A7 A0 00 06 00 00 00... lsl     r20, r20, #6
00012618  20 A7 A0 00 20 00 00 00... add     r20, r20, #DOS_RCLI_HDR_SIZE
00012620  20 A6 C8 A0 00 00 00 00... add     r20, r25, r20
00012628  50 06 00 00 28 05 00 00... jsr     .resident_send_string
00012630  10 EE F8 00 00 00 00 00... load.q  r29, (sp)
00012638  20 A7 E8 00 00 01 00 00... add     r20, r29, #(resident_msg_crlf - prog_resident_cmd_data)
00012640  50 06 00 00 10 05 00 00... jsr     .resident_send_string
00012648  10 EE F8 00 00 00 00 00... load.q  r29, (sp)
00012650  10 DD E8 00 48 00 00 00... load.l  r27, 72(r29)
00012658  20 DF D8 00 01 00 00 00... add     r27, r27, #1
00012660  11 DD E8 00 48 00 00 00... store.l r27, 72(r29)
00012668  40 06 00 00 78 FF FF FF... bra     .resident_list_dos_loop
                         .resident_inventory_err:
00012670  10 EE F8 00 00 00 00 00... load.q  r29, (sp)
00012678  20 A7 E8 00 98 01 00 00... add     r20, r29, #(resident_msg_inventory_err - prog_resident_cmd_data)
00012680  50 06 00 00 D0 04 00 00... jsr     .resident_send_string
00012688  40 06 00 00 20 00 00 00... bra     .resident_exit
                         .resident_usage:
00012690  10 EE F8 00 00 00 00 00... load.q  r29, (sp)
00012698  20 A7 E8 00 D0 00 00 00... add     r20, r29, #(resident_msg_usage - prog_resident_cmd_data)
000126A0  50 06 00 00 B0 04 00 00... jsr     .resident_send_string
                         .resident_exit:
000126A8  10 EE F8 00 00 00 00 00... load.q  r29, (sp)
000126B0  10 0F E8 00 28 00 00 00... load.q  r1, 40(r29)
000126B8  41 06 08 00 18 00 00 00... beq r1, r0, .resident_exit_now
000126C0  01 15 00 00 00 10 00 00... move.l  r2, #4096
000126C8  EB 01 00 00 02 00 00 00... syscall #SYS_FREE_MEM
                         .resident_exit_now:
000126D0  01 0E 00 00 00 00 00 00... move.q  r1, r0
000126D8  EB 01 00 00 22 00 00 00... syscall #SYS_EXIT_TASK
                         .resident_skip_ws:
000126E0  10 A8 A0 00 00 00 00 00... load.b  r21, (r20)
000126E8  41 06 A8 00 28 00 00 00... beq r21, r0, .resident_skip_done
000126F0  01 B5 00 00 20 00 00 00... move.l  r22, #0x20
000126F8  42 06 A8 B0 18 00 00 00... bne     r21, r22, .resident_skip_done
00012700  20 A7 A0 00 01 00 00 00... add     r20, r20, #1
00012708  40 06 00 00 D8 FF FF FF... bra     .resident_skip_ws
                         .resident_skip_done:
00012710  51 00 00 00 00 00 00 00... rts
                         .resident_require_eol:
00012718  50 06 00 00 C8 FF FF FF... jsr     .resident_skip_ws
00012720  10 A8 A0 00 00 00 00 00... load.b  r21, (r20)
00012728  51 00 00 00 00 00 00 00... rts
                         .resident_all_candidate:
00012730  50 06 00 00 B0 FF FF FF... jsr     .resident_skip_ws
00012738  10 A8 A0 00 00 00 00 00... load.b  r21, (r20)
00012740  41 06 A8 00 10 FC FF FF... beq r21, r0, .resident_list
00012748  40 06 00 00 80 F8 FF FF... bra     .resident_after_all_check
                         .resident_all_remove_unsupported:
00012750  10 EE F8 00 00 00 00 00... load.q  r29, (sp)
00012758  20 A7 E8 00 70 01 00 00... add     r20, r29, #(resident_msg_all_remove_unsupported - prog_resident_cmd_data)
00012760  50 06 00 00 F0 03 00 00... jsr     .resident_send_string
00012768  40 06 00 00 40 FF FF FF... bra     .resident_exit
                         .resident_do_dos_add:
00012770  01 15 00 00 21 03 00 00... move.l  r2, #DOS_RESIDENT_ADD
00012778  40 06 00 00 10 00 00 00... bra     .resident_do_dos_mutation
                         .resident_do_dos_remove:
00012780  01 15 00 00 22 03 00 00... move.l  r2, #DOS_RESIDENT_REMOVE
                         .resident_do_dos_mutation:
00012788  10 EE F8 00 00 00 00 00... load.q  r29, (sp)
00012790  11 15 E8 00 70 00 00 00... store.l r2, 112(r29)
00012798  20 0F E8 00 C0 00 00 00... add     r1, r29, #(resident_dos_name - prog_resident_cmd_data)
000127A0  EB 01 00 00 10 00 00 00... syscall #SYS_FIND_PORT
000127A8  10 EE F8 00 00 00 00 00... load.q  r29, (sp)
000127B0  42 06 10 00 38 FB FF FF... bne r2, r0, .resident_not_found
000127B8  11 0F E8 00 78 00 00 00... store.q r1, 120(r29)
000127C0  01 0E 00 00 00 00 00 00... move.q  r1, r0
000127C8  01 16 00 00 00 00 00 00... move.q  r2, r0
000127D0  EB 01 00 00 0F 00 00 00... syscall #SYS_CREATE_PORT
000127D8  10 EE F8 00 00 00 00 00... load.q  r29, (sp)
000127E0  42 06 10 00 08 FB FF FF... bne r2, r0, .resident_not_found
000127E8  11 0F E8 00 18 00 00 00... store.q r1, 24(r29)
000127F0  01 0D 00 00 00 10 00 00... move.l  r1, #4096
000127F8  01 15 00 00 01 00 01 00... move.l  r2, #0x10001
00012800  EB 01 00 00 01 00 00 00... syscall #SYS_ALLOC_MEM
00012808  10 EE F8 00 00 00 00 00... load.q  r29, (sp)
00012810  42 06 10 00 D8 FA FF FF... bne r2, r0, .resident_not_found
00012818  11 0F E8 00 28 00 00 00... store.q r1, 40(r29)
00012820  11 1F E8 00 30 00 00 00... store.q r3, 48(r29)
00012828  10 A7 E8 00 20 00 00 00... load.q  r20, 32(r29)
00012830  10 AF E8 00 28 00 00 00... load.q  r21, 40(r29)
00012838  01 B5 00 00 00 00 00 00... move.l  r22, #0
                         .resident_dos_copy_name:
00012840  01 BD 00 00 04 01 00 00... move.l  r23, #DOS_RCMD_NAME_MAX
00012848  21 BF B8 00 01 00 00 00... sub     r23, r23, #1
00012850  44 06 B0 B8 40 FE FF FF... bge     r22, r23, .resident_usage
00012858  10 C0 A0 00 00 00 00 00... load.b  r24, (r20)
00012860  11 C0 A8 00 00 00 00 00... store.b r24, (r21)
00012868  41 06 C0 00 28 00 00 00... beq r24, r0, .resident_dos_send
00012870  20 A7 A0 00 01 00 00 00... add     r20, r20, #1
00012878  20 AF A8 00 01 00 00 00... add     r21, r21, #1
00012880  20 B7 B0 00 01 00 00 00... add     r22, r22, #1
00012888  40 06 00 00 B8 FF FF FF... bra     .resident_dos_copy_name
                         .resident_dos_send:
00012890  10 0F E8 00 78 00 00 00... load.q  r1, 120(r29)
00012898  10 15 E8 00 70 00 00 00... load.l  r2, 112(r29)
000128A0  01 1E 00 00 00 00 00 00... move.q  r3, r0
000128A8  01 26 00 00 00 00 00 00... move.q  r4, r0
000128B0  10 2F E8 00 18 00 00 00... load.q  r5, 24(r29)
000128B8  10 37 E8 00 30 00 00 00... load.q  r6, 48(r29)
000128C0  EB 01 00 00 11 00 00 00... syscall #SYS_PUT_MSG
000128C8  10 EE F8 00 00 00 00 00... load.q  r29, (sp)
000128D0  42 06 10 00 18 FA FF FF... bne r2, r0, .resident_not_found
000128D8  10 0F E8 00 18 00 00 00... load.q  r1, 24(r29)
000128E0  EB 01 00 00 13 00 00 00... syscall #SYS_WAIT_PORT
000128E8  10 EE F8 00 00 00 00 00... load.q  r29, (sp)
000128F0  42 06 18 00 F8 F9 FF FF... bne r3, r0, .resident_not_found
000128F8  10 CF E8 00 28 00 00 00... load.q  r25, 40(r29)
00012900  10 15 C8 00 04 01 00 00... load.l  r2, DOS_RCMD_RC_OFF(r25)
00012908  41 06 10 00 90 F9 FF FF... beq r2, r0, .resident_mutation_ok
00012910  01 BD 00 00 04 00 00 00... move.l  r23, #ERR_NOTFOUND
00012918  41 06 10 B8 D0 F9 FF FF... beq     r2, r23, .resident_not_found
00012920  40 06 00 00 10 FA FF FF... bra     .resident_unsupported
                         .resident_name_is_all:
00012928  10 A8 08 00 00 00 00 00... load.b  r21, (r1)
00012930  31 AF A8 00 20 00 00 00... or      r21, r21, #0x20
00012938  01 B5 00 00 61 00 00 00... move.l  r22, #0x61
00012940  42 06 A8 B0 60 00 00 00... bne     r21, r22, .resident_name_is_all_no
00012948  10 A9 08 00 01 00 00 00... load.b  r21, 1(r1)
00012950  31 AF A8 00 20 00 00 00... or      r21, r21, #0x20
00012958  01 B5 00 00 6C 00 00 00... move.l  r22, #0x6C
00012960  42 06 A8 B0 40 00 00 00... bne     r21, r22, .resident_name_is_all_no
00012968  10 A9 08 00 02 00 00 00... load.b  r21, 2(r1)
00012970  31 AF A8 00 20 00 00 00... or      r21, r21, #0x20
00012978  42 06 A8 B0 28 00 00 00... bne     r21, r22, .resident_name_is_all_no
00012980  10 A9 08 00 03 00 00 00... load.b  r21, 3(r1)
00012988  42 06 A8 00 18 00 00 00... bne r21, r0, .resident_name_is_all_no
00012990  01 0D 00 00 01 00 00 00... move.l  r1, #1
00012998  51 00 00 00 00 00 00 00... rts
                         .resident_name_is_all_no:
000129A0  01 0E 00 00 00 00 00 00... move.q  r1, r0
000129A8  51 00 00 00 00 00 00 00... rts
                         .resident_name_has_dot:
000129B0  10 A8 08 00 00 00 00 00... load.b  r21, (r1)
000129B8  41 06 A8 00 38 00 00 00... beq r21, r0, .resident_name_has_dot_no
000129C0  01 B5 00 00 2E 00 00 00... move.l  r22, #0x2E
000129C8  41 06 A8 B0 18 00 00 00... beq     r21, r22, .resident_name_has_dot_yes
000129D0  20 0F 08 00 01 00 00 00... add     r1, r1, #1
000129D8  40 06 00 00 D8 FF FF FF... bra     .resident_name_has_dot
                         .resident_name_has_dot_yes:
000129E0  01 0D 00 00 01 00 00 00... move.l  r1, #1
000129E8  51 00 00 00 00 00 00 00... rts
                         .resident_name_has_dot_no:
000129F0  01 0E 00 00 00 00 00 00... move.q  r1, r0
000129F8  51 00 00 00 00 00 00 00... rts
                         .resident_autoload_library:
00012A00  10 EF F8 00 08 00 00 00... load.q  r29, 8(sp)
00012A08  01 0D 00 00 10 00 00 00... move.l  r1, #16
00012A10  EB 01 00 00 0B 00 00 00... syscall #SYS_ALLOC_SIGNAL
00012A18  10 EF F8 00 08 00 00 00... load.q  r29, 8(sp)
00012A20  42 06 10 00 20 01 00 00... bne r2, r0, .resident_autoload_done
00012A28  11 0F E8 00 58 00 00 00... store.q r1, 88(r29)
                         .resident_autoload_retry:
00012A30  10 EF F8 00 08 00 00 00... load.q  r29, 8(sp)
00012A38  01 75 00 00 FF FF FF FF... move.l  r14, #0xFFFFFFFF
00012A40  11 75 E8 00 68 00 00 00... store.l r14, 104(r29)
00012A48  11 05 E8 00 6C 00 00 00... store.l r0, 108(r29)
00012A50  11 05 E8 00 70 00 00 00... store.l r0, 112(r29)
00012A58  11 05 E8 00 74 00 00 00... store.l r0, 116(r29)
00012A60  10 0F E8 00 20 00 00 00... load.q  r1, 32(r29)
00012A68  01 16 00 00 00 00 00 00... move.q  r2, r0
00012A70  10 1F E8 00 58 00 00 00... load.q  r3, 88(r29)
00012A78  20 27 E8 00 68 00 00 00... add     r4, r29, #104
00012A80  EB 01 00 00 2D 00 00 00... syscall #SYS_OPEN_LIBRARY_EX
00012A88  10 EF F8 00 08 00 00 00... load.q  r29, 8(sp)
00012A90  41 06 10 00 80 00 00 00... beq r2, r0, .resident_autoload_opened
00012A98  01 75 00 00 06 00 00 00... move.l  r14, #ERR_AGAIN
00012AA0  42 06 10 70 78 00 00 00... bne     r2, r14, .resident_autoload_free_signal
00012AA8  10 75 E8 00 68 00 00 00... load.l  r14, 104(r29)
00012AB0  01 7D 00 00 FF FF FF FF... move.l  r15, #0xFFFFFFFF
00012AB8  42 06 70 78 50 00 00 00... bne     r14, r15, .resident_autoload_wait_done
00012AC0  10 77 E8 00 58 00 00 00... load.q  r14, 88(r29)
00012AC8  01 0F 00 00 01 00 00 00... move.q  r1, #1
00012AD0  34 0E 08 70 00 00 00 00... lsl     r1, r1, r14
00012AD8  EB 01 00 00 0E 00 00 00... syscall #SYS_WAIT
00012AE0  10 EF F8 00 08 00 00 00... load.q  r29, 8(sp)
00012AE8  42 06 10 00 30 00 00 00... bne r2, r0, .resident_autoload_free_signal
00012AF0  10 75 E8 00 68 00 00 00... load.l  r14, 104(r29)
00012AF8  01 7D 00 00 FF FF FF FF... move.l  r15, #0xFFFFFFFF
00012B00  41 06 70 78 30 FF FF FF... beq     r14, r15, .resident_autoload_retry
                         .resident_autoload_wait_done:
00012B08  42 06 70 00 10 00 00 00... bne r14, r0, .resident_autoload_free_signal
                         .resident_autoload_opened:
00012B10  11 0F E8 00 60 00 00 00... store.q r1, 96(r29)
                         .resident_autoload_free_signal:
00012B18  10 0F E8 00 58 00 00 00... load.q  r1, 88(r29)
00012B20  41 06 08 00 20 00 00 00... beq r1, r0, .resident_autoload_done
00012B28  EB 01 00 00 0C 00 00 00... syscall #SYS_FREE_SIGNAL
00012B30  10 EF F8 00 08 00 00 00... load.q  r29, 8(sp)
00012B38  11 07 E8 00 58 00 00 00... store.q r0, 88(r29)
                         .resident_autoload_done:
00012B40  01 15 00 00 01 00 00 00... move.l  r2, #1
00012B48  51 00 00 00 00 00 00 00... rts
                         .resident_send_string:
00012B50  21 FF F8 00 10 00 00 00... sub     sp, sp, #16
00012B58  10 EF F8 00 18 00 00 00... load.q  r29, 24(sp)
00012B60  11 EE F8 00 00 00 00 00... store.q r29, (sp)
                         .resident_ss_loop:
00012B68  10 08 A0 00 00 00 00 00... load.b  r1, (r20)
00012B70  41 06 08 00 98 00 00 00... beq r1, r0, .resident_ss_done
00012B78  11 A7 F8 00 08 00 00 00... store.q r20, 8(sp)
                         .resident_ss_retry:
00012B80  10 A7 F8 00 08 00 00 00... load.q  r20, 8(sp)
00012B88  10 18 A0 00 00 00 00 00... load.b  r3, (r20)
00012B90  01 15 00 00 00 00 00 00... move.l  r2, #CON_MSG_CHAR
00012B98  01 26 00 00 00 00 00 00... move.q  r4, r0
00012BA0  01 2D 00 00 FF FF 00 00... move.l  r5, #REPLY_PORT_NONE
00012BA8  01 36 00 00 00 00 00 00... move.q  r6, r0
00012BB0  10 EE F8 00 00 00 00 00... load.q  r29, (sp)
00012BB8  10 0F E8 00 10 00 00 00... load.q  r1, 16(r29)
00012BC0  EB 01 00 00 11 00 00 00... syscall #SYS_PUT_MSG
00012BC8  10 EE F8 00 00 00 00 00... load.q  r29, (sp)
00012BD0  01 E5 00 00 09 00 00 00... move.l  r28, #ERR_FULL
00012BD8  41 06 10 E0 20 00 00 00... beq     r2, r28, .resident_ss_full
00012BE0  10 A7 F8 00 08 00 00 00... load.q  r20, 8(sp)
00012BE8  20 A7 A0 00 01 00 00 00... add     r20, r20, #1
00012BF0  40 06 00 00 78 FF FF FF... bra     .resident_ss_loop
                         .resident_ss_full:
00012BF8  EB 01 00 00 1A 00 00 00... syscall #SYS_YIELD
00012C00  40 06 00 00 80 FF FF FF... bra     .resident_ss_retry
                         .resident_ss_done:
00012C08  20 FF F8 00 10 00 00 00... add     sp, sp, #16
00012C10  51 00 00 00 00 00 00 00... rts
                         .resident_open_console:
00012C18  10 EF F8 00 08 00 00 00... load.q  r29, 8(sp)
                         .resident_open_console_retry:
00012C20  20 0F E8 00 A0 00 00 00... add     r1, r29, #(resident_console_name - prog_resident_cmd_data)
00012C28  01 15 00 00 00 00 00 00... move.l  r2, #0
00012C30  EB 01 00 00 10 00 00 00... syscall #SYS_FIND_PORT
00012C38  10 EF F8 00 08 00 00 00... load.q  r29, 8(sp)
00012C40  41 06 10 00 20 00 00 00... beq r2, r0, .resident_open_console_ok
00012C48  EB 01 00 00 1A 00 00 00... syscall #SYS_YIELD
00012C50  10 EF F8 00 08 00 00 00... load.q  r29, 8(sp)
00012C58  40 06 00 00 C8 FF FF FF... bra     .resident_open_console_retry
                         .resident_open_console_ok:
00012C60  11 0F E8 00 10 00 00 00... store.q r1, 16(r29)
00012C68  51 00 00 00 00 00 00 00... rts
                         prog_resident_cmd_code_end:
                         prog_resident_cmd_data:
                         ds.b    16  ; 16 bytes reserved
                         ds.b    8  ; 8 bytes reserved
                         ds.b    8  ; 8 bytes reserved
                         ds.b    8  ; 8 bytes reserved
                         ds.b    8  ; 8 bytes reserved
                         ds.b    8  ; 8 bytes reserved
                         ds.b    8  ; 8 bytes reserved
                         ds.b    8  ; 8 bytes reserved
                         ds.b    8  ; 8 bytes reserved
                         ds.b    8  ; 8 bytes reserved
                         ds.b    8  ; 8 bytes reserved
                         ds.b    8  ; 8 bytes reserved
                         ds.b    16  ; 16 bytes reserved
                         ds.b    8  ; 8 bytes reserved
                         ds.b    32  ; 32 bytes reserved
                         resident_console_name:
00012D10  63 6F 6E 73 6F 6C 65 2E... dc.b    "console.handler", 0
                         resident_exec_name:
00012D20  65 78 65 63 2E 6C 69 62... dc.b    "exec.library", 0
                         align   8  ; 3 bytes padding
                         resident_dos_name:
00012D30  64 6F 73 2E 6C 69 62 72... dc.b    "dos.library", 0
                         align   8  ; 4 bytes padding
                         resident_msg_usage:
00012D40  52 65 73 69 64 65 6E 74... dc.b    "Resident usage: Resident [<name> ADD|REMOVE]", 0x0D, 0x0A, 0
                         align   8  ; 1 bytes padding
                         resident_msg_crlf:
00012D70  0D 0A 00                 dc.b    0x0D, 0x0A, 0
                         align   8  ; 5 bytes padding
                         resident_msg_added:
00012D78  52 65 73 69 64 65 6E 74... dc.b    "Resident: added", 0x0D, 0x0A, 0
                         align   8  ; 6 bytes padding
                         resident_msg_removed:
00012D90  52 65 73 69 64 65 6E 74... dc.b    "Resident: removed", 0x0D, 0x0A, 0
                         align   8  ; 4 bytes padding
                         resident_msg_not_found:
00012DA8  52 65 73 69 64 65 6E 74... dc.b    "Resident: not found", 0x0D, 0x0A, 0
                         align   8  ; 2 bytes padding
                         resident_msg_unsupported:
00012DC0  52 65 73 69 64 65 6E 74... dc.b    "Resident: unsupported target", 0x0D, 0x0A, 0
                         align   8  ; 1 bytes padding
                         resident_msg_all_remove_unsupported:
00012DE0  52 65 73 69 64 65 6E 74... dc.b    "Resident: all remove unsupported", 0x0D, 0x0A, 0
                         align   8  ; 5 bytes padding
                         resident_msg_inventory_err:
00012E08  52 65 73 69 64 65 6E 74... dc.b    "Resident: inventory unavailable", 0x0D, 0x0A, 0
                         align   8  ; 6 bytes padding
                         prog_resident_cmd_iosm:
00012E30  49 4F 53 4D              dc.l    IOSM_MAGIC
00012E34  01 00 00 00              dc.l    IOSM_SCHEMA_VERSION
00012E38  05                       dc.b    IOSM_KIND_COMMAND
00012E39  00                       dc.b    0
00012E3A  01 00                    dc.w    1
00012E3C  02 00                    dc.w    2
00012E3E  00 00                    dc.w    0
00012E40  52 65 73 69 64 65 6E 74... dc.b    "Resident", 0
                         ds.b    IOSM_NAME_SIZE - 10  ; 22 bytes reserved
00012E5F  04 00 00 00              dc.l    MODF_ASLR_CAPABLE
00012E63  00 00 00 00              dc.l    0
00012E67  32 30 32 36 2D 30 34 2D... dc.b    "2026-04-25", 0
                         ds.b    IOSM_BUILD_DATE_SIZE - 11  ; 5 bytes reserved
00012E77  43 6F 70 79 72 69 67 68... dc.b    0x43, 0x6F, 0x70, 0x79, 0x72, 0x69, 0x67, 0x68, 0x74, 0x20, 0xA9, 0x20, 0x32, 0x30, 0x32, 0x36, 0x20, 0x5A, 0x61, 0x79, 0x6E, 0x20, 0x4F, 0x74, 0x6C, 0x65, 0x79, 0
                         ds.b    IOSM_COPYRIGHT_SIZE - 28  ; 20 bytes reserved
                         ds.b    8  ; 8 bytes reserved
                         prog_resident_cmd_data_end:
                         align   8  ; 1 bytes padding
                         prog_resident_cmd_end:
                         prog_list_cmd:
00012EB0  00 00 00 00 00 00 00 00... dc.l    0, 0
00012EB8  78 03 00 00              dc.l    prog_list_cmd_code_end - prog_list_cmd_code
00012EBC  07 01 00 00              dc.l    prog_list_cmd_data_end - prog_list_cmd_data
00012EC0  00 00 00 00              dc.l    0
                         ds.b    12  ; 12 bytes reserved
                         prog_list_cmd_code:
00012ED0  21 FF F8 00 10 00 00 00... sub     sp, sp, #16
                         .list_preamble:
00012ED8  10 EF F8 00 08 00 00 00... load.q  r29, 8(sp)
00012EE0  11 EE F8 00 00 00 00 00... store.q r29, (sp)
                         .list_open_dos_alloc:
00012EE8  01 0D 00 00 10 00 00 00... move.l  r1, #16
00012EF0  EB 01 00 00 0B 00 00 00... syscall #SYS_ALLOC_SIGNAL
00012EF8  10 EE F8 00 00 00 00 00... load.q  r29, (sp)
00012F00  42 06 10 00 80 01 00 00... bne r2, r0, .list_open_dos_alloc_wait
00012F08  11 0F E8 00 68 00 00 00... store.q r1, 104(r29)
                         .list_open_dos_retry:
00012F10  10 EE F8 00 00 00 00 00... load.q  r29, (sp)
00012F18  01 75 00 00 FF FF FF FF... move.l  r14, #0xFFFFFFFF
00012F20  11 75 E8 00 70 00 00 00... store.l r14, 112(r29)
00012F28  11 05 E8 00 74 00 00 00... store.l r0, 116(r29)
00012F30  11 05 E8 00 78 00 00 00... store.l r0, 120(r29)
00012F38  11 05 E8 00 7C 00 00 00... store.l r0, 124(r29)
00012F40  20 0F E8 00 10 00 00 00... add     r1, r29, #16
00012F48  01 15 00 00 00 00 00 00... move.l  r2, #0
00012F50  10 1F E8 00 68 00 00 00... load.q  r3, 104(r29)
00012F58  20 27 E8 00 70 00 00 00... add     r4, r29, #112
00012F60  EB 01 00 00 2D 00 00 00... syscall #SYS_OPEN_LIBRARY_EX
00012F68  10 EE F8 00 00 00 00 00... load.q  r29, (sp)
00012F70  41 06 10 00 88 00 00 00... beq r2, r0, .list_find_dos
00012F78  01 75 00 00 06 00 00 00... move.l  r14, #ERR_AGAIN
00012F80  42 06 10 70 E8 00 00 00... bne     r2, r14, .list_open_dos_wait
00012F88  10 75 E8 00 70 00 00 00... load.l  r14, 112(r29)
00012F90  01 7D 00 00 FF FF FF FF... move.l  r15, #0xFFFFFFFF
00012F98  42 06 70 78 50 00 00 00... bne     r14, r15, .list_open_dos_done
00012FA0  10 77 E8 00 68 00 00 00... load.q  r14, 104(r29)
00012FA8  01 0F 00 00 01 00 00 00... move.q  r1, #1
00012FB0  34 0E 08 70 00 00 00 00... lsl     r1, r1, r14
00012FB8  EB 01 00 00 0E 00 00 00... syscall #SYS_WAIT
00012FC0  10 EE F8 00 00 00 00 00... load.q  r29, (sp)
00012FC8  42 06 10 00 A0 00 00 00... bne r2, r0, .list_open_dos_wait
00012FD0  10 75 E8 00 70 00 00 00... load.l  r14, 112(r29)
00012FD8  01 7D 00 00 FF FF FF FF... move.l  r15, #0xFFFFFFFF
00012FE0  41 06 70 78 88 00 00 00... beq     r14, r15, .list_open_dos_wait
                         .list_open_dos_done:
00012FE8  11 0F E8 00 80 00 00 00... store.q r1, 128(r29)
00012FF0  42 06 70 00 78 00 00 00... bne r14, r0, .list_open_dos_wait
                         .list_find_dos:
00012FF8  10 EE F8 00 00 00 00 00... load.q  r29, (sp)
00013000  20 0F E8 00 10 00 00 00... add     r1, r29, #16
00013008  01 15 00 00 00 00 00 00... move.l  r2, #0
00013010  EB 01 00 00 10 00 00 00... syscall #SYS_FIND_PORT
00013018  10 EE F8 00 00 00 00 00... load.q  r29, (sp)
00013020  42 06 10 00 48 00 00 00... bne r2, r0, .list_open_dos_wait
                         .list_open_dos_ok:
00013028  11 0F E8 00 48 00 00 00... store.q r1, 72(r29)
00013030  10 77 E8 00 68 00 00 00... load.q  r14, 104(r29)
00013038  41 06 70 00 28 00 00 00... beq r14, r0, .list_open_dos_sigfree_done
00013040  01 0E 70 00 00 00 00 00... move.q  r1, r14
00013048  EB 01 00 00 0C 00 00 00... syscall #SYS_FREE_SIGNAL
00013050  10 EE F8 00 00 00 00 00... load.q  r29, (sp)
00013058  11 07 E8 00 68 00 00 00... store.q r0, 104(r29)
                         .list_open_dos_sigfree_done:
00013060  40 06 00 00 38 00 00 00... bra     .list_open_dos_ready
                         .list_open_dos_wait:
00013068  EB 01 00 00 1A 00 00 00... syscall #SYS_YIELD
00013070  10 EE F8 00 00 00 00 00... load.q  r29, (sp)
00013078  40 06 00 00 98 FE FF FF... bra     .list_open_dos_retry
                         .list_open_dos_alloc_wait:
00013080  EB 01 00 00 1A 00 00 00... syscall #SYS_YIELD
00013088  10 EE F8 00 00 00 00 00... load.q  r29, (sp)
00013090  40 06 00 00 58 FE FF FF... bra     .list_open_dos_alloc
                         .list_open_dos_ready:
00013098  01 0E 00 00 00 00 00 00... move.q  r1, r0
000130A0  01 16 00 00 00 00 00 00... move.q  r2, r0
000130A8  EB 01 00 00 0F 00 00 00... syscall #SYS_CREATE_PORT
000130B0  10 EE F8 00 00 00 00 00... load.q  r29, (sp)
000130B8  11 0F E8 00 50 00 00 00... store.q r1, 80(r29)
000130C0  01 0D 00 00 00 10 00 00... move.l  r1, #0x1000
000130C8  01 15 00 00 01 00 01 00... move.l  r2, #0x10001
000130D0  EB 01 00 00 01 00 00 00... syscall #SYS_ALLOC_MEM
000130D8  10 EE F8 00 00 00 00 00... load.q  r29, (sp)
000130E0  11 0F E8 00 58 00 00 00... store.q r1, 88(r29)
000130E8  11 1D E8 00 60 00 00 00... store.l r3, 96(r29)
000130F0  10 77 E8 00 58 00 00 00... load.q  r14, 88(r29)
000130F8  01 85 00 00 44 00 00 00... move.l  r16, #0x44
00013100  11 80 70 00 00 00 00 00... store.b r16, (r14)
00013108  20 77 70 00 01 00 00 00... add     r14, r14, #1
00013110  01 85 00 00 49 00 00 00... move.l  r16, #0x49
00013118  11 80 70 00 00 00 00 00... store.b r16, (r14)
00013120  20 77 70 00 01 00 00 00... add     r14, r14, #1
00013128  01 85 00 00 52 00 00 00... move.l  r16, #0x52
00013130  11 80 70 00 00 00 00 00... store.b r16, (r14)
00013138  20 77 70 00 01 00 00 00... add     r14, r14, #1
00013140  11 00 70 00 00 00 00 00... store.b r0, (r14)
00013148  20 77 70 00 01 00 00 00... add     r14, r14, #1
00013150  20 7F E8 00 00 0C 00 00... add     r15, r29, #DATA_ARGS_OFFSET
                         .list_copy_args:
00013158  10 80 78 00 00 00 00 00... load.b  r16, (r15)
00013160  11 80 70 00 00 00 00 00... store.b r16, (r14)
00013168  41 06 80 00 20 00 00 00... beq r16, r0, .list_args_done
00013170  20 7F 78 00 01 00 00 00... add     r15, r15, #1
00013178  20 77 70 00 01 00 00 00... add     r14, r14, #1
00013180  40 06 00 00 D8 FF FF FF... bra     .list_copy_args
                         .list_args_done:
00013188  01 15 00 00 06 00 00 00... move.l  r2, #DOS_RUN
00013190  01 1E 00 00 00 00 00 00... move.q  r3, r0
00013198  01 26 00 00 00 00 00 00... move.q  r4, r0
000131A0  10 2F E8 00 50 00 00 00... load.q  r5, 80(r29)
000131A8  10 35 E8 00 60 00 00 00... load.l  r6, 96(r29)
000131B0  10 0F E8 00 48 00 00 00... load.q  r1, 72(r29)
000131B8  EB 01 00 00 11 00 00 00... syscall #SYS_PUT_MSG
000131C0  10 EE F8 00 00 00 00 00... load.q  r29, (sp)
000131C8  10 0F E8 00 50 00 00 00... load.q  r1, 80(r29)
000131D0  EB 01 00 00 13 00 00 00... syscall #SYS_WAIT_PORT
000131D8  10 EE F8 00 00 00 00 00... load.q  r29, (sp)
                         .list_done:
000131E0  10 0F E8 00 58 00 00 00... load.q  r1, 88(r29)
000131E8  41 06 08 00 28 00 00 00... beq r1, r0, .list_free_done
000131F0  10 17 E8 00 60 00 00 00... load.q  r2, 96(r29)
000131F8  34 17 10 00 0C 00 00 00... lsl     r2, r2, #12
00013200  EB 01 00 00 02 00 00 00... syscall #SYS_FREE_MEM
00013208  10 EE F8 00 00 00 00 00... load.q  r29, (sp)
                         .list_free_done:
00013210  10 0F E8 00 80 00 00 00... load.q  r1, 128(r29)
00013218  41 06 08 00 20 00 00 00... beq r1, r0, .list_exit_task
00013220  EB 01 00 00 2B 00 00 00... syscall #SYS_CLOSE_LIBRARY
00013228  10 EE F8 00 00 00 00 00... load.q  r29, (sp)
00013230  11 07 E8 00 80 00 00 00... store.q r0, 128(r29)
                         .list_exit_task:
00013238  01 0E 00 00 00 00 00 00... move.q  r1, r0
00013240  EB 01 00 00 22 00 00 00... syscall #SYS_EXIT_TASK
                         prog_list_cmd_code_end:
                         prog_list_cmd_data:
00013248  63 6F 6E 73 6F 6C 65 2E... dc.b    "console.handler", 0
00013258  64 6F 73 2E 6C 69 62 72... dc.b    "dos.library", 0, 0, 0, 0, 0
00013268  52 41 4D 3A 20 69 73 20... dc.b    "RAM: is empty", 0x0D, 0x0A, 0
                         ds.b    16  ; 16 bytes reserved
                         ds.b    8  ; 8 bytes reserved
                         ds.b    8  ; 8 bytes reserved
                         ds.b    8  ; 8 bytes reserved
                         ds.b    8  ; 8 bytes reserved
                         ds.b    8  ; 8 bytes reserved
                         ds.b    8  ; 8 bytes reserved
                         ds.b    16  ; 16 bytes reserved
                         ds.b    8  ; 8 bytes reserved
                         prog_list_cmd_iosm:
000132D0  49 4F 53 4D              dc.l    IOSM_MAGIC
000132D4  01 00 00 00              dc.l    IOSM_SCHEMA_VERSION
000132D8  05                       dc.b    IOSM_KIND_COMMAND
000132D9  00                       dc.b    0
000132DA  01 00                    dc.w    1
000132DC  00 00                    dc.w    0
000132DE  01 00                    dc.w    1
000132E0  4C 69 73 74 00           dc.b    "List", 0
                         ds.b    IOSM_NAME_SIZE - 6  ; 26 bytes reserved
000132FF  04 00 00 00              dc.l    MODF_ASLR_CAPABLE
00013303  00 00 00 00              dc.l    0
00013307  32 30 32 36 2D 30 34 2D... dc.b    "2026-04-25", 0
                         ds.b    IOSM_BUILD_DATE_SIZE - 11  ; 5 bytes reserved
00013317  43 6F 70 79 72 69 67 68... dc.b    0x43, 0x6F, 0x70, 0x79, 0x72, 0x69, 0x67, 0x68, 0x74, 0x20, 0xA9, 0x20, 0x32, 0x30, 0x32, 0x36, 0x20, 0x5A, 0x61, 0x79, 0x6E, 0x20, 0x4F, 0x74, 0x6C, 0x65, 0x79, 0
                         ds.b    IOSM_COPYRIGHT_SIZE - 28  ; 20 bytes reserved
                         ds.b    8  ; 8 bytes reserved
                         prog_list_cmd_data_end:
                         align   8  ; 1 bytes padding
                         prog_list_cmd_end:
                         prog_which_cmd:
00013350  00 00 00 00 00 00 00 00... dc.l    0, 0
00013358  68 05 00 00              dc.l    prog_which_cmd_code_end - prog_which_cmd_code
0001335C  0F 01 00 00              dc.l    prog_which_cmd_data_end - prog_which_cmd_data
00013360  00 00 00 00              dc.l    0
                         ds.b    12  ; 12 bytes reserved
                         prog_which_cmd_code:
00013370  21 FF F8 00 10 00 00 00... sub     sp, sp, #16
                         .which_preamble:
00013378  10 EF F8 00 08 00 00 00... load.q  r29, 8(sp)
00013380  11 EE F8 00 00 00 00 00... store.q r29, (sp)
00013388  20 77 E8 00 00 0C 00 00... add     r14, r29, #DATA_ARGS_OFFSET
                         .which_skip_ws:
00013390  10 78 70 00 00 00 00 00... load.b  r15, (r14)
00013398  41 06 78 00 38 04 00 00... beq r15, r0, .which_exit
000133A0  01 85 00 00 20 00 00 00... move.l  r16, #0x20
000133A8  42 06 78 80 18 00 00 00... bne     r15, r16, .which_have_arg
000133B0  20 77 70 00 01 00 00 00... add     r14, r14, #1
000133B8  40 06 00 00 D8 FF FF FF... bra     .which_skip_ws
                         .which_have_arg:
000133C0  11 77 E8 00 68 00 00 00... store.q r14, 104(r29)
                         .which_open_con_retry:
000133C8  10 EE F8 00 00 00 00 00... load.q  r29, (sp)
000133D0  01 0E E8 00 00 00 00 00... move.q  r1, r29
000133D8  01 15 00 00 00 00 00 00... move.l  r2, #0
000133E0  EB 01 00 00 10 00 00 00... syscall #SYS_FIND_PORT
000133E8  10 EE F8 00 00 00 00 00... load.q  r29, (sp)
000133F0  41 06 10 00 20 00 00 00... beq r2, r0, .which_open_con_ok
000133F8  EB 01 00 00 1A 00 00 00... syscall #SYS_YIELD
00013400  10 EE F8 00 00 00 00 00... load.q  r29, (sp)
00013408  40 06 00 00 C0 FF FF FF... bra     .which_open_con_retry
                         .which_open_con_ok:
00013410  11 0F E8 00 40 00 00 00... store.q r1, 64(r29)
                         .which_open_dos_alloc:
00013418  01 0D 00 00 10 00 00 00... move.l  r1, #16
00013420  EB 01 00 00 0B 00 00 00... syscall #SYS_ALLOC_SIGNAL
00013428  10 EE F8 00 00 00 00 00... load.q  r29, (sp)
00013430  42 06 10 00 80 01 00 00... bne r2, r0, .which_open_dos_alloc_wait
00013438  11 0F E8 00 70 00 00 00... store.q r1, 112(r29)
                         .which_open_dos_retry:
00013440  10 EE F8 00 00 00 00 00... load.q  r29, (sp)
00013448  01 75 00 00 FF FF FF FF... move.l  r14, #0xFFFFFFFF
00013450  11 75 E8 00 78 00 00 00... store.l r14, 120(r29)
00013458  11 05 E8 00 7C 00 00 00... store.l r0, 124(r29)
00013460  11 05 E8 00 80 00 00 00... store.l r0, 128(r29)
00013468  11 05 E8 00 84 00 00 00... store.l r0, 132(r29)
00013470  20 0F E8 00 10 00 00 00... add     r1, r29, #16
00013478  01 15 00 00 00 00 00 00... move.l  r2, #0
00013480  10 1F E8 00 70 00 00 00... load.q  r3, 112(r29)
00013488  20 27 E8 00 78 00 00 00... add     r4, r29, #120
00013490  EB 01 00 00 2D 00 00 00... syscall #SYS_OPEN_LIBRARY_EX
00013498  10 EE F8 00 00 00 00 00... load.q  r29, (sp)
000134A0  41 06 10 00 88 00 00 00... beq r2, r0, .which_find_dos
000134A8  01 75 00 00 06 00 00 00... move.l  r14, #ERR_AGAIN
000134B0  42 06 10 70 E8 00 00 00... bne     r2, r14, .which_open_dos_wait
000134B8  10 75 E8 00 78 00 00 00... load.l  r14, 120(r29)
000134C0  01 7D 00 00 FF FF FF FF... move.l  r15, #0xFFFFFFFF
000134C8  42 06 70 78 50 00 00 00... bne     r14, r15, .which_open_dos_done
000134D0  10 77 E8 00 70 00 00 00... load.q  r14, 112(r29)
000134D8  01 0F 00 00 01 00 00 00... move.q  r1, #1
000134E0  34 0E 08 70 00 00 00 00... lsl     r1, r1, r14
000134E8  EB 01 00 00 0E 00 00 00... syscall #SYS_WAIT
000134F0  10 EE F8 00 00 00 00 00... load.q  r29, (sp)
000134F8  42 06 10 00 A0 00 00 00... bne r2, r0, .which_open_dos_wait
00013500  10 75 E8 00 78 00 00 00... load.l  r14, 120(r29)
00013508  01 7D 00 00 FF FF FF FF... move.l  r15, #0xFFFFFFFF
00013510  41 06 70 78 88 00 00 00... beq     r14, r15, .which_open_dos_wait
                         .which_open_dos_done:
00013518  11 0F E8 00 88 00 00 00... store.q r1, 136(r29)
00013520  42 06 70 00 78 00 00 00... bne r14, r0, .which_open_dos_wait
                         .which_find_dos:
00013528  10 EE F8 00 00 00 00 00... load.q  r29, (sp)
00013530  20 0F E8 00 10 00 00 00... add     r1, r29, #16
00013538  01 15 00 00 00 00 00 00... move.l  r2, #0
00013540  EB 01 00 00 10 00 00 00... syscall #SYS_FIND_PORT
00013548  10 EE F8 00 00 00 00 00... load.q  r29, (sp)
00013550  42 06 10 00 48 00 00 00... bne r2, r0, .which_open_dos_wait
                         .which_open_dos_ok:
00013558  11 0F E8 00 48 00 00 00... store.q r1, 72(r29)
00013560  10 77 E8 00 70 00 00 00... load.q  r14, 112(r29)
00013568  41 06 70 00 28 00 00 00... beq r14, r0, .which_open_dos_sigfree_done
00013570  01 0E 70 00 00 00 00 00... move.q  r1, r14
00013578  EB 01 00 00 0C 00 00 00... syscall #SYS_FREE_SIGNAL
00013580  10 EE F8 00 00 00 00 00... load.q  r29, (sp)
00013588  11 07 E8 00 70 00 00 00... store.q r0, 112(r29)
                         .which_open_dos_sigfree_done:
00013590  40 06 00 00 38 00 00 00... bra     .which_open_dos_ready
                         .which_open_dos_wait:
00013598  EB 01 00 00 1A 00 00 00... syscall #SYS_YIELD
000135A0  10 EE F8 00 00 00 00 00... load.q  r29, (sp)
000135A8  40 06 00 00 98 FE FF FF... bra     .which_open_dos_retry
                         .which_open_dos_alloc_wait:
000135B0  EB 01 00 00 1A 00 00 00... syscall #SYS_YIELD
000135B8  10 EE F8 00 00 00 00 00... load.q  r29, (sp)
000135C0  40 06 00 00 58 FE FF FF... bra     .which_open_dos_alloc
                         .which_open_dos_ready:
000135C8  01 0E 00 00 00 00 00 00... move.q  r1, r0
000135D0  01 16 00 00 00 00 00 00... move.q  r2, r0
000135D8  EB 01 00 00 0F 00 00 00... syscall #SYS_CREATE_PORT
000135E0  10 EE F8 00 00 00 00 00... load.q  r29, (sp)
000135E8  11 0F E8 00 50 00 00 00... store.q r1, 80(r29)
000135F0  01 0D 00 00 00 10 00 00... move.l  r1, #0x1000
000135F8  01 15 00 00 01 00 01 00... move.l  r2, #0x10001
00013600  EB 01 00 00 01 00 00 00... syscall #SYS_ALLOC_MEM
00013608  10 EE F8 00 00 00 00 00... load.q  r29, (sp)
00013610  11 0F E8 00 58 00 00 00... store.q r1, 88(r29)
00013618  11 1D E8 00 60 00 00 00... store.l r3, 96(r29)
00013620  10 77 E8 00 68 00 00 00... load.q  r14, 104(r29)
00013628  10 7F E8 00 58 00 00 00... load.q  r15, 88(r29)
00013630  01 85 00 00 43 00 00 00... move.l  r16, #0x43
00013638  11 80 78 00 00 00 00 00... store.b r16, (r15)
00013640  20 8F 78 00 01 00 00 00... add     r17, r15, #1
00013648  01 85 00 00 3A 00 00 00... move.l  r16, #0x3A
00013650  11 80 88 00 00 00 00 00... store.b r16, (r17)
00013658  01 95 00 00 02 00 00 00... move.l  r18, #2
                         .which_copy_arg:
00013660  20 8E 70 90 00 00 00 00... add     r17, r14, r18
00013668  21 8F 88 00 02 00 00 00... sub     r17, r17, #2
00013670  10 98 88 00 00 00 00 00... load.b  r19, (r17)
00013678  41 06 98 00 40 00 00 00... beq r19, r0, .which_copy_done
00013680  01 A5 00 00 20 00 00 00... move.l  r20, #0x20
00013688  41 06 98 A0 30 00 00 00... beq     r19, r20, .which_copy_done
00013690  20 AE 78 90 00 00 00 00... add     r21, r15, r18
00013698  11 98 A8 00 00 00 00 00... store.b r19, (r21)
000136A0  20 97 90 00 01 00 00 00... add     r18, r18, #1
000136A8  01 A5 00 00 3F 00 00 00... move.l  r20, #63
000136B0  43 06 90 A0 B0 FF FF FF... blt     r18, r20, .which_copy_arg
                         .which_copy_done:
000136B8  20 AE 78 90 00 00 00 00... add     r21, r15, r18
000136C0  11 00 A8 00 00 00 00 00... store.b r0, (r21)
000136C8  01 15 00 00 01 00 00 00... move.l  r2, #DOS_OPEN
000136D0  01 1D 00 00 00 00 00 00... move.l  r3, #DOS_MODE_READ
000136D8  01 26 00 00 00 00 00 00... move.q  r4, r0
000136E0  10 2F E8 00 50 00 00 00... load.q  r5, 80(r29)
000136E8  10 35 E8 00 60 00 00 00... load.l  r6, 96(r29)
000136F0  10 0F E8 00 48 00 00 00... load.q  r1, 72(r29)
000136F8  EB 01 00 00 11 00 00 00... syscall #SYS_PUT_MSG
00013700  10 EE F8 00 00 00 00 00... load.q  r29, (sp)
00013708  10 0F E8 00 50 00 00 00... load.q  r1, 80(r29)
00013710  EB 01 00 00 13 00 00 00... syscall #SYS_WAIT_PORT
00013718  10 EE F8 00 00 00 00 00... load.q  r29, (sp)
00013720  42 06 08 00 98 00 00 00... bne r1, r0, .which_not_found
00013728  11 17 E8 00 68 00 00 00... store.q r2, 104(r29)
00013730  01 15 00 00 04 00 00 00... move.l  r2, #DOS_CLOSE
00013738  10 1F E8 00 68 00 00 00... load.q  r3, 104(r29)
00013740  01 26 00 00 00 00 00 00... move.q  r4, r0
00013748  10 2F E8 00 50 00 00 00... load.q  r5, 80(r29)
00013750  01 36 00 00 00 00 00 00... move.q  r6, r0
00013758  10 0F E8 00 48 00 00 00... load.q  r1, 72(r29)
00013760  EB 01 00 00 11 00 00 00... syscall #SYS_PUT_MSG
00013768  10 EE F8 00 00 00 00 00... load.q  r29, (sp)
00013770  10 0F E8 00 50 00 00 00... load.q  r1, 80(r29)
00013778  EB 01 00 00 13 00 00 00... syscall #SYS_WAIT_PORT
00013780  10 EE F8 00 00 00 00 00... load.q  r29, (sp)
00013788  10 A7 E8 00 58 00 00 00... load.q  r20, 88(r29)
00013790  50 06 00 00 78 00 00 00... jsr     .which_send_string
00013798  10 EE F8 00 00 00 00 00... load.q  r29, (sp)
000137A0  20 A7 E8 00 20 00 00 00... add     r20, r29, #32
000137A8  50 06 00 00 60 00 00 00... jsr     .which_send_string
000137B0  40 06 00 00 20 00 00 00... bra     .which_exit
                         .which_not_found:
000137B8  10 EE F8 00 00 00 00 00... load.q  r29, (sp)
000137C0  20 A7 E8 00 30 00 00 00... add     r20, r29, #48
000137C8  50 06 00 00 40 00 00 00... jsr     .which_send_string
                         .which_exit:
000137D0  10 0F E8 00 88 00 00 00... load.q  r1, 136(r29)
000137D8  41 06 08 00 20 00 00 00... beq r1, r0, .which_exit_task
000137E0  EB 01 00 00 2B 00 00 00... syscall #SYS_CLOSE_LIBRARY
000137E8  10 EE F8 00 00 00 00 00... load.q  r29, (sp)
000137F0  11 07 E8 00 88 00 00 00... store.q r0, 136(r29)
                         .which_exit_task:
000137F8  01 0E 00 00 00 00 00 00... move.q  r1, r0
00013800  EB 01 00 00 22 00 00 00... syscall #SYS_EXIT_TASK
                         .which_send_string:
00013808  21 FF F8 00 10 00 00 00... sub     sp, sp, #16
00013810  10 EF F8 00 18 00 00 00... load.q  r29, 24(sp)
00013818  11 EE F8 00 00 00 00 00... store.q r29, (sp)
                         .which_ss_loop:
00013820  10 08 A0 00 00 00 00 00... load.b  r1, (r20)
00013828  41 06 08 00 A0 00 00 00... beq r1, r0, .which_ss_done
00013830  11 A7 F8 00 08 00 00 00... store.q r20, 8(sp)
                         .which_ss_retry:
00013838  10 A7 F8 00 08 00 00 00... load.q  r20, 8(sp)
00013840  10 18 A0 00 00 00 00 00... load.b  r3, (r20)
00013848  01 15 00 00 00 00 00 00... move.l  r2, #0
00013850  01 26 00 00 00 00 00 00... move.q  r4, r0
00013858  01 2D 00 00 FF FF 00 00... move.l  r5, #REPLY_PORT_NONE
00013860  01 36 00 00 00 00 00 00... move.q  r6, r0
00013868  10 EE F8 00 00 00 00 00... load.q  r29, (sp)
00013870  10 0F E8 00 40 00 00 00... load.q  r1, 64(r29)
00013878  EB 01 00 00 11 00 00 00... syscall #SYS_PUT_MSG
00013880  10 EE F8 00 00 00 00 00... load.q  r29, (sp)
00013888  01 E5 00 00 09 00 00 00... move.l  r28, #ERR_FULL
00013890  41 06 10 E0 20 00 00 00... beq     r2, r28, .which_ss_full
00013898  10 A7 F8 00 08 00 00 00... load.q  r20, 8(sp)
000138A0  20 A7 A0 00 01 00 00 00... add     r20, r20, #1
000138A8  40 06 00 00 78 FF FF FF... bra     .which_ss_loop
                         .which_ss_full:
000138B0  EB 01 00 00 1A 00 00 00... syscall #SYS_YIELD
000138B8  10 EE F8 00 00 00 00 00... load.q  r29, (sp)
000138C0  40 06 00 00 78 FF FF FF... bra     .which_ss_retry
                         .which_ss_done:
000138C8  20 FF F8 00 10 00 00 00... add     sp, sp, #16
000138D0  51 00 00 00 00 00 00 00... rts
                         prog_which_cmd_code_end:
                         prog_which_cmd_data:
000138D8  63 6F 6E 73 6F 6C 65 2E... dc.b    "console.handler", 0
000138E8  64 6F 73 2E 6C 69 62 72... dc.b    "dos.library", 0, 0, 0, 0, 0
000138F8  0D 0A 00                 dc.b    0x0D, 0x0A, 0
                         ds.b    13  ; 13 bytes reserved
00013908  6E 6F 74 20 66 6F 75 6E... dc.b    "not found", 0x0D, 0x0A, 0
                         ds.b    4  ; 4 bytes reserved
                         ds.b    8  ; 8 bytes reserved
                         ds.b    8  ; 8 bytes reserved
                         ds.b    8  ; 8 bytes reserved
                         ds.b    8  ; 8 bytes reserved
                         ds.b    8  ; 8 bytes reserved
                         ds.b    8  ; 8 bytes reserved
                         ds.b    8  ; 8 bytes reserved
                         ds.b    16  ; 16 bytes reserved
                         ds.b    8  ; 8 bytes reserved
                         prog_which_cmd_iosm:
00013968  49 4F 53 4D              dc.l    IOSM_MAGIC
0001396C  01 00 00 00              dc.l    IOSM_SCHEMA_VERSION
00013970  05                       dc.b    IOSM_KIND_COMMAND
00013971  00                       dc.b    0
00013972  01 00                    dc.w    1
00013974  00 00                    dc.w    0
00013976  01 00                    dc.w    1
00013978  57 68 69 63 68 00        dc.b    "Which", 0
                         ds.b    IOSM_NAME_SIZE - 7  ; 25 bytes reserved
00013997  04 00 00 00              dc.l    MODF_ASLR_CAPABLE
0001399B  00 00 00 00              dc.l    0
0001399F  32 30 32 36 2D 30 34 2D... dc.b    "2026-04-25", 0
                         ds.b    IOSM_BUILD_DATE_SIZE - 11  ; 5 bytes reserved
000139AF  43 6F 70 79 72 69 67 68... dc.b    0x43, 0x6F, 0x70, 0x79, 0x72, 0x69, 0x67, 0x68, 0x74, 0x20, 0xA9, 0x20, 0x32, 0x30, 0x32, 0x36, 0x20, 0x5A, 0x61, 0x79, 0x6E, 0x20, 0x4F, 0x74, 0x6C, 0x65, 0x79, 0
                         ds.b    IOSM_COPYRIGHT_SIZE - 28  ; 20 bytes reserved
                         ds.b    8  ; 8 bytes reserved
                         prog_which_cmd_data_end:
                         align   8  ; 1 bytes padding
                         prog_which_cmd_end:
                         prog_assign_cmd:
000139E8  00 00 00 00 00 00 00 00... dc.l    0, 0
000139F0  E0 0C 00 00              dc.l    prog_assign_cmd_code_end - prog_assign_cmd_code
000139F4  2F 01 00 00              dc.l    prog_assign_cmd_data_end - prog_assign_cmd_data
000139F8  00 00 00 00              dc.l    0
                         ds.b    12  ; 12 bytes reserved
                         prog_assign_cmd_code:
00013A08  21 FF F8 00 10 00 00 00... sub     sp, sp, #16
                         .asn_preamble:
00013A10  10 EF F8 00 08 00 00 00... load.q  r29, 8(sp)
00013A18  11 EE F8 00 00 00 00 00... store.q r29, (sp)
                         .asn_open_con_retry:
00013A20  10 EE F8 00 00 00 00 00... load.q  r29, (sp)
00013A28  01 0E E8 00 00 00 00 00... move.q  r1, r29
00013A30  01 15 00 00 00 00 00 00... move.l  r2, #0
00013A38  EB 01 00 00 10 00 00 00... syscall #SYS_FIND_PORT
00013A40  10 EE F8 00 00 00 00 00... load.q  r29, (sp)
00013A48  41 06 10 00 20 00 00 00... beq r2, r0, .asn_open_con_ok
00013A50  EB 01 00 00 1A 00 00 00... syscall #SYS_YIELD
00013A58  10 EE F8 00 00 00 00 00... load.q  r29, (sp)
00013A60  40 06 00 00 C0 FF FF FF... bra     .asn_open_con_retry
                         .asn_open_con_ok:
00013A68  11 0F E8 00 30 00 00 00... store.q r1, 48(r29)
                         .asn_open_dos_alloc:
00013A70  01 0D 00 00 10 00 00 00... move.l  r1, #16
00013A78  EB 01 00 00 0B 00 00 00... syscall #SYS_ALLOC_SIGNAL
00013A80  10 EE F8 00 00 00 00 00... load.q  r29, (sp)
00013A88  42 06 10 00 80 01 00 00... bne r2, r0, .asn_open_dos_alloc_wait
00013A90  11 0F E8 00 90 00 00 00... store.q r1, 144(r29)
                         .asn_open_dos_retry:
00013A98  10 EE F8 00 00 00 00 00... load.q  r29, (sp)
00013AA0  01 75 00 00 FF FF FF FF... move.l  r14, #0xFFFFFFFF
00013AA8  11 75 E8 00 98 00 00 00... store.l r14, 152(r29)
00013AB0  11 05 E8 00 9C 00 00 00... store.l r0, 156(r29)
00013AB8  11 05 E8 00 A0 00 00 00... store.l r0, 160(r29)
00013AC0  11 05 E8 00 A4 00 00 00... store.l r0, 164(r29)
00013AC8  20 0F E8 00 10 00 00 00... add     r1, r29, #16
00013AD0  01 16 00 00 00 00 00 00... move.q  r2, r0
00013AD8  10 1F E8 00 90 00 00 00... load.q  r3, 144(r29)
00013AE0  20 27 E8 00 98 00 00 00... add     r4, r29, #152
00013AE8  EB 01 00 00 2D 00 00 00... syscall #SYS_OPEN_LIBRARY_EX
00013AF0  10 EE F8 00 00 00 00 00... load.q  r29, (sp)
00013AF8  41 06 10 00 88 00 00 00... beq r2, r0, .asn_find_dos
00013B00  01 75 00 00 06 00 00 00... move.l  r14, #ERR_AGAIN
00013B08  42 06 10 70 E8 00 00 00... bne     r2, r14, .asn_open_dos_wait
00013B10  10 75 E8 00 98 00 00 00... load.l  r14, 152(r29)
00013B18  01 7D 00 00 FF FF FF FF... move.l  r15, #0xFFFFFFFF
00013B20  42 06 70 78 50 00 00 00... bne     r14, r15, .asn_open_dos_done
00013B28  10 77 E8 00 90 00 00 00... load.q  r14, 144(r29)
00013B30  01 0F 00 00 01 00 00 00... move.q  r1, #1
00013B38  34 0E 08 70 00 00 00 00... lsl     r1, r1, r14
00013B40  EB 01 00 00 0E 00 00 00... syscall #SYS_WAIT
00013B48  10 EE F8 00 00 00 00 00... load.q  r29, (sp)
00013B50  42 06 10 00 A0 00 00 00... bne r2, r0, .asn_open_dos_wait
00013B58  10 75 E8 00 98 00 00 00... load.l  r14, 152(r29)
00013B60  01 7D 00 00 FF FF FF FF... move.l  r15, #0xFFFFFFFF
00013B68  41 06 70 78 88 00 00 00... beq     r14, r15, .asn_open_dos_wait
                         .asn_open_dos_done:
00013B70  11 0F E8 00 A8 00 00 00... store.q r1, 168(r29)
00013B78  42 06 70 00 78 00 00 00... bne r14, r0, .asn_open_dos_wait
                         .asn_find_dos:
00013B80  10 EE F8 00 00 00 00 00... load.q  r29, (sp)
00013B88  20 0F E8 00 10 00 00 00... add     r1, r29, #16
00013B90  01 15 00 00 00 00 00 00... move.l  r2, #0
00013B98  EB 01 00 00 10 00 00 00... syscall #SYS_FIND_PORT
00013BA0  10 EE F8 00 00 00 00 00... load.q  r29, (sp)
00013BA8  42 06 10 00 48 00 00 00... bne r2, r0, .asn_open_dos_wait
                         .asn_open_dos_ok:
00013BB0  11 0F E8 00 38 00 00 00... store.q r1, 56(r29)
00013BB8  10 77 E8 00 90 00 00 00... load.q  r14, 144(r29)
00013BC0  41 06 70 00 28 00 00 00... beq r14, r0, .asn_open_dos_sigfree_done
00013BC8  01 0E 70 00 00 00 00 00... move.q  r1, r14
00013BD0  EB 01 00 00 0C 00 00 00... syscall #SYS_FREE_SIGNAL
00013BD8  10 EE F8 00 00 00 00 00... load.q  r29, (sp)
00013BE0  11 07 E8 00 90 00 00 00... store.q r0, 144(r29)
                         .asn_open_dos_sigfree_done:
00013BE8  40 06 00 00 38 00 00 00... bra     .asn_open_dos_ready
                         .asn_open_dos_wait:
00013BF0  EB 01 00 00 1A 00 00 00... syscall #SYS_YIELD
00013BF8  10 EE F8 00 00 00 00 00... load.q  r29, (sp)
00013C00  40 06 00 00 98 FE FF FF... bra     .asn_open_dos_retry
                         .asn_open_dos_alloc_wait:
00013C08  EB 01 00 00 1A 00 00 00... syscall #SYS_YIELD
00013C10  10 EE F8 00 00 00 00 00... load.q  r29, (sp)
00013C18  40 06 00 00 58 FE FF FF... bra     .asn_open_dos_alloc
                         .asn_open_dos_ready:
00013C20  01 0E 00 00 00 00 00 00... move.q  r1, r0
00013C28  01 16 00 00 00 00 00 00... move.q  r2, r0
00013C30  EB 01 00 00 0F 00 00 00... syscall #SYS_CREATE_PORT
00013C38  10 EE F8 00 00 00 00 00... load.q  r29, (sp)
00013C40  11 0F E8 00 40 00 00 00... store.q r1, 64(r29)
00013C48  01 0D 00 00 00 10 00 00... move.l  r1, #0x1000
00013C50  01 15 00 00 01 00 01 00... move.l  r2, #0x10001
00013C58  EB 01 00 00 01 00 00 00... syscall #SYS_ALLOC_MEM
00013C60  10 EE F8 00 00 00 00 00... load.q  r29, (sp)
00013C68  11 0F E8 00 48 00 00 00... store.q r1, 72(r29)
00013C70  11 1D E8 00 50 00 00 00... store.l r3, 80(r29)
00013C78  01 0D 00 00 02 00 00 00... move.l  r1, #DOS_ASSIGN_SET
00013C80  11 0D E8 00 84 00 00 00... store.l r1, 132(r29)
00013C88  20 77 E8 00 00 0C 00 00... add     r14, r29, #DATA_ARGS_OFFSET
                         .asn_skip_ws:
00013C90  10 78 70 00 00 00 00 00... load.b  r15, (r14)
00013C98  41 06 78 00 40 07 00 00... beq r15, r0, .asn_do_list
00013CA0  01 85 00 00 20 00 00 00... move.l  r16, #0x20
00013CA8  42 06 78 80 18 00 00 00... bne     r15, r16, .asn_check_keyword
00013CB0  20 77 70 00 01 00 00 00... add     r14, r14, #1
00013CB8  40 06 00 00 D8 FF FF FF... bra     .asn_skip_ws
                         .asn_check_keyword:
00013CC0  10 78 70 00 00 00 00 00... load.b  r15, (r14)
00013CC8  01 85 00 00 41 00 00 00... move.l  r16, #0x41
00013CD0  41 06 78 80 40 00 00 00... beq     r15, r16, .asn_check_add
00013CD8  01 85 00 00 61 00 00 00... move.l  r16, #0x61
00013CE0  41 06 78 80 30 00 00 00... beq     r15, r16, .asn_check_add
00013CE8  01 85 00 00 52 00 00 00... move.l  r16, #0x52
00013CF0  41 06 78 80 B8 00 00 00... beq     r15, r16, .asn_check_remove
00013CF8  01 85 00 00 72 00 00 00... move.l  r16, #0x72
00013D00  41 06 78 80 A8 00 00 00... beq     r15, r16, .asn_check_remove
00013D08  40 06 00 00 F8 01 00 00... bra     .asn_have_args
                         .asn_check_add:
00013D10  10 79 70 00 01 00 00 00... load.b  r15, 1(r14)
00013D18  01 85 00 00 44 00 00 00... move.l  r16, #0x44
00013D20  41 06 78 80 20 00 00 00... beq     r15, r16, .asn_check_add_d
00013D28  01 85 00 00 64 00 00 00... move.l  r16, #0x64
00013D30  41 06 78 80 10 00 00 00... beq     r15, r16, .asn_check_add_d
00013D38  40 06 00 00 C8 01 00 00... bra     .asn_have_args
                         .asn_check_add_d:
00013D40  10 79 70 00 02 00 00 00... load.b  r15, 2(r14)
00013D48  01 85 00 00 44 00 00 00... move.l  r16, #0x44
00013D50  41 06 78 80 20 00 00 00... beq     r15, r16, .asn_check_add_dd
00013D58  01 85 00 00 64 00 00 00... move.l  r16, #0x64
00013D60  41 06 78 80 10 00 00 00... beq     r15, r16, .asn_check_add_dd
00013D68  40 06 00 00 98 01 00 00... bra     .asn_have_args
                         .asn_check_add_dd:
00013D70  10 79 70 00 03 00 00 00... load.b  r15, 3(r14)
00013D78  01 85 00 00 20 00 00 00... move.l  r16, #0x20
00013D80  42 06 78 80 80 01 00 00... bne     r15, r16, .asn_have_args
00013D88  01 0D 00 00 04 00 00 00... move.l  r1, #DOS_ASSIGN_ADD
00013D90  11 0D E8 00 84 00 00 00... store.l r1, 132(r29)
00013D98  20 77 70 00 04 00 00 00... add     r14, r14, #4
00013DA0  40 06 00 00 30 01 00 00... bra     .asn_skip_ws_after_kw
                         .asn_check_remove:
00013DA8  10 79 70 00 01 00 00 00... load.b  r15, 1(r14)
00013DB0  01 85 00 00 45 00 00 00... move.l  r16, #0x45
00013DB8  41 06 78 80 20 00 00 00... beq     r15, r16, .asn_check_rem_e
00013DC0  01 85 00 00 65 00 00 00... move.l  r16, #0x65
00013DC8  41 06 78 80 10 00 00 00... beq     r15, r16, .asn_check_rem_e
00013DD0  40 06 00 00 30 01 00 00... bra     .asn_have_args
                         .asn_check_rem_e:
00013DD8  10 79 70 00 02 00 00 00... load.b  r15, 2(r14)
00013DE0  01 85 00 00 4D 00 00 00... move.l  r16, #0x4D
00013DE8  41 06 78 80 20 00 00 00... beq     r15, r16, .asn_check_rem_m
00013DF0  01 85 00 00 6D 00 00 00... move.l  r16, #0x6D
00013DF8  41 06 78 80 10 00 00 00... beq     r15, r16, .asn_check_rem_m
00013E00  40 06 00 00 00 01 00 00... bra     .asn_have_args
                         .asn_check_rem_m:
00013E08  10 79 70 00 03 00 00 00... load.b  r15, 3(r14)
00013E10  01 85 00 00 4F 00 00 00... move.l  r16, #0x4F
00013E18  41 06 78 80 20 00 00 00... beq     r15, r16, .asn_check_rem_o
00013E20  01 85 00 00 6F 00 00 00... move.l  r16, #0x6F
00013E28  41 06 78 80 10 00 00 00... beq     r15, r16, .asn_check_rem_o
00013E30  40 06 00 00 D0 00 00 00... bra     .asn_have_args
                         .asn_check_rem_o:
00013E38  10 79 70 00 04 00 00 00... load.b  r15, 4(r14)
00013E40  01 85 00 00 56 00 00 00... move.l  r16, #0x56
00013E48  41 06 78 80 20 00 00 00... beq     r15, r16, .asn_check_rem_v
00013E50  01 85 00 00 76 00 00 00... move.l  r16, #0x76
00013E58  41 06 78 80 10 00 00 00... beq     r15, r16, .asn_check_rem_v
00013E60  40 06 00 00 A0 00 00 00... bra     .asn_have_args
                         .asn_check_rem_v:
00013E68  10 79 70 00 05 00 00 00... load.b  r15, 5(r14)
00013E70  01 85 00 00 45 00 00 00... move.l  r16, #0x45
00013E78  41 06 78 80 20 00 00 00... beq     r15, r16, .asn_check_rem_e2
00013E80  01 85 00 00 65 00 00 00... move.l  r16, #0x65
00013E88  41 06 78 80 10 00 00 00... beq     r15, r16, .asn_check_rem_e2
00013E90  40 06 00 00 70 00 00 00... bra     .asn_have_args
                         .asn_check_rem_e2:
00013E98  10 79 70 00 06 00 00 00... load.b  r15, 6(r14)
00013EA0  01 85 00 00 20 00 00 00... move.l  r16, #0x20
00013EA8  42 06 78 80 58 00 00 00... bne     r15, r16, .asn_have_args
00013EB0  01 0D 00 00 05 00 00 00... move.l  r1, #DOS_ASSIGN_REMOVE
00013EB8  11 0D E8 00 84 00 00 00... store.l r1, 132(r29)
00013EC0  20 77 70 00 07 00 00 00... add     r14, r14, #7
00013EC8  40 06 00 00 08 00 00 00... bra     .asn_skip_ws_after_kw
                         .asn_skip_ws_after_kw:
00013ED0  10 78 70 00 00 00 00 00... load.b  r15, (r14)
00013ED8  41 06 78 00 48 06 00 00... beq r15, r0, .asn_bad_args
00013EE0  01 85 00 00 20 00 00 00... move.l  r16, #0x20
00013EE8  42 06 78 80 18 00 00 00... bne     r15, r16, .asn_have_args
00013EF0  20 77 70 00 01 00 00 00... add     r14, r14, #1
00013EF8  40 06 00 00 D8 FF FF FF... bra     .asn_skip_ws_after_kw
                         .asn_have_args:
00013F00  11 77 E8 00 58 00 00 00... store.q r14, 88(r29)
00013F08  01 8D 00 00 00 00 00 00... move.l  r17, #0
                         .asn_name_len:
00013F10  20 96 70 88 00 00 00 00... add     r18, r14, r17
00013F18  10 98 90 00 00 00 00 00... load.b  r19, (r18)
00013F20  41 06 98 00 38 00 00 00... beq r19, r0, .asn_name_done_eos
00013F28  01 A5 00 00 20 00 00 00... move.l  r20, #0x20
00013F30  41 06 98 A0 50 00 00 00... beq     r19, r20, .asn_name_done
00013F38  20 8F 88 00 01 00 00 00... add     r17, r17, #1
00013F40  01 A5 00 00 10 00 00 00... move.l  r20, #16
00013F48  43 06 88 A0 C8 FF FF FF... blt     r17, r20, .asn_name_len
00013F50  40 06 00 00 D0 05 00 00... bra     .asn_bad_args
                         .asn_name_done_eos:
00013F58  41 06 88 00 C8 05 00 00... beq r17, r0, .asn_bad_args
00013F60  10 1D E8 00 84 00 00 00... load.l  r3, 132(r29)
00013F68  01 0D 00 00 02 00 00 00... move.l  r1, #DOS_ASSIGN_SET
00013F70  42 06 18 08 B0 05 00 00... bne     r3, r1, .asn_bad_args
00013F78  40 06 00 00 70 02 00 00... bra     .asn_send_show_one
                         .asn_name_done:
00013F80  10 98 90 00 00 00 00 00... load.b  r19, (r18)
00013F88  41 06 88 00 98 05 00 00... beq r17, r0, .asn_bad_args
00013F90  20 77 90 00 01 00 00 00... add     r14, r18, #1
                         .asn_skip_ws2:
00013F98  10 78 70 00 00 00 00 00... load.b  r15, (r14)
00013FA0  41 06 78 00 80 05 00 00... beq r15, r0, .asn_bad_args
00013FA8  01 85 00 00 20 00 00 00... move.l  r16, #0x20
00013FB0  42 06 78 80 18 00 00 00... bne     r15, r16, .asn_have_target
00013FB8  20 77 70 00 01 00 00 00... add     r14, r14, #1
00013FC0  40 06 00 00 D8 FF FF FF... bra     .asn_skip_ws2
                         .asn_have_target:
00013FC8  11 77 E8 00 68 00 00 00... store.q r14, 104(r29)
00013FD0  01 AD 00 00 00 00 00 00... move.l  r21, #0
                         .asn_target_len:
00013FD8  20 96 70 A8 00 00 00 00... add     r18, r14, r21
00013FE0  10 98 90 00 00 00 00 00... load.b  r19, (r18)
00013FE8  41 06 98 00 38 00 00 00... beq r19, r0, .asn_target_done
00013FF0  01 A5 00 00 20 00 00 00... move.l  r20, #0x20
00013FF8  41 06 98 A0 28 00 00 00... beq     r19, r20, .asn_target_done
00014000  20 AF A8 00 01 00 00 00... add     r21, r21, #1
00014008  01 A5 00 00 10 00 00 00... move.l  r20, #16
00014010  43 06 A8 A0 C8 FF FF FF... blt     r21, r20, .asn_target_len
00014018  40 06 00 00 08 05 00 00... bra     .asn_bad_args
                         .asn_target_done:
00014020  41 06 A8 00 00 05 00 00... beq r21, r0, .asn_bad_args
00014028  10 7F E8 00 48 00 00 00... load.q  r15, 72(r29)
00014030  01 85 00 00 00 00 00 00... move.l  r16, #0
                         .asn_zero_row:
00014038  01 A5 00 00 20 00 00 00... move.l  r20, #32
00014040  44 06 80 A0 28 00 00 00... bge     r16, r20, .asn_strip_name_colon
00014048  20 96 78 80 00 00 00 00... add     r18, r15, r16
00014050  11 00 90 00 00 00 00 00... store.b r0, (r18)
00014058  20 87 80 00 01 00 00 00... add     r16, r16, #1
00014060  40 06 00 00 D8 FF FF FF... bra     .asn_zero_row
                         .asn_strip_name_colon:
00014068  10 77 E8 00 58 00 00 00... load.q  r14, 88(r29)
00014070  01 86 88 00 00 00 00 00... move.q  r16, r17
00014078  21 97 80 00 01 00 00 00... sub     r18, r16, #1
00014080  20 96 70 90 00 00 00 00... add     r18, r14, r18
00014088  10 98 90 00 00 00 00 00... load.b  r19, (r18)
00014090  01 A5 00 00 3A 00 00 00... move.l  r20, #0x3A
00014098  42 06 98 A0 18 00 00 00... bne     r19, r20, .asn_name_copy
000140A0  21 87 80 00 01 00 00 00... sub     r16, r16, #1
000140A8  41 06 80 00 78 04 00 00... beq r16, r0, .asn_bad_args
                         .asn_name_copy:
000140B0  01 95 00 00 00 00 00 00... move.l  r18, #0
                         .asn_name_copy_loop:
000140B8  44 06 90 80 38 00 00 00... bge     r18, r16, .asn_strip_target_colon
000140C0  20 9E 70 90 00 00 00 00... add     r19, r14, r18
000140C8  10 A0 98 00 00 00 00 00... load.b  r20, (r19)
000140D0  20 9E 78 90 00 00 00 00... add     r19, r15, r18
000140D8  11 A0 98 00 00 00 00 00... store.b r20, (r19)
000140E0  20 97 90 00 01 00 00 00... add     r18, r18, #1
000140E8  40 06 00 00 D0 FF FF FF... bra     .asn_name_copy_loop
                         .asn_strip_target_colon:
000140F0  10 77 E8 00 68 00 00 00... load.q  r14, 104(r29)
000140F8  01 86 A8 00 00 00 00 00... move.q  r16, r21
00014100  21 97 80 00 01 00 00 00... sub     r18, r16, #1
00014108  20 96 70 90 00 00 00 00... add     r18, r14, r18
00014110  10 98 90 00 00 00 00 00... load.b  r19, (r18)
                         .asn_target_copy:
00014118  01 95 00 00 00 00 00 00... move.l  r18, #0
                         .asn_target_copy_loop:
00014120  44 06 90 80 58 00 00 00... bge     r18, r16, .asn_send_op
00014128  20 9E 70 90 00 00 00 00... add     r19, r14, r18
00014130  10 A0 98 00 00 00 00 00... load.b  r20, (r19)
00014138  01 AD 00 00 3A 00 00 00... move.l  r21, #0x3A
00014140  42 06 A0 A8 10 00 00 00... bne     r20, r21, .asn_target_store
00014148  01 A5 00 00 2F 00 00 00... move.l  r20, #0x2F
                         .asn_target_store:
00014150  20 9E 78 90 00 00 00 00... add     r19, r15, r18
00014158  20 9F 98 00 10 00 00 00... add     r19, r19, #DOS_ASSIGN_TARGET_OFF
00014160  11 A0 98 00 00 00 00 00... store.b r20, (r19)
00014168  20 97 90 00 01 00 00 00... add     r18, r18, #1
00014170  40 06 00 00 B0 FF FF FF... bra     .asn_target_copy_loop
                         .asn_send_op:
00014178  10 EE F8 00 00 00 00 00... load.q  r29, (sp)
00014180  01 15 00 00 0A 00 00 00... move.l  r2, #DOS_ASSIGN
00014188  10 1D E8 00 84 00 00 00... load.l  r3, 132(r29)
00014190  01 26 00 00 00 00 00 00... move.q  r4, r0
00014198  10 2F E8 00 40 00 00 00... load.q  r5, 64(r29)
000141A0  10 35 E8 00 50 00 00 00... load.l  r6, 80(r29)
000141A8  10 0F E8 00 38 00 00 00... load.q  r1, 56(r29)
000141B0  EB 01 00 00 11 00 00 00... syscall #SYS_PUT_MSG
000141B8  10 EE F8 00 00 00 00 00... load.q  r29, (sp)
000141C0  10 0F E8 00 40 00 00 00... load.q  r1, 64(r29)
000141C8  EB 01 00 00 13 00 00 00... syscall #SYS_WAIT_PORT
000141D0  10 EE F8 00 00 00 00 00... load.q  r29, (sp)
000141D8  42 06 08 00 48 03 00 00... bne r1, r0, .asn_bad_args
000141E0  40 06 00 00 58 03 00 00... bra     .asn_exit
                         .asn_send_show_one:
000141E8  10 7F E8 00 48 00 00 00... load.q  r15, 72(r29)
000141F0  10 77 E8 00 58 00 00 00... load.q  r14, 88(r29)
000141F8  01 86 88 00 00 00 00 00... move.q  r16, r17
00014200  21 97 80 00 01 00 00 00... sub     r18, r16, #1
00014208  20 96 70 90 00 00 00 00... add     r18, r14, r18
00014210  10 98 90 00 00 00 00 00... load.b  r19, (r18)
00014218  01 A5 00 00 3A 00 00 00... move.l  r20, #0x3A
00014220  42 06 98 A0 18 00 00 00... bne     r19, r20, .asn_show_name_copy
00014228  21 87 80 00 01 00 00 00... sub     r16, r16, #1
00014230  41 06 80 00 F0 02 00 00... beq r16, r0, .asn_bad_args
                         .asn_show_name_copy:
00014238  01 95 00 00 00 00 00 00... move.l  r18, #0
                         .asn_show_name_copy_loop:
00014240  44 06 90 80 38 00 00 00... bge     r18, r16, .asn_show_name_copied
00014248  20 9E 70 90 00 00 00 00... add     r19, r14, r18
00014250  10 A0 98 00 00 00 00 00... load.b  r20, (r19)
00014258  20 9E 78 90 00 00 00 00... add     r19, r15, r18
00014260  11 A0 98 00 00 00 00 00... store.b r20, (r19)
00014268  20 97 90 00 01 00 00 00... add     r18, r18, #1
00014270  40 06 00 00 D0 FF FF FF... bra     .asn_show_name_copy_loop
                         .asn_show_name_copied:
00014278  20 9E 78 90 00 00 00 00... add     r19, r15, r18
00014280  11 00 98 00 00 00 00 00... store.b r0, (r19)
00014288  10 EE F8 00 00 00 00 00... load.q  r29, (sp)
00014290  01 15 00 00 0A 00 00 00... move.l  r2, #DOS_ASSIGN
00014298  01 1D 00 00 03 00 00 00... move.l  r3, #DOS_ASSIGN_LAYERED_QUERY
000142A0  01 26 00 00 00 00 00 00... move.q  r4, r0
000142A8  10 2F E8 00 40 00 00 00... load.q  r5, 64(r29)
000142B0  10 35 E8 00 50 00 00 00... load.l  r6, 80(r29)
000142B8  10 0F E8 00 38 00 00 00... load.q  r1, 56(r29)
000142C0  EB 01 00 00 11 00 00 00... syscall #SYS_PUT_MSG
000142C8  10 EE F8 00 00 00 00 00... load.q  r29, (sp)
000142D0  10 0F E8 00 40 00 00 00... load.q  r1, 64(r29)
000142D8  EB 01 00 00 13 00 00 00... syscall #SYS_WAIT_PORT
000142E0  10 EE F8 00 00 00 00 00... load.q  r29, (sp)
000142E8  42 06 08 00 38 02 00 00... bne r1, r0, .asn_bad_args
000142F0  11 17 E8 00 78 00 00 00... store.q r2, 120(r29)
000142F8  10 77 E8 00 58 00 00 00... load.q  r14, 88(r29)
00014300  01 A6 70 00 00 00 00 00... move.q  r20, r14
00014308  50 06 00 00 D8 02 00 00... jsr     .asn_send_string
00014310  01 1D 00 00 3A 00 00 00... move.l  r3, #0x3A
00014318  50 06 00 00 28 02 00 00... jsr     .asn_putc
00014320  01 1D 00 00 0D 00 00 00... move.l  r3, #0x0D
00014328  50 06 00 00 18 02 00 00... jsr     .asn_putc
00014330  01 1D 00 00 0A 00 00 00... move.l  r3, #0x0A
00014338  50 06 00 00 08 02 00 00... jsr     .asn_putc
00014340  10 77 E8 00 48 00 00 00... load.q  r14, 72(r29)
00014348  01 7D 00 00 00 00 00 00... move.l  r15, #0
                         .asn_show_one_loop:
00014350  10 87 E8 00 78 00 00 00... load.q  r16, 120(r29)
00014358  44 06 78 80 E0 01 00 00... bge     r15, r16, .asn_exit
00014360  01 1D 00 00 20 00 00 00... move.l  r3, #0x20
00014368  50 06 00 00 D8 01 00 00... jsr     .asn_putc
00014370  01 1D 00 00 20 00 00 00... move.l  r3, #0x20
00014378  50 06 00 00 C8 01 00 00... jsr     .asn_putc
00014380  10 77 E8 00 48 00 00 00... load.q  r14, 72(r29)
00014388  01 1D 00 00 20 00 00 00... move.l  r3, #DOS_ASSIGN_LAYERED_TGT_SZ
00014390  22 26 78 18 00 00 00 00... mulu.q  r4, r15, r3
00014398  20 A6 70 20 00 00 00 00... add     r20, r14, r4
000143A0  50 06 00 00 40 02 00 00... jsr     .asn_send_string
000143A8  01 1D 00 00 0D 00 00 00... move.l  r3, #0x0D
000143B0  50 06 00 00 90 01 00 00... jsr     .asn_putc
000143B8  01 1D 00 00 0A 00 00 00... move.l  r3, #0x0A
000143C0  50 06 00 00 80 01 00 00... jsr     .asn_putc
000143C8  20 7F 78 00 01 00 00 00... add     r15, r15, #1
000143D0  40 06 00 00 80 FF FF FF... bra     .asn_show_one_loop
                         .asn_do_list:
000143D8  01 15 00 00 0A 00 00 00... move.l  r2, #DOS_ASSIGN
000143E0  01 1D 00 00 00 00 00 00... move.l  r3, #DOS_ASSIGN_LIST
000143E8  01 26 00 00 00 00 00 00... move.q  r4, r0
000143F0  10 2F E8 00 40 00 00 00... load.q  r5, 64(r29)
000143F8  10 35 E8 00 50 00 00 00... load.l  r6, 80(r29)
00014400  10 0F E8 00 38 00 00 00... load.q  r1, 56(r29)
00014408  EB 01 00 00 11 00 00 00... syscall #SYS_PUT_MSG
00014410  10 EE F8 00 00 00 00 00... load.q  r29, (sp)
00014418  10 0F E8 00 40 00 00 00... load.q  r1, 64(r29)
00014420  EB 01 00 00 13 00 00 00... syscall #SYS_WAIT_PORT
00014428  10 EE F8 00 00 00 00 00... load.q  r29, (sp)
00014430  42 06 08 00 08 01 00 00... bne r1, r0, .asn_exit
00014438  11 17 E8 00 78 00 00 00... store.q r2, 120(r29)
00014440  10 77 E8 00 48 00 00 00... load.q  r14, 72(r29)
00014448  01 7D 00 00 00 00 00 00... move.l  r15, #0
                         .asn_row_loop:
00014450  10 87 E8 00 78 00 00 00... load.q  r16, 120(r29)
00014458  44 06 78 80 E0 00 00 00... bge     r15, r16, .asn_exit
00014460  11 77 F8 00 08 00 00 00... store.q r14, 8(sp)
00014468  01 A6 70 00 00 00 00 00... move.q  r20, r14
00014470  50 06 00 00 70 01 00 00... jsr     .asn_send_string
00014478  10 77 F8 00 08 00 00 00... load.q  r14, 8(sp)
00014480  01 1D 00 00 3A 00 00 00... move.l  r3, #0x3A
00014488  50 06 00 00 B8 00 00 00... jsr     .asn_putc
00014490  10 77 F8 00 08 00 00 00... load.q  r14, 8(sp)
00014498  20 97 70 00 10 00 00 00... add     r18, r14, #DOS_ASSIGN_TARGET_OFF
000144A0  10 98 90 00 00 00 00 00... load.b  r19, (r18)
000144A8  41 06 98 00 38 00 00 00... beq r19, r0, .asn_row_crlf
000144B0  01 1D 00 00 20 00 00 00... move.l  r3, #0x20
000144B8  50 06 00 00 88 00 00 00... jsr     .asn_putc
000144C0  10 77 F8 00 08 00 00 00... load.q  r14, 8(sp)
000144C8  20 97 70 00 10 00 00 00... add     r18, r14, #DOS_ASSIGN_TARGET_OFF
000144D0  01 A6 90 00 00 00 00 00... move.q  r20, r18
000144D8  50 06 00 00 08 01 00 00... jsr     .asn_send_string
                         .asn_row_crlf:
000144E0  01 1D 00 00 0D 00 00 00... move.l  r3, #0x0D
000144E8  50 06 00 00 58 00 00 00... jsr     .asn_putc
000144F0  01 1D 00 00 0A 00 00 00... move.l  r3, #0x0A
000144F8  50 06 00 00 48 00 00 00... jsr     .asn_putc
00014500  10 77 F8 00 08 00 00 00... load.q  r14, 8(sp)
00014508  20 77 70 00 20 00 00 00... add     r14, r14, #32
00014510  20 7F 78 00 01 00 00 00... add     r15, r15, #1
00014518  40 06 00 00 38 FF FF FF... bra     .asn_row_loop
                         .asn_bad_args:
00014520  10 EE F8 00 00 00 00 00... load.q  r29, (sp)
00014528  20 A7 E8 00 20 00 00 00... add     r20, r29, #32
00014530  50 06 00 00 B0 00 00 00... jsr     .asn_send_string
                         .asn_exit:
00014538  40 06 00 00 78 01 00 00... bra     .asn_cleanup_exit
                         .asn_putc:
00014540  21 FF F8 00 10 00 00 00... sub     sp, sp, #16
00014548  10 EF F8 00 18 00 00 00... load.q  r29, 24(sp)
00014550  11 EE F8 00 00 00 00 00... store.q r29, (sp)
00014558  11 1F F8 00 08 00 00 00... store.q r3, 8(sp)
                         .asn_putc_retry:
00014560  10 1F F8 00 08 00 00 00... load.q  r3, 8(sp)
00014568  01 15 00 00 00 00 00 00... move.l  r2, #0
00014570  01 26 00 00 00 00 00 00... move.q  r4, r0
00014578  01 2D 00 00 FF FF 00 00... move.l  r5, #REPLY_PORT_NONE
00014580  01 36 00 00 00 00 00 00... move.q  r6, r0
00014588  10 EE F8 00 00 00 00 00... load.q  r29, (sp)
00014590  10 0F E8 00 30 00 00 00... load.q  r1, 48(r29)
00014598  EB 01 00 00 11 00 00 00... syscall #SYS_PUT_MSG
000145A0  10 EE F8 00 00 00 00 00... load.q  r29, (sp)
000145A8  01 E5 00 00 09 00 00 00... move.l  r28, #ERR_FULL
000145B0  41 06 10 E0 18 00 00 00... beq     r2, r28, .asn_putc_full
000145B8  20 FF F8 00 10 00 00 00... add     sp, sp, #16
000145C0  51 00 00 00 00 00 00 00... rts
                         .asn_putc_full:
000145C8  EB 01 00 00 1A 00 00 00... syscall #SYS_YIELD
000145D0  10 EE F8 00 00 00 00 00... load.q  r29, (sp)
000145D8  40 06 00 00 88 FF FF FF... bra     .asn_putc_retry
                         .asn_send_string:
000145E0  21 FF F8 00 10 00 00 00... sub     sp, sp, #16
000145E8  10 EF F8 00 18 00 00 00... load.q  r29, 24(sp)
000145F0  11 EE F8 00 00 00 00 00... store.q r29, (sp)
                         .asn_ss_loop:
000145F8  10 08 A0 00 00 00 00 00... load.b  r1, (r20)
00014600  41 06 08 00 A0 00 00 00... beq r1, r0, .asn_ss_done
00014608  11 A7 F8 00 08 00 00 00... store.q r20, 8(sp)
                         .asn_ss_retry:
00014610  10 A7 F8 00 08 00 00 00... load.q  r20, 8(sp)
00014618  10 18 A0 00 00 00 00 00... load.b  r3, (r20)
00014620  01 15 00 00 00 00 00 00... move.l  r2, #0
00014628  01 26 00 00 00 00 00 00... move.q  r4, r0
00014630  01 2D 00 00 FF FF 00 00... move.l  r5, #REPLY_PORT_NONE
00014638  01 36 00 00 00 00 00 00... move.q  r6, r0
00014640  10 EE F8 00 00 00 00 00... load.q  r29, (sp)
00014648  10 0F E8 00 30 00 00 00... load.q  r1, 48(r29)
00014650  EB 01 00 00 11 00 00 00... syscall #SYS_PUT_MSG
00014658  10 EE F8 00 00 00 00 00... load.q  r29, (sp)
00014660  01 E5 00 00 09 00 00 00... move.l  r28, #ERR_FULL
00014668  41 06 10 E0 20 00 00 00... beq     r2, r28, .asn_ss_full
00014670  10 A7 F8 00 08 00 00 00... load.q  r20, 8(sp)
00014678  20 A7 A0 00 01 00 00 00... add     r20, r20, #1
00014680  40 06 00 00 78 FF FF FF... bra     .asn_ss_loop
                         .asn_ss_full:
00014688  EB 01 00 00 1A 00 00 00... syscall #SYS_YIELD
00014690  10 EE F8 00 00 00 00 00... load.q  r29, (sp)
00014698  40 06 00 00 78 FF FF FF... bra     .asn_ss_retry
                         .asn_ss_done:
000146A0  20 FF F8 00 10 00 00 00... add     sp, sp, #16
000146A8  51 00 00 00 00 00 00 00... rts
                         .asn_cleanup_exit:
000146B0  10 0F E8 00 A8 00 00 00... load.q  r1, 168(r29)
000146B8  41 06 08 00 20 00 00 00... beq r1, r0, .asn_exit_task
000146C0  EB 01 00 00 2B 00 00 00... syscall #SYS_CLOSE_LIBRARY
000146C8  10 EE F8 00 00 00 00 00... load.q  r29, (sp)
000146D0  11 07 E8 00 A8 00 00 00... store.q r0, 168(r29)
                         .asn_exit_task:
000146D8  01 0E 00 00 00 00 00 00... move.q  r1, r0
000146E0  EB 01 00 00 22 00 00 00... syscall #SYS_EXIT_TASK
                         prog_assign_cmd_code_end:
                         prog_assign_cmd_data:
000146E8  63 6F 6E 73 6F 6C 65 2E... dc.b    "console.handler", 0
000146F8  64 6F 73 2E 6C 69 62 72... dc.b    "dos.library", 0, 0, 0, 0, 0
00014708  42 61 64 20 61 72 67 75... dc.b    "Bad arguments", 0x0D, 0x0A, 0
                         ds.b    8  ; 8 bytes reserved
                         ds.b    8  ; 8 bytes reserved
                         ds.b    8  ; 8 bytes reserved
                         ds.b    8  ; 8 bytes reserved
                         ds.b    8  ; 8 bytes reserved
                         ds.b    8  ; 8 bytes reserved
                         ds.b    8  ; 8 bytes reserved
                         ds.b    8  ; 8 bytes reserved
                         ds.b    8  ; 8 bytes reserved
                         ds.b    8  ; 8 bytes reserved
                         ds.b    8  ; 8 bytes reserved
                         ds.b    8  ; 8 bytes reserved
                         ds.b    8  ; 8 bytes reserved
                         ds.b    16  ; 16 bytes reserved
                         ds.b    8  ; 8 bytes reserved
                         prog_assign_cmd_iosm:
00014798  49 4F 53 4D              dc.l    IOSM_MAGIC
0001479C  01 00 00 00              dc.l    IOSM_SCHEMA_VERSION
000147A0  05                       dc.b    IOSM_KIND_COMMAND
000147A1  00                       dc.b    0
000147A2  01 00                    dc.w    1
000147A4  00 00                    dc.w    0
000147A6  01 00                    dc.w    1
000147A8  41 73 73 69 67 6E 00     dc.b    "Assign", 0
                         ds.b    IOSM_NAME_SIZE - 8  ; 24 bytes reserved
000147C7  04 00 00 00              dc.l    MODF_ASLR_CAPABLE
000147CB  00 00 00 00              dc.l    0
000147CF  32 30 32 36 2D 30 34 2D... dc.b    "2026-04-25", 0
                         ds.b    IOSM_BUILD_DATE_SIZE - 11  ; 5 bytes reserved
000147DF  43 6F 70 79 72 69 67 68... dc.b    0x43, 0x6F, 0x70, 0x79, 0x72, 0x69, 0x67, 0x68, 0x74, 0x20, 0xA9, 0x20, 0x32, 0x30, 0x32, 0x36, 0x20, 0x5A, 0x61, 0x79, 0x6E, 0x20, 0x4F, 0x74, 0x6C, 0x65, 0x79, 0
                         ds.b    IOSM_COPYRIGHT_SIZE - 28  ; 20 bytes reserved
                         ds.b    8  ; 8 bytes reserved
                         prog_assign_cmd_data_end:
                         align   8  ; 1 bytes padding
                         prog_assign_cmd_end:
                         prog_input_device:
00014818  00 00 00 00 00 00 00 00... dc.l    0, 0
00014820  B0 08 00 00              dc.l    prog_input_device_code_end - prog_input_device_code
00014824  70 01 00 00              dc.l    prog_input_device_data_end - prog_input_device_data
00014828  00 00 00 00              dc.l    0
                         ds.b    12  ; 12 bytes reserved
                         prog_input_device_code:
00014838  21 FF F8 00 10 00 00 00... sub     sp, sp, #16
                         .idev_preamble:
00014840  10 F6 F8 00 00 00 00 00... load.q  r30, (sp)
00014848  10 EF F8 00 08 00 00 00... load.q  r29, 8(sp)
00014850  11 EE F8 00 00 00 00 00... store.q r29, (sp)
00014858  10 0D F0 00 08 00 00 00... load.l  r1, TASKSB_TASK_ID(r30)
00014860  11 0F E8 00 80 00 00 00... store.q r1, 128(r29)
                         .idev_find_hwres:
00014868  20 0F E8 00 C0 00 00 00... add     r1, r29, #192
00014870  EB 01 00 00 10 00 00 00... syscall #SYS_FIND_PORT
00014878  42 06 10 00 18 00 00 00... bne r2, r0, .idev_hwres_retry
00014880  10 EE F8 00 00 00 00 00... load.q  r29, (sp)
00014888  40 06 00 00 20 00 00 00... bra     .idev_have_hwres
                         .idev_hwres_retry:
00014890  EB 01 00 00 1A 00 00 00... syscall #SYS_YIELD
00014898  10 EE F8 00 00 00 00 00... load.q  r29, (sp)
000148A0  40 06 00 00 C8 FF FF FF... bra     .idev_find_hwres
                         .idev_have_hwres:
000148A8  11 0F E8 00 E0 00 00 00... store.q r1, 224(r29)
000148B0  01 0E 00 00 00 00 00 00... move.q  r1, r0
000148B8  01 16 00 00 00 00 00 00... move.q  r2, r0
000148C0  EB 01 00 00 0F 00 00 00... syscall #SYS_CREATE_PORT
000148C8  10 EE F8 00 00 00 00 00... load.q  r29, (sp)
000148D0  42 06 10 00 08 08 00 00... bne r2, r0, .idev_halt
000148D8  11 0F E8 00 E8 00 00 00... store.q r1, 232(r29)
000148E0  10 0F E8 00 E0 00 00 00... load.q  r1, 224(r29)
000148E8  01 15 00 00 00 04 00 00... move.l  r2, #HWRES_MSG_REQUEST
000148F0  01 1D 00 00 43 48 49 50... move.l  r3, #HWRES_TAG_CHIP
000148F8  10 27 E8 00 80 00 00 00... load.q  r4, 128(r29)
00014900  10 2F E8 00 E8 00 00 00... load.q  r5, 232(r29)
00014908  01 36 00 00 00 00 00 00... move.q  r6, r0
00014910  EB 01 00 00 11 00 00 00... syscall #SYS_PUT_MSG
00014918  10 EE F8 00 00 00 00 00... load.q  r29, (sp)
00014920  42 06 10 00 B8 07 00 00... bne r2, r0, .idev_halt
00014928  10 0F E8 00 E8 00 00 00... load.q  r1, 232(r29)
00014930  EB 01 00 00 13 00 00 00... syscall #SYS_WAIT_PORT
00014938  10 EE F8 00 00 00 00 00... load.q  r29, (sp)
00014940  42 06 18 00 98 07 00 00... bne r3, r0, .idev_halt
00014948  01 E5 00 00 01 04 00 00... move.l  r28, #HWRES_MSG_GRANTED
00014950  42 06 08 E0 88 07 00 00... bne     r1, r28, .idev_halt
00014958  01 0D 00 00 F0 00 00 00... move.l  r1, #TERM_IO_PAGE
00014960  01 15 00 00 01 00 00 00... move.l  r2, #1
00014968  EB 01 00 00 1C 00 00 00... syscall #SYS_MAP_IO
00014970  10 EE F8 00 00 00 00 00... load.q  r29, (sp)
00014978  42 06 10 00 60 07 00 00... bne r2, r0, .idev_halt
00014980  11 0F E8 00 98 00 00 00... store.q r1, 152(r29)
00014988  20 0F E8 00 10 00 00 00... add     r1, r29, #16
00014990  01 15 00 00 01 00 00 00... move.l  r2, #PF_PUBLIC
00014998  EB 01 00 00 0F 00 00 00... syscall #SYS_CREATE_PORT
000149A0  10 EE F8 00 00 00 00 00... load.q  r29, (sp)
000149A8  42 06 10 00 30 07 00 00... bne r2, r0, .idev_halt
000149B0  11 0F E8 00 90 00 00 00... store.q r1, 144(r29)
000149B8  01 26 08 00 00 00 00 00... move.q  r4, r1
000149C0  20 0F E8 00 10 00 00 00... add     r1, r29, #16
000149C8  01 15 00 00 01 00 00 00... move.l  r2, #1
000149D0  01 1D 00 00 00 00 00 00... move.l  r3, #0
000149D8  EB 01 00 00 33 00 00 00... syscall #SYS_ADD_DEVICE
000149E0  10 EE F8 00 00 00 00 00... load.q  r29, (sp)
000149E8  42 06 10 00 F0 06 00 00... bne r2, r0, .idev_halt
000149F0  40 06 00 00 A0 00 00 00... bra     .idev_main
000149F8  20 A7 E8 00 20 00 00 00... add     r20, r29, #32
                         .idev_ban_loop:
00014A00  10 08 A0 00 00 00 00 00... load.b  r1, (r20)
00014A08  41 06 08 00 38 00 00 00... beq r1, r0, .idev_ban_id
00014A10  11 A7 F8 00 08 00 00 00... store.q r20, 8(sp)
00014A18  EB 01 00 00 21 00 00 00... syscall #SYS_DEBUG_PUTCHAR
00014A20  10 EE F8 00 00 00 00 00... load.q  r29, (sp)
00014A28  10 A7 F8 00 08 00 00 00... load.q  r20, 8(sp)
00014A30  20 A7 A0 00 01 00 00 00... add     r20, r20, #1
00014A38  40 06 00 00 C8 FF FF FF... bra     .idev_ban_loop
                         .idev_ban_id:
00014A40  10 EE F8 00 00 00 00 00... load.q  r29, (sp)
00014A48  10 0F E8 00 80 00 00 00... load.q  r1, 128(r29)
00014A50  20 0F 08 00 30 00 00 00... add     r1, r1, #0x30
00014A58  EB 01 00 00 21 00 00 00... syscall #SYS_DEBUG_PUTCHAR
00014A60  01 0D 00 00 5D 00 00 00... move.l  r1, #0x5D
00014A68  EB 01 00 00 21 00 00 00... syscall #SYS_DEBUG_PUTCHAR
00014A70  01 0D 00 00 0D 00 00 00... move.l  r1, #0x0D
00014A78  EB 01 00 00 21 00 00 00... syscall #SYS_DEBUG_PUTCHAR
00014A80  01 0D 00 00 0A 00 00 00... move.l  r1, #0x0A
00014A88  EB 01 00 00 21 00 00 00... syscall #SYS_DEBUG_PUTCHAR
                         .idev_main:
00014A90  10 EE F8 00 00 00 00 00... load.q  r29, (sp)
00014A98  10 0F E8 00 90 00 00 00... load.q  r1, 144(r29)
00014AA0  EB 01 00 00 12 00 00 00... syscall #SYS_GET_MSG
00014AA8  42 06 18 00 98 02 00 00... bne r3, r0, .idev_poll
00014AB0  01 C6 10 00 00 00 00 00... move.q  r24, r2
00014AB8  01 CE 28 00 00 00 00 00... move.q  r25, r5
00014AC0  01 E5 00 00 20 01 00 00... move.l  r28, #MSG_GET_IOSM
00014AC8  41 06 08 E0 08 01 00 00... beq     r1, r28, .idev_get_iosm
00014AD0  01 E5 00 00 00 01 00 00... move.l  r28, #INPUT_OPEN
00014AD8  41 06 08 E0 20 00 00 00... beq     r1, r28, .idev_do_open
00014AE0  01 E5 00 00 01 01 00 00... move.l  r28, #INPUT_CLOSE
00014AE8  41 06 08 E0 A0 00 00 00... beq     r1, r28, .idev_do_close
00014AF0  40 06 00 00 A0 FF FF FF... bra     .idev_main
                         .idev_do_open:
00014AF8  10 EE F8 00 00 00 00 00... load.q  r29, (sp)
00014B00  10 77 E8 00 A0 00 00 00... load.q  r14, 160(r29)
00014B08  42 06 70 00 48 00 00 00... bne r14, r0, .idev_open_busy
00014B10  11 C7 E8 00 A0 00 00 00... store.q r24, 160(r29)
00014B18  01 0E C8 00 00 00 00 00... move.q  r1, r25
00014B20  01 15 00 00 00 00 00 00... move.l  r2, #INPUT_ERR_OK
00014B28  01 1E 00 00 00 00 00 00... move.q  r3, r0
00014B30  01 26 00 00 00 00 00 00... move.q  r4, r0
00014B38  01 2E 00 00 00 00 00 00... move.q  r5, r0
00014B40  EB 01 00 00 14 00 00 00... syscall #SYS_REPLY_MSG
00014B48  40 06 00 00 48 FF FF FF... bra     .idev_main
                         .idev_open_busy:
00014B50  01 0E C8 00 00 00 00 00... move.q  r1, r25
00014B58  01 15 00 00 01 00 00 00... move.l  r2, #INPUT_ERR_BUSY
00014B60  01 1E 00 00 00 00 00 00... move.q  r3, r0
00014B68  01 26 00 00 00 00 00 00... move.q  r4, r0
00014B70  01 2E 00 00 00 00 00 00... move.q  r5, r0
00014B78  EB 01 00 00 14 00 00 00... syscall #SYS_REPLY_MSG
00014B80  40 06 00 00 10 FF FF FF... bra     .idev_main
                         .idev_do_close:
00014B88  10 EE F8 00 00 00 00 00... load.q  r29, (sp)
00014B90  11 07 E8 00 A0 00 00 00... store.q r0, 160(r29)
00014B98  01 0E C8 00 00 00 00 00... move.q  r1, r25
00014BA0  01 15 00 00 00 00 00 00... move.l  r2, #INPUT_ERR_OK
00014BA8  01 1E 00 00 00 00 00 00... move.q  r3, r0
00014BB0  01 26 00 00 00 00 00 00... move.q  r4, r0
00014BB8  01 2E 00 00 00 00 00 00... move.q  r5, r0
00014BC0  EB 01 00 00 14 00 00 00... syscall #SYS_REPLY_MSG
00014BC8  40 06 00 00 C8 FE FF FF... bra     .idev_main
                         .idev_get_iosm:
00014BD0  11 2F F8 00 08 00 00 00... store.q r5, 8(sp)
00014BD8  41 06 30 00 10 01 00 00... beq r6, r0, .idev_get_iosm_badarg
00014BE0  01 0E 30 00 00 00 00 00... move.q  r1, r6
00014BE8  01 15 00 00 02 00 00 00... move.l  r2, #MAPF_WRITE
00014BF0  EB 01 00 00 04 00 00 00... syscall #SYS_MAP_SHARED
00014BF8  10 EE F8 00 00 00 00 00... load.q  r29, (sp)
00014C00  42 06 10 00 20 01 00 00... bne r2, r0, .idev_get_iosm_maperr
00014C08  01 BE 08 00 00 00 00 00... move.q  r23, r1
00014C10  01 C6 08 00 00 00 00 00... move.q  r24, r1
00014C18  01 E5 00 00 01 00 00 00... move.l  r28, #1
00014C20  42 06 18 E0 A0 00 00 00... bne     r3, r28, .idev_get_iosm_badarg_free
00014C28  20 77 E8 00 F0 00 00 00... add     r14, r29, #(prog_input_device_iosm - prog_input_device_data)
00014C30  01 7D 00 00 10 00 00 00... move.l  r15, #(IOSM_SIZE / 8)
                         .idev_get_iosm_copy:
00014C38  10 86 70 00 00 00 00 00... load.q  r16, (r14)
00014C40  11 86 C0 00 00 00 00 00... store.q r16, (r24)
00014C48  20 77 70 00 08 00 00 00... add     r14, r14, #8
00014C50  20 C7 C0 00 08 00 00 00... add     r24, r24, #8
00014C58  21 7F 78 00 01 00 00 00... sub     r15, r15, #1
00014C60  42 06 78 00 D8 FF FF FF... bne r15, r0, .idev_get_iosm_copy
00014C68  01 0E B8 00 00 00 00 00... move.q  r1, r23
00014C70  01 15 00 00 80 00 00 00... move.l  r2, #IOSM_SIZE
00014C78  EB 01 00 00 02 00 00 00... syscall #SYS_FREE_MEM
00014C80  10 EE F8 00 00 00 00 00... load.q  r29, (sp)
00014C88  10 0F F8 00 08 00 00 00... load.q  r1, 8(sp)
00014C90  01 15 00 00 00 00 00 00... move.l  r2, #INPUT_ERR_OK
00014C98  01 1E 00 00 00 00 00 00... move.q  r3, r0
00014CA0  01 26 00 00 00 00 00 00... move.q  r4, r0
00014CA8  01 2E 00 00 00 00 00 00... move.q  r5, r0
00014CB0  EB 01 00 00 14 00 00 00... syscall #SYS_REPLY_MSG
00014CB8  40 06 00 00 D8 FD FF FF... bra     .idev_main
                         .idev_get_iosm_badarg_free:
00014CC0  01 0E B8 00 00 00 00 00... move.q  r1, r23
00014CC8  01 16 18 00 00 00 00 00... move.q  r2, r3
00014CD0  34 17 10 00 0C 00 00 00... lsl     r2, r2, #12
00014CD8  EB 01 00 00 02 00 00 00... syscall #SYS_FREE_MEM
00014CE0  10 EE F8 00 00 00 00 00... load.q  r29, (sp)
                         .idev_get_iosm_badarg:
00014CE8  10 0F F8 00 08 00 00 00... load.q  r1, 8(sp)
00014CF0  01 15 00 00 03 00 00 00... move.l  r2, #ERR_BADARG
00014CF8  01 1E 00 00 00 00 00 00... move.q  r3, r0
00014D00  01 26 00 00 00 00 00 00... move.q  r4, r0
00014D08  01 2E 00 00 00 00 00 00... move.q  r5, r0
00014D10  EB 01 00 00 14 00 00 00... syscall #SYS_REPLY_MSG
00014D18  40 06 00 00 78 FD FF FF... bra     .idev_main
                         .idev_get_iosm_maperr:
00014D20  10 0F F8 00 08 00 00 00... load.q  r1, 8(sp)
00014D28  01 2E 00 00 00 00 00 00... move.q  r5, r0
00014D30  EB 01 00 00 14 00 00 00... syscall #SYS_REPLY_MSG
00014D38  40 06 00 00 58 FD FF FF... bra     .idev_main
                         .idev_poll:
00014D40  10 EE F8 00 00 00 00 00... load.q  r29, (sp)
00014D48  10 C7 E8 00 A0 00 00 00... load.q  r24, 160(r29)
00014D50  41 06 C0 00 70 03 00 00... beq r24, r0, .idev_yield
00014D58  10 CF E8 00 98 00 00 00... load.q  r25, 152(r29)
                         .idev_kbd_drain:
00014D60  20 77 C8 00 44 07 00 00... add     r14, r25, #0x744
00014D68  10 74 70 00 00 00 00 00... load.l  r14, (r14)
00014D70  30 77 70 00 01 00 00 00... and     r14, r14, #1
00014D78  41 06 70 00 30 01 00 00... beq r14, r0, .idev_kbd_done
00014D80  20 7F C8 00 40 07 00 00... add     r15, r25, #0x740
00014D88  10 7C 78 00 00 00 00 00... load.l  r15, (r15)
00014D90  20 87 C8 00 48 07 00 00... add     r16, r25, #0x748
00014D98  10 84 80 00 00 00 00 00... load.l  r16, (r16)
00014DA0  01 8D 00 00 01 00 00 00... move.l  r17, #IE_KEY_DOWN
00014DA8  34 8F 88 00 18 00 00 00... lsl     r17, r17, #24
00014DB0  30 7F 78 00 FF 00 00 00... and     r15, r15, #0xFF
00014DB8  34 7F 78 00 10 00 00 00... lsl     r15, r15, #16
00014DC0  31 8E 88 78 00 00 00 00... or      r17, r17, r15
00014DC8  30 87 80 00 FF 00 00 00... and     r16, r16, #0xFF
00014DD0  34 87 80 00 08 00 00 00... lsl     r16, r16, #8
00014DD8  31 8E 88 80 00 00 00 00... or      r17, r17, r16
00014DE0  20 97 C8 00 30 07 00 00... add     r18, r25, #0x730
00014DE8  10 94 90 00 00 00 00 00... load.l  r18, (r18)
00014DF0  30 97 90 00 FF FF 00 00... and     r18, r18, #0xFFFF
00014DF8  34 97 90 00 30 00 00 00... lsl     r18, r18, #48
00014E00  20 9F C8 00 34 07 00 00... add     r19, r25, #0x734
00014E08  10 9C 98 00 00 00 00 00... load.l  r19, (r19)
00014E10  30 9F 98 00 FF FF 00 00... and     r19, r19, #0xFFFF
00014E18  34 9F 98 00 20 00 00 00... lsl     r19, r19, #32
00014E20  31 96 90 98 00 00 00 00... or      r18, r18, r19
00014E28  10 9D E8 00 B4 00 00 00... load.l  r19, 180(r29)
00014E30  20 9F 98 00 01 00 00 00... add     r19, r19, #1
00014E38  11 9D E8 00 B4 00 00 00... store.l r19, 180(r29)
00014E40  31 96 90 98 00 00 00 00... or      r18, r18, r19
00014E48  01 0E C0 00 00 00 00 00... move.q  r1, r24
00014E50  01 15 00 00 02 01 00 00... move.l  r2, #INPUT_EVENT
00014E58  01 1E 88 00 00 00 00 00... move.q  r3, r17
00014E60  01 26 90 00 00 00 00 00... move.q  r4, r18
00014E68  01 2D 00 00 FF FF 00 00... move.l  r5, #REPLY_PORT_NONE
00014E70  01 36 00 00 00 00 00 00... move.q  r6, r0
00014E78  EB 01 00 00 11 00 00 00... syscall #SYS_PUT_MSG
00014E80  10 EE F8 00 00 00 00 00... load.q  r29, (sp)
00014E88  10 C7 E8 00 A0 00 00 00... load.q  r24, 160(r29)
00014E90  41 06 C0 00 30 02 00 00... beq r24, r0, .idev_yield
00014E98  10 CF E8 00 98 00 00 00... load.q  r25, 152(r29)
00014EA0  40 06 00 00 C0 FE FF FF... bra     .idev_kbd_drain
                         .idev_kbd_done:
00014EA8  20 77 C8 00 3C 07 00 00... add     r14, r25, #0x73C
00014EB0  10 74 70 00 00 00 00 00... load.l  r14, (r14)
00014EB8  30 77 70 00 01 00 00 00... and     r14, r14, #1
00014EC0  41 06 70 00 00 02 00 00... beq r14, r0, .idev_yield
00014EC8  20 7F C8 00 30 07 00 00... add     r15, r25, #0x730
00014ED0  10 7C 78 00 00 00 00 00... load.l  r15, (r15)
00014ED8  30 7F 78 00 FF FF 00 00... and     r15, r15, #0xFFFF
00014EE0  20 87 C8 00 34 07 00 00... add     r16, r25, #0x734
00014EE8  10 84 80 00 00 00 00 00... load.l  r16, (r16)
00014EF0  30 87 80 00 FF FF 00 00... and     r16, r16, #0xFFFF
00014EF8  20 8F C8 00 38 07 00 00... add     r17, r25, #0x738
00014F00  10 8C 88 00 00 00 00 00... load.l  r17, (r17)
00014F08  30 8F 88 00 FF 00 00 00... and     r17, r17, #0xFF
00014F10  10 95 E8 00 A8 00 00 00... load.l  r18, 168(r29)
00014F18  10 9D E8 00 AC 00 00 00... load.l  r19, 172(r29)
00014F20  10 A5 E8 00 B0 00 00 00... load.l  r20, 176(r29)
00014F28  42 06 78 90 18 00 00 00... bne     r15, r18, .idev_mv_emit
00014F30  42 06 80 98 10 00 00 00... bne     r16, r19, .idev_mv_emit
00014F38  40 06 00 00 B8 00 00 00... bra     .idev_mv_check_btn
                         .idev_mv_emit:
00014F40  01 AD 00 00 03 00 00 00... move.l  r21, #IE_MOUSE_MOVE
00014F48  34 AF A8 00 18 00 00 00... lsl     r21, r21, #24
00014F50  01 B6 78 00 00 00 00 00... move.q  r22, r15
00014F58  34 B7 B0 00 30 00 00 00... lsl     r22, r22, #48
00014F60  01 BE 80 00 00 00 00 00... move.q  r23, r16
00014F68  34 BF B8 00 20 00 00 00... lsl     r23, r23, #32
00014F70  31 B6 B0 B8 00 00 00 00... or      r22, r22, r23
00014F78  10 9D E8 00 B4 00 00 00... load.l  r19, 180(r29)
00014F80  20 9F 98 00 01 00 00 00... add     r19, r19, #1
00014F88  11 9D E8 00 B4 00 00 00... store.l r19, 180(r29)
00014F90  31 B6 B0 98 00 00 00 00... or      r22, r22, r19
00014F98  01 0E C0 00 00 00 00 00... move.q  r1, r24
00014FA0  01 15 00 00 02 01 00 00... move.l  r2, #INPUT_EVENT
00014FA8  01 1E A8 00 00 00 00 00... move.q  r3, r21
00014FB0  01 26 B0 00 00 00 00 00... move.q  r4, r22
00014FB8  01 2D 00 00 FF FF 00 00... move.l  r5, #REPLY_PORT_NONE
00014FC0  01 36 00 00 00 00 00 00... move.q  r6, r0
00014FC8  EB 01 00 00 11 00 00 00... syscall #SYS_PUT_MSG
00014FD0  10 EE F8 00 00 00 00 00... load.q  r29, (sp)
00014FD8  10 C7 E8 00 A0 00 00 00... load.q  r24, 160(r29)
00014FE0  41 06 C0 00 C8 00 00 00... beq r24, r0, .idev_save_state
00014FE8  10 A5 E8 00 B0 00 00 00... load.l  r20, 176(r29)
                         .idev_mv_check_btn:
00014FF0  41 06 88 A0 B8 00 00 00... beq     r17, r20, .idev_save_state
00014FF8  01 AD 00 00 04 00 00 00... move.l  r21, #IE_MOUSE_BTN
00015000  34 AF A8 00 18 00 00 00... lsl     r21, r21, #24
00015008  01 BE 88 00 00 00 00 00... move.q  r23, r17
00015010  34 BF B8 00 10 00 00 00... lsl     r23, r23, #16
00015018  31 AE A8 B8 00 00 00 00... or      r21, r21, r23
00015020  01 B6 78 00 00 00 00 00... move.q  r22, r15
00015028  34 B7 B0 00 30 00 00 00... lsl     r22, r22, #48
00015030  01 BE 80 00 00 00 00 00... move.q  r23, r16
00015038  34 BF B8 00 20 00 00 00... lsl     r23, r23, #32
00015040  31 B6 B0 B8 00 00 00 00... or      r22, r22, r23
00015048  10 9D E8 00 B4 00 00 00... load.l  r19, 180(r29)
00015050  20 9F 98 00 01 00 00 00... add     r19, r19, #1
00015058  11 9D E8 00 B4 00 00 00... store.l r19, 180(r29)
00015060  31 B6 B0 98 00 00 00 00... or      r22, r22, r19
00015068  01 0E C0 00 00 00 00 00... move.q  r1, r24
00015070  01 15 00 00 02 01 00 00... move.l  r2, #INPUT_EVENT
00015078  01 1E A8 00 00 00 00 00... move.q  r3, r21
00015080  01 26 B0 00 00 00 00 00... move.q  r4, r22
00015088  01 2D 00 00 FF FF 00 00... move.l  r5, #REPLY_PORT_NONE
00015090  01 36 00 00 00 00 00 00... move.q  r6, r0
00015098  EB 01 00 00 11 00 00 00... syscall #SYS_PUT_MSG
000150A0  10 EE F8 00 00 00 00 00... load.q  r29, (sp)
                         .idev_save_state:
000150A8  11 7D E8 00 A8 00 00 00... store.l r15, 168(r29)
000150B0  11 85 E8 00 AC 00 00 00... store.l r16, 172(r29)
000150B8  11 8D E8 00 B0 00 00 00... store.l r17, 176(r29)
                         .idev_yield:
000150C0  EB 01 00 00 1A 00 00 00... syscall #SYS_YIELD
000150C8  10 EE F8 00 00 00 00 00... load.q  r29, (sp)
000150D0  40 06 00 00 C0 F9 FF FF... bra     .idev_main
                         .idev_halt:
000150D8  EB 01 00 00 1A 00 00 00... syscall #SYS_YIELD
000150E0  40 06 00 00 F8 FF FF FF... bra     .idev_halt
                         prog_input_device_code_end:
                         prog_input_device_data:
000150E8  63 6F 6E 73 6F 6C 65 2E... dc.b    "console.handler", 0
000150F8  69 6E 70 75 74 2E 64 65... dc.b    "input.device", 0, 0, 0, 0
00015108  69 6E 70 75 74 2E 64 65... dc.b    "input.device M11 [Task ", 0
                         ds.b    8  ; 8 bytes reserved
                         ds.b    64  ; 64 bytes reserved
                         ds.b    8  ; 8 bytes reserved
                         ds.b    8  ; 8 bytes reserved
                         ds.b    8  ; 8 bytes reserved
                         ds.b    8  ; 8 bytes reserved
                         ds.b    8  ; 8 bytes reserved
                         ds.b    4  ; 4 bytes reserved
                         ds.b    4  ; 4 bytes reserved
                         ds.b    4  ; 4 bytes reserved
                         ds.b    4  ; 4 bytes reserved
                         ds.b    8  ; 8 bytes reserved
000151A8  68 61 72 64 77 61 72 65... dc.b    "hardware.resource", 0
                         ds.b    14  ; 14 bytes reserved
                         ds.b    8  ; 8 bytes reserved
                         ds.b    8  ; 8 bytes reserved
                         prog_input_device_iosm:
000151D8  49 4F 53 4D              dc.l    IOSM_MAGIC
000151DC  01 00 00 00              dc.l    IOSM_SCHEMA_VERSION
000151E0  02                       dc.b    IOSM_KIND_DEVICE
000151E1  00                       dc.b    0
000151E2  01 00                    dc.w    1
000151E4  00 00                    dc.w    0
000151E6  01 00                    dc.w    1
000151E8  69 6E 70 75 74 2E 64 65... dc.b    "input.device", 0
                         ds.b    IOSM_NAME_SIZE - 13  ; 19 bytes reserved
00015208  06 00 00 00              dc.l    MODF_COMPAT_PORT | MODF_ASLR_CAPABLE
0001520C  00 00 00 00              dc.l    0
00015210  32 30 32 36 2D 30 34 2D... dc.b    "2026-04-25", 0
                         ds.b    IOSM_BUILD_DATE_SIZE - 11  ; 5 bytes reserved
00015220  43 6F 70 79 72 69 67 68... dc.b    0x43, 0x6F, 0x70, 0x79, 0x72, 0x69, 0x67, 0x68, 0x74, 0x20, 0xA9, 0x20, 0x32, 0x30, 0x32, 0x36, 0x20, 0x5A, 0x61, 0x79, 0x6E, 0x20, 0x4F, 0x74, 0x6C, 0x65, 0x79, 0
                         ds.b    IOSM_COPYRIGHT_SIZE - 28  ; 20 bytes reserved
                         ds.b    8  ; 8 bytes reserved
                         prog_input_device_data_end:
                         prog_input_device_end:
                         prog_hwres:
00015258  00 00 00 00 00 00 00 00... dc.l    0, 0
00015260  08 06 00 00              dc.l    prog_hwres_code_end - prog_hwres_code
00015264  28 01 00 00              dc.l    prog_hwres_data_end - prog_hwres_data
00015268  00 00 00 00              dc.l    0
                         ds.b    12  ; 12 bytes reserved
                         prog_hwres_code:
00015278  21 FF F8 00 10 00 00 00... sub     sp, sp, #16
                         .hwres_preamble:
00015280  10 F6 F8 00 00 00 00 00... load.q  r30, (sp)
00015288  10 EF F8 00 08 00 00 00... load.q  r29, 8(sp)
00015290  11 EE F8 00 00 00 00 00... store.q r29, (sp)
00015298  10 0D F0 00 08 00 00 00... load.l  r1, TASKSB_TASK_ID(r30)
000152A0  11 0F E8 00 80 00 00 00... store.q r1, 128(r29)
000152A8  01 0E E8 00 00 00 00 00... move.q  r1, r29
000152B0  01 15 00 00 01 00 00 00... move.l  r2, #PF_PUBLIC
000152B8  EB 01 00 00 0F 00 00 00... syscall #SYS_CREATE_PORT
000152C0  10 EE F8 00 00 00 00 00... load.q  r29, (sp)
000152C8  42 06 10 00 A8 05 00 00... bne r2, r0, .hwres_halt
000152D0  11 0F E8 00 88 00 00 00... store.q r1, 136(r29)
000152D8  01 26 08 00 00 00 00 00... move.q  r4, r1
000152E0  01 0E E8 00 00 00 00 00... move.q  r1, r29
000152E8  01 15 00 00 01 00 00 00... move.l  r2, #1
000152F0  01 1D 00 00 00 00 00 00... move.l  r3, #0
000152F8  EB 01 00 00 34 00 00 00... syscall #SYS_ADD_RESOURCE
00015300  10 EE F8 00 00 00 00 00... load.q  r29, (sp)
00015308  42 06 10 00 68 05 00 00... bne r2, r0, .hwres_halt
00015310  01 35 00 00 00 00 00 00... move.l  r6, #HWRES_BECOME
00015318  EB 01 00 00 26 00 00 00... syscall #SYS_HWRES_OP
00015320  10 EE F8 00 00 00 00 00... load.q  r29, (sp)
00015328  42 06 10 00 48 05 00 00... bne r2, r0, .hwres_halt
00015330  40 06 00 00 A0 00 00 00... bra     .hwres_main
00015338  20 A7 E8 00 20 00 00 00... add     r20, r29, #32
                         .hwres_ban_loop:
00015340  10 08 A0 00 00 00 00 00... load.b  r1, (r20)
00015348  41 06 08 00 38 00 00 00... beq r1, r0, .hwres_ban_id
00015350  11 A7 F8 00 08 00 00 00... store.q r20, 8(sp)
00015358  EB 01 00 00 21 00 00 00... syscall #SYS_DEBUG_PUTCHAR
00015360  10 EE F8 00 00 00 00 00... load.q  r29, (sp)
00015368  10 A7 F8 00 08 00 00 00... load.q  r20, 8(sp)
00015370  20 A7 A0 00 01 00 00 00... add     r20, r20, #1
00015378  40 06 00 00 C8 FF FF FF... bra     .hwres_ban_loop
                         .hwres_ban_id:
00015380  10 EE F8 00 00 00 00 00... load.q  r29, (sp)
00015388  10 0F E8 00 80 00 00 00... load.q  r1, 128(r29)
00015390  20 0F 08 00 30 00 00 00... add     r1, r1, #0x30
00015398  EB 01 00 00 21 00 00 00... syscall #SYS_DEBUG_PUTCHAR
000153A0  01 0D 00 00 5D 00 00 00... move.l  r1, #0x5D
000153A8  EB 01 00 00 21 00 00 00... syscall #SYS_DEBUG_PUTCHAR
000153B0  01 0D 00 00 0D 00 00 00... move.l  r1, #0x0D
000153B8  EB 01 00 00 21 00 00 00... syscall #SYS_DEBUG_PUTCHAR
000153C0  01 0D 00 00 0A 00 00 00... move.l  r1, #0x0A
000153C8  EB 01 00 00 21 00 00 00... syscall #SYS_DEBUG_PUTCHAR
                         .hwres_main:
                         .hwres_main:
000153D0  10 EE F8 00 00 00 00 00... load.q  r29, (sp)
000153D8  10 0F E8 00 88 00 00 00... load.q  r1, 136(r29)
000153E0  EB 01 00 00 13 00 00 00... syscall #SYS_WAIT_PORT
000153E8  10 EE F8 00 00 00 00 00... load.q  r29, (sp)
000153F0  42 06 18 00 E0 FF FF FF... bne r3, r0, .hwres_main
000153F8  01 C6 10 00 00 00 00 00... move.q  r24, r2
00015400  01 CE 38 00 00 00 00 00... move.q  r25, r7
00015408  01 D6 28 00 00 00 00 00... move.q  r26, r5
00015410  01 E5 00 00 20 01 00 00... move.l  r28, #MSG_GET_IOSM
00015418  41 06 08 E0 D8 02 00 00... beq     r1, r28, .hwres_get_iosm
00015420  01 E5 00 00 00 04 00 00... move.l  r28, #HWRES_MSG_REQUEST
00015428  42 06 08 E0 A8 FF FF FF... bne     r1, r28, .hwres_main
00015430  20 8F E8 00 90 00 00 00... add     r17, r29, #144
00015438  01 95 00 00 05 00 00 00... move.l  r18, #5
                         .hwres_scrub:
00015440  41 06 90 00 C8 00 00 00... beq r18, r0, .hwres_scrub_done
00015448  10 74 88 00 00 00 00 00... load.l  r14, (r17)
00015450  01 7D 00 00 FF FF FF FF... move.l  r15, #HWRES_TASK_FREE
00015458  41 06 70 78 98 00 00 00... beq     r14, r15, .hwres_scrub_next
00015460  01 0E 70 00 00 00 00 00... move.q  r1, r14
00015468  01 35 00 00 03 00 00 00... move.l  r6, #HWRES_TASK_ALIVE
00015470  52 06 88 00 00 00 00 00... push    r17
00015478  52 06 90 00 00 00 00 00... push    r18
00015480  52 06 C0 00 00 00 00 00... push    r24
00015488  52 06 C8 00 00 00 00 00... push    r25
00015490  52 06 D0 00 00 00 00 00... push    r26
00015498  52 06 E8 00 00 00 00 00... push    r29
000154A0  EB 01 00 00 26 00 00 00... syscall #SYS_HWRES_OP
000154A8  53 EE 00 00 00 00 00 00... pop     r29
000154B0  53 D6 00 00 00 00 00 00... pop     r26
000154B8  53 CE 00 00 00 00 00 00... pop     r25
000154C0  53 C6 00 00 00 00 00 00... pop     r24
000154C8  53 96 00 00 00 00 00 00... pop     r18
000154D0  53 8E 00 00 00 00 00 00... pop     r17
000154D8  42 06 08 00 18 00 00 00... bne r1, r0, .hwres_scrub_next
000154E0  01 75 00 00 FF FF FF FF... move.l  r14, #HWRES_TASK_FREE
000154E8  11 74 88 00 00 00 00 00... store.l r14, (r17)
                         .hwres_scrub_next:
000154F0  20 8F 88 00 04 00 00 00... add     r17, r17, #4
000154F8  21 97 90 00 01 00 00 00... sub     r18, r18, #1
00015500  40 06 00 00 40 FF FF FF... bra     .hwres_scrub
                         .hwres_scrub_done:
00015508  01 E5 00 00 43 48 49 50... move.l  r28, #HWRES_TAG_CHIP
00015510  41 06 C0 E0 20 00 00 00... beq     r24, r28, .hwres_grant_chip
00015518  01 E5 00 00 56 52 41 4D... move.l  r28, #HWRES_TAG_VRAM
00015520  41 06 C0 E0 B8 00 00 00... beq     r24, r28, .hwres_grant_vram
00015528  40 06 00 00 88 01 00 00... bra     .hwres_deny
                         .hwres_grant_chip:
00015530  20 E7 E8 00 90 00 00 00... add     r28, r29, #144
00015538  01 DD 00 00 04 00 00 00... move.l  r27, #4
00015540  01 8E E0 00 00 00 00 00... move.q  r17, r28
00015548  01 86 00 00 00 00 00 00... move.q  r16, r0
                         .hwres_chip_scan:
00015550  41 06 D8 00 58 00 00 00... beq r27, r0, .hwres_chip_check_free
00015558  10 7C 88 00 00 00 00 00... load.l  r15, (r17)
00015560  01 75 00 00 FF FF FF FF... move.l  r14, #HWRES_TASK_FREE
00015568  41 06 78 70 18 00 00 00... beq     r15, r14, .hwres_chip_remember_free
00015570  41 06 78 C8 48 00 00 00... beq     r15, r25, .hwres_chip_set_range
00015578  40 06 00 00 18 00 00 00... bra     .hwres_chip_scan_next
                         .hwres_chip_remember_free:
00015580  42 06 80 00 10 00 00 00... bne r16, r0, .hwres_chip_scan_next
00015588  01 86 88 00 00 00 00 00... move.q  r16, r17
                         .hwres_chip_scan_next:
00015590  20 8F 88 00 04 00 00 00... add     r17, r17, #4
00015598  21 DF D8 00 01 00 00 00... sub     r27, r27, #1
000155A0  40 06 00 00 B0 FF FF FF... bra     .hwres_chip_scan
                         .hwres_chip_check_free:
000155A8  41 06 80 00 08 01 00 00... beq r16, r0, .hwres_deny
000155B0  11 CC 80 00 00 00 00 00... store.l r25, (r16)
                         .hwres_chip_set_range:
000155B8  01 8D 00 00 F0 00 00 00... move.l  r17, #0xF0
000155C0  01 95 00 00 F0 00 00 00... move.l  r18, #0xF0
000155C8  01 9D 00 00 01 00 00 00... move.l  r19, #1
000155D0  40 06 00 00 58 00 00 00... bra     .hwres_do_create
                         .hwres_grant_vram:
000155D8  10 E5 E8 00 A0 00 00 00... load.l  r28, 160(r29)
000155E0  01 DD 00 00 FF FF FF FF... move.l  r27, #HWRES_TASK_FREE
000155E8  41 06 E0 D8 18 00 00 00... beq     r28, r27, .hwres_vram_claim
000155F0  42 06 E0 C8 C0 00 00 00... bne     r28, r25, .hwres_deny
000155F8  40 06 00 00 10 00 00 00... bra     .hwres_vram_set_range
                         .hwres_vram_claim:
00015600  11 CD E8 00 A0 00 00 00... store.l r25, 160(r29)
                         .hwres_vram_set_range:
00015608  01 8D 00 00 00 01 00 00... move.l  r17, #0x100
00015610  01 95 00 00 FA 02 00 00... move.l  r18, #0x2FA
00015618  01 9D 00 00 FB 01 00 00... move.l  r19, #507
00015620  40 06 00 00 08 00 00 00... bra     .hwres_do_create
                         .hwres_do_create:
00015628  01 35 00 00 01 00 00 00... move.l  r6, #HWRES_CREATE
00015630  01 0E C8 00 00 00 00 00... move.q  r1, r25
00015638  01 16 C0 00 00 00 00 00... move.q  r2, r24
00015640  01 1E 88 00 00 00 00 00... move.q  r3, r17
00015648  01 26 90 00 00 00 00 00... move.q  r4, r18
00015650  EB 01 00 00 26 00 00 00... syscall #SYS_HWRES_OP
00015658  42 06 10 00 58 00 00 00... bne r2, r0, .hwres_deny
00015660  01 1E 88 00 00 00 00 00... move.q  r3, r17
00015668  34 1F 18 00 20 00 00 00... lsl     r3, r3, #32
00015670  31 1E 18 98 00 00 00 00... or      r3, r3, r19
00015678  01 0E D0 00 00 00 00 00... move.q  r1, r26
00015680  01 15 00 00 01 04 00 00... move.l  r2, #HWRES_MSG_GRANTED
00015688  01 26 00 00 00 00 00 00... move.q  r4, r0
00015690  01 2D 00 00 FF FF 00 00... move.l  r5, #REPLY_PORT_NONE
00015698  01 36 00 00 00 00 00 00... move.q  r6, r0
000156A0  EB 01 00 00 14 00 00 00... syscall #SYS_REPLY_MSG
000156A8  40 06 00 00 28 FD FF FF... bra     .hwres_main
                         .hwres_deny:
000156B0  01 0E D0 00 00 00 00 00... move.q  r1, r26
000156B8  01 15 00 00 02 04 00 00... move.l  r2, #HWRES_MSG_DENIED
000156C0  01 1E 00 00 00 00 00 00... move.q  r3, r0
000156C8  01 26 00 00 00 00 00 00... move.q  r4, r0
000156D0  01 2D 00 00 FF FF 00 00... move.l  r5, #REPLY_PORT_NONE
000156D8  01 36 00 00 00 00 00 00... move.q  r6, r0
000156E0  EB 01 00 00 14 00 00 00... syscall #SYS_REPLY_MSG
000156E8  40 06 00 00 E8 FC FF FF... bra     .hwres_main
                         .hwres_get_iosm:
000156F0  41 06 30 00 18 01 00 00... beq r6, r0, .hwres_get_iosm_badarg
000156F8  01 0E 30 00 00 00 00 00... move.q  r1, r6
00015700  01 15 00 00 02 00 00 00... move.l  r2, #MAPF_WRITE
00015708  EB 01 00 00 04 00 00 00... syscall #SYS_MAP_SHARED
00015710  10 EE F8 00 00 00 00 00... load.q  r29, (sp)
00015718  42 06 10 00 30 01 00 00... bne r2, r0, .hwres_get_iosm_maperr
00015720  01 BE 08 00 00 00 00 00... move.q  r23, r1
00015728  01 C6 08 00 00 00 00 00... move.q  r24, r1
00015730  01 E5 00 00 01 00 00 00... move.l  r28, #1
00015738  42 06 18 E0 A8 00 00 00... bne     r3, r28, .hwres_get_iosm_badarg_free
00015740  20 77 E8 00 A8 00 00 00... add     r14, r29, #(prog_hwres_iosm - prog_hwres_data)
00015748  01 7D 00 00 10 00 00 00... move.l  r15, #(IOSM_SIZE / 8)
                         .hwres_get_iosm_copy:
00015750  10 86 70 00 00 00 00 00... load.q  r16, (r14)
00015758  11 86 C0 00 00 00 00 00... store.q r16, (r24)
00015760  20 77 70 00 08 00 00 00... add     r14, r14, #8
00015768  20 C7 C0 00 08 00 00 00... add     r24, r24, #8
00015770  21 7F 78 00 01 00 00 00... sub     r15, r15, #1
00015778  42 06 78 00 D8 FF FF FF... bne r15, r0, .hwres_get_iosm_copy
00015780  01 0E B8 00 00 00 00 00... move.q  r1, r23
00015788  01 15 00 00 80 00 00 00... move.l  r2, #IOSM_SIZE
00015790  EB 01 00 00 02 00 00 00... syscall #SYS_FREE_MEM
00015798  10 EE F8 00 00 00 00 00... load.q  r29, (sp)
000157A0  01 0E D0 00 00 00 00 00... move.q  r1, r26
000157A8  01 16 00 00 00 00 00 00... move.q  r2, r0
000157B0  01 1E 00 00 00 00 00 00... move.q  r3, r0
000157B8  01 26 00 00 00 00 00 00... move.q  r4, r0
000157C0  01 2D 00 00 FF FF 00 00... move.l  r5, #REPLY_PORT_NONE
000157C8  01 36 00 00 00 00 00 00... move.q  r6, r0
000157D0  EB 01 00 00 14 00 00 00... syscall #SYS_REPLY_MSG
000157D8  40 06 00 00 F8 FB FF FF... bra     .hwres_main
                         .hwres_get_iosm_badarg_free:
000157E0  01 0E B8 00 00 00 00 00... move.q  r1, r23
000157E8  01 16 18 00 00 00 00 00... move.q  r2, r3
000157F0  34 17 10 00 0C 00 00 00... lsl     r2, r2, #12
000157F8  EB 01 00 00 02 00 00 00... syscall #SYS_FREE_MEM
00015800  10 EE F8 00 00 00 00 00... load.q  r29, (sp)
                         .hwres_get_iosm_badarg:
00015808  01 0E D0 00 00 00 00 00... move.q  r1, r26
00015810  01 15 00 00 03 00 00 00... move.l  r2, #ERR_BADARG
00015818  01 1E 00 00 00 00 00 00... move.q  r3, r0
00015820  01 26 00 00 00 00 00 00... move.q  r4, r0
00015828  01 2D 00 00 FF FF 00 00... move.l  r5, #REPLY_PORT_NONE
00015830  01 36 00 00 00 00 00 00... move.q  r6, r0
00015838  EB 01 00 00 14 00 00 00... syscall #SYS_REPLY_MSG
00015840  40 06 00 00 90 FB FF FF... bra     .hwres_main
                         .hwres_get_iosm_maperr:
00015848  01 0E D0 00 00 00 00 00... move.q  r1, r26
00015850  01 2D 00 00 FF FF 00 00... move.l  r5, #REPLY_PORT_NONE
00015858  01 36 00 00 00 00 00 00... move.q  r6, r0
00015860  EB 01 00 00 14 00 00 00... syscall #SYS_REPLY_MSG
00015868  40 06 00 00 68 FB FF FF... bra     .hwres_main
                         .hwres_halt:
00015870  EB 01 00 00 1A 00 00 00... syscall #SYS_YIELD
00015878  40 06 00 00 F8 FF FF FF... bra     .hwres_halt
                         prog_hwres_code_end:
                         prog_hwres_data:
00015880  68 61 72 64 77 61 72 65... dc.b    "hardware.resource", 0
                         ds.b    14  ; 14 bytes reserved
000158A0  68 61 72 64 77 61 72 65... dc.b    "hardware.resource M12.5 [Task ", 0
                         ds.b    1  ; 1 bytes reserved
                         ds.b    32  ; 32 bytes reserved
                         ds.b    32  ; 32 bytes reserved
                         ds.b    8  ; 8 bytes reserved
                         ds.b    8  ; 8 bytes reserved
00015910  FF FF FF FF FF FF FF FF... dc.l    0xFFFFFFFF, 0xFFFFFFFF
00015918  FF FF FF FF FF FF FF FF... dc.l    0xFFFFFFFF, 0xFFFFFFFF
00015920  FF FF FF FF              dc.l    0xFFFFFFFF
                         ds.b    4  ; 4 bytes reserved
                         prog_hwres_iosm:
00015928  49 4F 53 4D              dc.l    IOSM_MAGIC
0001592C  01 00 00 00              dc.l    IOSM_SCHEMA_VERSION
00015930  04                       dc.b    IOSM_KIND_RESOURCE
00015931  00                       dc.b    0
00015932  01 00                    dc.w    1
00015934  00 00                    dc.w    0
00015936  01 00                    dc.w    1
00015938  68 61 72 64 77 61 72 65... dc.b    "hardware.resource", 0
                         ds.b    IOSM_NAME_SIZE - 18  ; 14 bytes reserved
00015958  06 00 00 00              dc.l    MODF_COMPAT_PORT | MODF_ASLR_CAPABLE
0001595C  00 00 00 00              dc.l    0
00015960  32 30 32 36 2D 30 34 2D... dc.b    "2026-04-25", 0
                         ds.b    IOSM_BUILD_DATE_SIZE - 11  ; 5 bytes reserved
00015970  43 6F 70 79 72 69 67 68... dc.b    0x43, 0x6F, 0x70, 0x79, 0x72, 0x69, 0x67, 0x68, 0x74, 0x20, 0xA9, 0x20, 0x32, 0x30, 0x32, 0x36, 0x20, 0x5A, 0x61, 0x79, 0x6E, 0x20, 0x4F, 0x74, 0x6C, 0x65, 0x79, 0
                         ds.b    IOSM_COPYRIGHT_SIZE - 28  ; 20 bytes reserved
                         ds.b    8  ; 8 bytes reserved
                         prog_hwres_data_end:
                         prog_hwres_end:
                         prog_graphics_library:
                         .libmanifest name="graphics.library", version=11, revision=0, patch=1, type=1, flags=MODF_COMPAT_PORT|MODF_ASLR_CAPABLE, msg_abi=0
000159A8  00 00 00 00 00 00 00 00... dc.l    0, 0
000159B0  A0 0A 00 00              dc.l    prog_gfxlib_code_end - prog_gfxlib_code
000159B4  B0 01 00 00              dc.l    prog_gfxlib_data_end - prog_gfxlib_data
000159B8  00 00 00 00              dc.l    0
                         ds.b    12  ; 12 bytes reserved
                         prog_gfxlib_code:
000159C8  21 FF F8 00 10 00 00 00... sub     sp, sp, #16
000159D0  10 F6 F8 00 00 00 00 00... load.q  r30, (sp)
000159D8  10 EF F8 00 08 00 00 00... load.q  r29, 8(sp)
000159E0  11 EE F8 00 00 00 00 00... store.q r29, (sp)
000159E8  10 0D F0 00 08 00 00 00... load.l  r1, TASKSB_TASK_ID(r30)
000159F0  11 0F E8 00 80 00 00 00... store.q r1, 128(r29)
                         .gfx_find_hwres:
000159F8  20 0F E8 00 00 01 00 00... add     r1, r29, #256
00015A00  EB 01 00 00 10 00 00 00... syscall #SYS_FIND_PORT
00015A08  42 06 10 00 18 00 00 00... bne r2, r0, .gfx_hwres_retry
00015A10  10 EE F8 00 00 00 00 00... load.q  r29, (sp)
00015A18  40 06 00 00 20 00 00 00... bra     .gfx_have_hwres
                         .gfx_hwres_retry:
00015A20  EB 01 00 00 1A 00 00 00... syscall #SYS_YIELD
00015A28  10 EE F8 00 00 00 00 00... load.q  r29, (sp)
00015A30  40 06 00 00 C8 FF FF FF... bra     .gfx_find_hwres
                         .gfx_have_hwres:
00015A38  11 0F E8 00 20 01 00 00... store.q r1, 288(r29)
00015A40  01 0E 00 00 00 00 00 00... move.q  r1, r0
00015A48  01 16 00 00 00 00 00 00... move.q  r2, r0
00015A50  EB 01 00 00 0F 00 00 00... syscall #SYS_CREATE_PORT
00015A58  10 EE F8 00 00 00 00 00... load.q  r29, (sp)
00015A60  42 06 10 00 F8 09 00 00... bne r2, r0, .gfx_halt
00015A68  11 0F E8 00 28 01 00 00... store.q r1, 296(r29)
00015A70  10 0F E8 00 20 01 00 00... load.q  r1, 288(r29)
00015A78  01 15 00 00 00 04 00 00... move.l  r2, #HWRES_MSG_REQUEST
00015A80  01 1D 00 00 43 48 49 50... move.l  r3, #HWRES_TAG_CHIP
00015A88  10 27 E8 00 80 00 00 00... load.q  r4, 128(r29)
00015A90  10 2F E8 00 28 01 00 00... load.q  r5, 296(r29)
00015A98  01 36 00 00 00 00 00 00... move.q  r6, r0
00015AA0  EB 01 00 00 11 00 00 00... syscall #SYS_PUT_MSG
00015AA8  10 EE F8 00 00 00 00 00... load.q  r29, (sp)
00015AB0  42 06 10 00 A8 09 00 00... bne r2, r0, .gfx_halt
00015AB8  10 0F E8 00 28 01 00 00... load.q  r1, 296(r29)
00015AC0  EB 01 00 00 13 00 00 00... syscall #SYS_WAIT_PORT
00015AC8  10 EE F8 00 00 00 00 00... load.q  r29, (sp)
00015AD0  42 06 18 00 88 09 00 00... bne r3, r0, .gfx_halt
00015AD8  01 E5 00 00 01 04 00 00... move.l  r28, #HWRES_MSG_GRANTED
00015AE0  42 06 08 E0 78 09 00 00... bne     r1, r28, .gfx_halt
00015AE8  10 0F E8 00 20 01 00 00... load.q  r1, 288(r29)
00015AF0  01 15 00 00 00 04 00 00... move.l  r2, #HWRES_MSG_REQUEST
00015AF8  01 1D 00 00 56 52 41 4D... move.l  r3, #HWRES_TAG_VRAM
00015B00  10 27 E8 00 80 00 00 00... load.q  r4, 128(r29)
00015B08  10 2F E8 00 28 01 00 00... load.q  r5, 296(r29)
00015B10  01 36 00 00 00 00 00 00... move.q  r6, r0
00015B18  EB 01 00 00 11 00 00 00... syscall #SYS_PUT_MSG
00015B20  10 EE F8 00 00 00 00 00... load.q  r29, (sp)
00015B28  42 06 10 00 30 09 00 00... bne r2, r0, .gfx_halt
00015B30  10 0F E8 00 28 01 00 00... load.q  r1, 296(r29)
00015B38  EB 01 00 00 13 00 00 00... syscall #SYS_WAIT_PORT
00015B40  10 EE F8 00 00 00 00 00... load.q  r29, (sp)
00015B48  42 06 18 00 10 09 00 00... bne r3, r0, .gfx_halt
00015B50  01 E5 00 00 01 04 00 00... move.l  r28, #HWRES_MSG_GRANTED
00015B58  42 06 08 E0 00 09 00 00... bne     r1, r28, .gfx_halt
00015B60  01 0D 00 00 F0 00 00 00... move.l  r1, #TERM_IO_PAGE
00015B68  01 15 00 00 01 00 00 00... move.l  r2, #1
00015B70  EB 01 00 00 1C 00 00 00... syscall #SYS_MAP_IO
00015B78  10 EE F8 00 00 00 00 00... load.q  r29, (sp)
00015B80  42 06 10 00 D8 08 00 00... bne r2, r0, .gfx_halt
00015B88  11 0F E8 00 98 00 00 00... store.q r1, 152(r29)
00015B90  01 0D 00 00 00 01 00 00... move.l  r1, #0x100
00015B98  01 15 00 00 FB 01 00 00... move.l  r2, #507
00015BA0  EB 01 00 00 1C 00 00 00... syscall #SYS_MAP_IO
00015BA8  10 EE F8 00 00 00 00 00... load.q  r29, (sp)
00015BB0  42 06 10 00 A8 08 00 00... bne r2, r0, .gfx_halt
00015BB8  11 0F E8 00 A0 00 00 00... store.q r1, 160(r29)
00015BC0  20 0F E8 00 10 00 00 00... add     r1, r29, #16
00015BC8  01 15 00 00 01 00 00 00... move.l  r2, #PF_PUBLIC
00015BD0  EB 01 00 00 0F 00 00 00... syscall #SYS_CREATE_PORT
00015BD8  10 EE F8 00 00 00 00 00... load.q  r29, (sp)
00015BE0  42 06 10 00 78 08 00 00... bne r2, r0, .gfx_halt
00015BE8  11 0F E8 00 90 00 00 00... store.q r1, 144(r29)
00015BF0  20 0F E8 00 10 00 00 00... add     r1, r29, #16
00015BF8  01 15 00 00 0B 00 00 00... move.l  r2, #11
00015C00  01 1D 00 00 00 00 00 00... move.l  r3, #0
00015C08  10 27 E8 00 90 00 00 00... load.q  r4, 144(r29)
00015C10  EB 01 00 00 2C 00 00 00... syscall #SYS_ADD_LIBRARY
00015C18  10 EE F8 00 00 00 00 00... load.q  r29, (sp)
00015C20  41 06 10 00 20 00 00 00... beq r2, r0, .gfx_addlib_done
00015C28  01 0D 00 00 05 00 00 00... move.l  r1, #ERR_PERM
00015C30  41 06 10 08 10 00 00 00... beq     r2, r1, .gfx_addlib_done
00015C38  40 06 00 00 20 08 00 00... bra     .gfx_halt
                         .gfx_addlib_done:
                         .gfx_ban_loop:
                         .gfx_ban_id:
                         .gfx_main:
00015C40  10 EE F8 00 00 00 00 00... load.q  r29, (sp)
00015C48  10 0F E8 00 90 00 00 00... load.q  r1, 144(r29)
00015C50  EB 01 00 00 13 00 00 00... syscall #SYS_WAIT_PORT
00015C58  10 EE F8 00 00 00 00 00... load.q  r29, (sp)
00015C60  42 06 18 00 E0 FF FF FF... bne r3, r0, .gfx_main
00015C68  11 0F E8 00 C8 00 00 00... store.q r1, 200(r29)
00015C70  11 17 E8 00 D0 00 00 00... store.q r2, 208(r29)
00015C78  11 27 E8 00 D8 00 00 00... store.q r4, 216(r29)
00015C80  11 2F E8 00 E0 00 00 00... store.q r5, 224(r29)
00015C88  11 37 E8 00 E8 00 00 00... store.q r6, 232(r29)
00015C90  01 E5 00 00 20 01 00 00... move.l  r28, #MSG_GET_IOSM
00015C98  41 06 08 E0 20 06 00 00... beq     r1, r28, .gfx_h_get_iosm
00015CA0  01 E5 00 00 45 36 31 4D... move.l  r28, #LIB_OP_EXPUNGE
00015CA8  41 06 08 E0 88 05 00 00... beq     r1, r28, .gfx_h_expunge
00015CB0  01 E5 00 00 00 02 00 00... move.l  r28, #GFX_ENUMERATE_ADAPTERS
00015CB8  41 06 08 E0 90 00 00 00... beq     r1, r28, .gfx_h_enum_adapt
00015CC0  01 E5 00 00 01 02 00 00... move.l  r28, #GFX_GET_ADAPTER_INFO
00015CC8  41 06 08 E0 A0 00 00 00... beq     r1, r28, .gfx_h_get_adapt
00015CD0  01 E5 00 00 02 02 00 00... move.l  r28, #GFX_ENUMERATE_MODES
00015CD8  41 06 08 E0 C0 00 00 00... beq     r1, r28, .gfx_h_enum_modes
00015CE0  01 E5 00 00 03 02 00 00... move.l  r28, #GFX_GET_MODE_INFO
00015CE8  41 06 08 E0 E0 00 00 00... beq     r1, r28, .gfx_h_get_mode
00015CF0  01 E5 00 00 04 02 00 00... move.l  r28, #GFX_OPEN_DISPLAY
00015CF8  41 06 08 E0 30 01 00 00... beq     r1, r28, .gfx_h_open_disp
00015D00  01 E5 00 00 05 02 00 00... move.l  r28, #GFX_CLOSE_DISPLAY
00015D08  41 06 08 E0 B0 01 00 00... beq     r1, r28, .gfx_h_close_disp
00015D10  01 E5 00 00 06 02 00 00... move.l  r28, #GFX_REGISTER_SURFACE
00015D18  41 06 08 E0 10 02 00 00... beq     r1, r28, .gfx_h_reg_surf
00015D20  01 E5 00 00 07 02 00 00... move.l  r28, #GFX_UNREGISTER_SURFACE
00015D28  41 06 08 E0 30 03 00 00... beq     r1, r28, .gfx_h_unreg_surf
00015D30  01 E5 00 00 08 02 00 00... move.l  r28, #GFX_PRESENT
00015D38  41 06 08 E0 B8 03 00 00... beq     r1, r28, .gfx_h_present
00015D40  40 06 00 00 70 04 00 00... bra     .gfx_reply_bad_handle
                         .gfx_h_enum_adapt:
00015D48  01 15 00 00 00 00 00 00... move.l  r2, #GFX_ERR_OK
00015D50  01 1D 00 00 01 00 00 00... move.l  r3, #1
00015D58  01 26 00 00 00 00 00 00... move.q  r4, r0
00015D60  40 06 00 00 D8 06 00 00... bra     .gfx_reply
                         .gfx_h_get_adapt:
00015D68  10 77 E8 00 D0 00 00 00... load.q  r14, 208(r29)
00015D70  42 06 70 00 40 04 00 00... bne r14, r0, .gfx_reply_bad_handle
00015D78  01 15 00 00 00 00 00 00... move.l  r2, #GFX_ERR_OK
00015D80  01 1D 00 00 00 00 01 00... move.l  r3, #0x10000
00015D88  01 25 00 00 01 00 00 00... move.l  r4, #GFX_CAP_RGBA32
00015D90  40 06 00 00 A8 06 00 00... bra     .gfx_reply
                         .gfx_h_enum_modes:
00015D98  10 77 E8 00 D0 00 00 00... load.q  r14, 208(r29)
00015DA0  42 06 70 00 10 04 00 00... bne r14, r0, .gfx_reply_bad_handle
00015DA8  01 15 00 00 00 00 00 00... move.l  r2, #GFX_ERR_OK
00015DB0  01 1D 00 00 01 00 00 00... move.l  r3, #1
00015DB8  01 26 00 00 00 00 00 00... move.q  r4, r0
00015DC0  40 06 00 00 78 06 00 00... bra     .gfx_reply
                         .gfx_h_get_mode:
00015DC8  10 77 E8 00 D0 00 00 00... load.q  r14, 208(r29)
00015DD0  42 06 70 00 E0 03 00 00... bne r14, r0, .gfx_reply_bad_handle
00015DD8  10 77 E8 00 D8 00 00 00... load.q  r14, 216(r29)
00015DE0  42 06 70 00 D0 03 00 00... bne r14, r0, .gfx_reply_bad_handle
00015DE8  01 1D 00 00 C0 03 00 00... move.l  r3, #960
00015DF0  34 1F 18 00 10 00 00 00... lsl     r3, r3, #16
00015DF8  31 1F 18 00 1C 02 00 00... or      r3, r3, #540
00015E00  01 25 00 00 01 00 00 00... move.l  r4, #GFX_FMT_RGBA32
00015E08  34 27 20 00 20 00 00 00... lsl     r4, r4, #32
00015E10  31 27 20 00 00 0F 00 00... or      r4, r4, #3840
00015E18  01 15 00 00 00 00 00 00... move.l  r2, #GFX_ERR_OK
00015E20  40 06 00 00 18 06 00 00... bra     .gfx_reply
                         .gfx_h_open_disp:
00015E28  10 77 E8 00 D0 00 00 00... load.q  r14, 208(r29)
00015E30  42 06 70 00 A0 03 00 00... bne r14, r0, .gfx_reply_bad_mode
00015E38  10 77 E8 00 D8 00 00 00... load.q  r14, 216(r29)
00015E40  42 06 70 00 90 03 00 00... bne r14, r0, .gfx_reply_bad_mode
00015E48  10 71 E8 00 A8 00 00 00... load.b  r14, 168(r29)
00015E50  42 06 70 00 C0 03 00 00... bne r14, r0, .gfx_reply_busy
00015E58  10 7F E8 00 98 00 00 00... load.q  r15, 152(r29)
00015E60  20 87 78 00 04 00 00 00... add     r16, r15, #4
00015E68  01 8D 00 00 07 00 00 00... move.l  r17, #7
00015E70  11 8C 80 00 00 00 00 00... store.l r17, (r16)
00015E78  01 8D 00 00 01 00 00 00... move.l  r17, #1
00015E80  11 8C 78 00 00 00 00 00... store.l r17, (r15)
00015E88  01 71 00 00 01 00 00 00... move.b  r14, #1
00015E90  11 71 E8 00 A8 00 00 00... store.b r14, 168(r29)
00015E98  01 15 00 00 00 00 00 00... move.l  r2, #GFX_ERR_OK
00015EA0  01 1D 00 00 01 00 00 00... move.l  r3, #1
00015EA8  01 26 00 00 00 00 00 00... move.q  r4, r0
00015EB0  40 06 00 00 88 05 00 00... bra     .gfx_reply
                         .gfx_h_close_disp:
00015EB8  10 77 E8 00 D0 00 00 00... load.q  r14, 208(r29)
00015EC0  01 E5 00 00 01 00 00 00... move.l  r28, #1
00015EC8  42 06 70 E0 E8 02 00 00... bne     r14, r28, .gfx_reply_bad_handle
00015ED0  11 01 E8 00 A8 00 00 00... store.b r0, 168(r29)
00015ED8  11 01 E8 00 B0 00 00 00... store.b r0, 176(r29)
00015EE0  10 7F E8 00 98 00 00 00... load.q  r15, 152(r29)
00015EE8  20 87 78 00 04 00 00 00... add     r16, r15, #4
00015EF0  01 8D 00 00 07 00 00 00... move.l  r17, #7
00015EF8  11 8C 80 00 00 00 00 00... store.l r17, (r16)
00015F00  11 04 78 00 00 00 00 00... store.l r0, (r15)
00015F08  01 15 00 00 00 00 00 00... move.l  r2, #GFX_ERR_OK
00015F10  01 1E 00 00 00 00 00 00... move.q  r3, r0
00015F18  01 26 00 00 00 00 00 00... move.q  r4, r0
00015F20  40 06 00 00 18 05 00 00... bra     .gfx_reply
                         .gfx_h_reg_surf:
00015F28  10 77 E8 00 D0 00 00 00... load.q  r14, 208(r29)
00015F30  01 E5 00 00 01 00 00 00... move.l  r28, #1
00015F38  42 06 70 E0 78 02 00 00... bne     r14, r28, .gfx_reply_bad_handle
00015F40  10 71 E8 00 A8 00 00 00... load.b  r14, 168(r29)
00015F48  41 06 70 00 68 02 00 00... beq r14, r0, .gfx_reply_bad_handle
00015F50  10 71 E8 00 B0 00 00 00... load.b  r14, 176(r29)
00015F58  42 06 70 00 B8 02 00 00... bne r14, r0, .gfx_reply_busy
00015F60  10 0D E8 00 E8 00 00 00... load.l  r1, 232(r29)
00015F68  01 15 00 00 01 00 00 00... move.l  r2, #MAPF_READ
00015F70  EB 01 00 00 04 00 00 00... syscall #SYS_MAP_SHARED
00015F78  10 EE F8 00 00 00 00 00... load.q  r29, (sp)
00015F80  42 06 10 00 70 02 00 00... bne r2, r0, .gfx_reply_bad_format
00015F88  11 0F E8 00 B8 00 00 00... store.q r1, 184(r29)
00015F90  10 75 E8 00 E8 00 00 00... load.l  r14, 232(r29)
00015F98  11 75 E8 00 B4 00 00 00... store.l r14, 180(r29)
00015FA0  11 05 E8 00 C0 00 00 00... store.l r0, 192(r29)
00015FA8  10 77 E8 00 D8 00 00 00... load.q  r14, 216(r29)
00015FB0  01 7E 70 00 00 00 00 00... move.q  r15, r14
00015FB8  35 7F 78 00 30 00 00 00... lsr     r15, r15, #48
00015FC0  30 7F 78 00 FF FF 00 00... and     r15, r15, #0xFFFF
00015FC8  11 7D E8 00 F0 00 00 00... store.l r15, 240(r29)
00015FD0  01 7E 70 00 00 00 00 00... move.q  r15, r14
00015FD8  35 7F 78 00 20 00 00 00... lsr     r15, r15, #32
00015FE0  30 7F 78 00 FF FF 00 00... and     r15, r15, #0xFFFF
00015FE8  11 7D E8 00 F4 00 00 00... store.l r15, 244(r29)
00015FF0  01 7E 70 00 00 00 00 00... move.q  r15, r14
00015FF8  35 7F 78 00 10 00 00 00... lsr     r15, r15, #16
00016000  30 7F 78 00 FF FF 00 00... and     r15, r15, #0xFFFF
00016008  11 7D E8 00 F8 00 00 00... store.l r15, 248(r29)
00016010  01 7E 70 00 00 00 00 00... move.q  r15, r14
00016018  30 7F 78 00 FF FF 00 00... and     r15, r15, #0xFFFF
00016020  11 7D E8 00 FC 00 00 00... store.l r15, 252(r29)
00016028  01 71 00 00 01 00 00 00... move.b  r14, #1
00016030  11 71 E8 00 B0 00 00 00... store.b r14, 176(r29)
00016038  01 15 00 00 00 00 00 00... move.l  r2, #GFX_ERR_OK
00016040  01 1D 00 00 01 00 00 00... move.l  r3, #1
00016048  01 26 00 00 00 00 00 00... move.q  r4, r0
00016050  40 06 00 00 E8 03 00 00... bra     .gfx_reply
                         .gfx_h_unreg_surf:
00016058  10 77 E8 00 D0 00 00 00... load.q  r14, 208(r29)
00016060  01 E5 00 00 01 00 00 00... move.l  r28, #1
00016068  42 06 70 E0 48 01 00 00... bne     r14, r28, .gfx_reply_bad_handle
00016070  10 71 E8 00 B0 00 00 00... load.b  r14, 176(r29)
00016078  41 06 70 00 50 00 00 00... beq r14, r0, .gfx_unreg_skip_free
00016080  10 75 E8 00 FC 00 00 00... load.l  r14, 252(r29)
00016088  10 7D E8 00 F4 00 00 00... load.l  r15, 244(r29)
00016090  22 76 70 78 00 00 00 00... mulu    r14, r14, r15
00016098  10 0F E8 00 B8 00 00 00... load.q  r1, 184(r29)
000160A0  01 16 70 00 00 00 00 00... move.q  r2, r14
000160A8  EB 01 00 00 02 00 00 00... syscall #SYS_FREE_MEM
000160B0  10 EE F8 00 00 00 00 00... load.q  r29, (sp)
000160B8  11 07 E8 00 B8 00 00 00... store.q r0, 184(r29)
000160C0  11 05 E8 00 B4 00 00 00... store.l r0, 180(r29)
                         .gfx_unreg_skip_free:
000160C8  11 01 E8 00 B0 00 00 00... store.b r0, 176(r29)
000160D0  01 15 00 00 00 00 00 00... move.l  r2, #GFX_ERR_OK
000160D8  01 1E 00 00 00 00 00 00... move.q  r3, r0
000160E0  01 26 00 00 00 00 00 00... move.q  r4, r0
000160E8  40 06 00 00 50 03 00 00... bra     .gfx_reply
                         .gfx_h_present:
000160F0  10 77 E8 00 D0 00 00 00... load.q  r14, 208(r29)
000160F8  01 E5 00 00 01 00 00 00... move.l  r28, #1
00016100  42 06 70 E0 B0 00 00 00... bne     r14, r28, .gfx_reply_bad_handle
00016108  10 71 E8 00 B0 00 00 00... load.b  r14, 176(r29)
00016110  41 06 70 00 A0 00 00 00... beq r14, r0, .gfx_reply_bad_handle
00016118  10 8D E8 00 FC 00 00 00... load.l  r17, 252(r29)
00016120  10 95 E8 00 F4 00 00 00... load.l  r18, 244(r29)
00016128  22 86 88 90 00 00 00 00... mulu    r16, r17, r18
00016130  10 77 E8 00 B8 00 00 00... load.q  r14, 184(r29)
00016138  10 7F E8 00 A0 00 00 00... load.q  r15, 160(r29)
                         .gfx_present_copy:
00016140  41 06 80 00 38 00 00 00... beq r16, r0, .gfx_present_done
00016148  10 8E 70 00 00 00 00 00... load.q  r17, (r14)
00016150  11 8E 78 00 00 00 00 00... store.q r17, (r15)
00016158  20 77 70 00 08 00 00 00... add     r14, r14, #8
00016160  20 7F 78 00 08 00 00 00... add     r15, r15, #8
00016168  21 87 80 00 08 00 00 00... sub     r16, r16, #8
00016170  40 06 00 00 D0 FF FF FF... bra     .gfx_present_copy
                         .gfx_present_done:
00016178  10 75 E8 00 C0 00 00 00... load.l  r14, 192(r29)
00016180  20 77 70 00 01 00 00 00... add     r14, r14, #1
00016188  11 75 E8 00 C0 00 00 00... store.l r14, 192(r29)
00016190  01 15 00 00 00 00 00 00... move.l  r2, #GFX_ERR_OK
00016198  01 1E 70 00 00 00 00 00... move.q  r3, r14
000161A0  01 26 00 00 00 00 00 00... move.q  r4, r0
000161A8  40 06 00 00 90 02 00 00... bra     .gfx_reply
                         .gfx_reply_bad_handle:
000161B0  01 15 00 00 03 00 00 00... move.l  r2, #GFX_ERR_BAD_HANDLE
000161B8  01 1E 00 00 00 00 00 00... move.q  r3, r0
000161C0  01 26 00 00 00 00 00 00... move.q  r4, r0
000161C8  40 06 00 00 70 02 00 00... bra     .gfx_reply
                         .gfx_reply_bad_mode:
000161D0  01 15 00 00 02 00 00 00... move.l  r2, #GFX_ERR_BAD_MODE
000161D8  01 1E 00 00 00 00 00 00... move.q  r3, r0
000161E0  01 26 00 00 00 00 00 00... move.q  r4, r0
000161E8  40 06 00 00 50 02 00 00... bra     .gfx_reply
                         .gfx_reply_bad_format:
000161F0  01 15 00 00 04 00 00 00... move.l  r2, #GFX_ERR_BAD_FORMAT
000161F8  01 1E 00 00 00 00 00 00... move.q  r3, r0
00016200  01 26 00 00 00 00 00 00... move.q  r4, r0
00016208  40 06 00 00 30 02 00 00... bra     .gfx_reply
                         .gfx_reply_busy:
00016210  01 15 00 00 01 00 00 00... move.l  r2, #GFX_ERR_BUSY
00016218  01 1E 00 00 00 00 00 00... move.q  r3, r0
00016220  01 26 00 00 00 00 00 00... move.q  r4, r0
00016228  40 06 00 00 10 02 00 00... bra     .gfx_reply
                         .gfx_h_expunge:
00016230  10 71 E8 00 A8 00 00 00... load.b  r14, 168(r29)
00016238  42 06 70 00 50 00 00 00... bne r14, r0, .gfx_expunge_refuse
00016240  10 71 E8 00 B0 00 00 00... load.b  r14, 176(r29)
00016248  42 06 70 00 40 00 00 00... bne r14, r0, .gfx_expunge_refuse
00016250  01 0D 00 00 01 00 00 00... move.l  r1, #1
00016258  10 17 E8 00 D0 00 00 00... load.q  r2, 208(r29)
00016260  10 1F E8 00 D8 00 00 00... load.q  r3, 216(r29)
00016268  EB 01 00 00 31 00 00 00... syscall #SYS_M16_EXPUNGE_RESULT
00016270  10 EE F8 00 00 00 00 00... load.q  r29, (sp)
00016278  42 06 10 00 C8 F9 FF FF... bne r2, r0, .gfx_main
00016280  EB 01 00 00 22 00 00 00... syscall #SYS_EXIT_TASK
                         .gfx_expunge_refuse:
00016288  01 0E 00 00 00 00 00 00... move.q  r1, r0
00016290  10 17 E8 00 D0 00 00 00... load.q  r2, 208(r29)
00016298  10 1F E8 00 D8 00 00 00... load.q  r3, 216(r29)
000162A0  EB 01 00 00 31 00 00 00... syscall #SYS_M16_EXPUNGE_RESULT
000162A8  10 EE F8 00 00 00 00 00... load.q  r29, (sp)
000162B0  40 06 00 00 90 F9 FF FF... bra     .gfx_main
                         .gfx_h_get_iosm:
000162B8  10 77 E8 00 E8 00 00 00... load.q  r14, 232(r29)
000162C0  41 06 70 00 20 01 00 00... beq r14, r0, .gfx_get_iosm_badarg
000162C8  01 CE 70 00 00 00 00 00... move.q  r25, r14
000162D0  10 D7 E8 00 E0 00 00 00... load.q  r26, 224(r29)
000162D8  01 0E C8 00 00 00 00 00... move.q  r1, r25
000162E0  01 15 00 00 02 00 00 00... move.l  r2, #MAPF_WRITE
000162E8  EB 01 00 00 04 00 00 00... syscall #SYS_MAP_SHARED
000162F0  10 EE F8 00 00 00 00 00... load.q  r29, (sp)
000162F8  42 06 10 00 20 01 00 00... bne r2, r0, .gfx_get_iosm_maperr
00016300  01 BE 08 00 00 00 00 00... move.q  r23, r1
00016308  01 C6 08 00 00 00 00 00... move.q  r24, r1
00016310  01 E5 00 00 01 00 00 00... move.l  r28, #1
00016318  42 06 18 E0 A0 00 00 00... bne     r3, r28, .gfx_get_iosm_badarg_free
00016320  20 77 E8 00 30 01 00 00... add     r14, r29, #(prog_gfxlib_iosm - prog_gfxlib_data)
00016328  01 7D 00 00 10 00 00 00... move.l  r15, #(IOSM_SIZE / 8)
                         .gfx_get_iosm_copy:
00016330  10 86 70 00 00 00 00 00... load.q  r16, (r14)
00016338  11 86 C0 00 00 00 00 00... store.q r16, (r24)
00016340  20 77 70 00 08 00 00 00... add     r14, r14, #8
00016348  20 C7 C0 00 08 00 00 00... add     r24, r24, #8
00016350  21 7F 78 00 01 00 00 00... sub     r15, r15, #1
00016358  42 06 78 00 D8 FF FF FF... bne r15, r0, .gfx_get_iosm_copy
00016360  01 0E B8 00 00 00 00 00... move.q  r1, r23
00016368  01 15 00 00 80 00 00 00... move.l  r2, #IOSM_SIZE
00016370  EB 01 00 00 02 00 00 00... syscall #SYS_FREE_MEM
00016378  10 EE F8 00 00 00 00 00... load.q  r29, (sp)
00016380  01 0E D0 00 00 00 00 00... move.q  r1, r26
00016388  01 16 00 00 00 00 00 00... move.q  r2, r0
00016390  01 1E 00 00 00 00 00 00... move.q  r3, r0
00016398  01 26 00 00 00 00 00 00... move.q  r4, r0
000163A0  01 2E 00 00 00 00 00 00... move.q  r5, r0
000163A8  EB 01 00 00 14 00 00 00... syscall #SYS_REPLY_MSG
000163B0  40 06 00 00 90 F8 FF FF... bra     .gfx_main
                         .gfx_get_iosm_badarg_free:
000163B8  01 0E B8 00 00 00 00 00... move.q  r1, r23
000163C0  01 16 18 00 00 00 00 00... move.q  r2, r3
000163C8  34 17 10 00 0C 00 00 00... lsl     r2, r2, #12
000163D0  EB 01 00 00 02 00 00 00... syscall #SYS_FREE_MEM
000163D8  10 EE F8 00 00 00 00 00... load.q  r29, (sp)
                         .gfx_get_iosm_badarg:
000163E0  10 0F E8 00 E0 00 00 00... load.q  r1, 224(r29)
000163E8  01 15 00 00 03 00 00 00... move.l  r2, #ERR_BADARG
000163F0  01 1E 00 00 00 00 00 00... move.q  r3, r0
000163F8  01 26 00 00 00 00 00 00... move.q  r4, r0
00016400  01 2E 00 00 00 00 00 00... move.q  r5, r0
00016408  EB 01 00 00 14 00 00 00... syscall #SYS_REPLY_MSG
00016410  40 06 00 00 30 F8 FF FF... bra     .gfx_main
                         .gfx_get_iosm_maperr:
00016418  10 0F E8 00 E0 00 00 00... load.q  r1, 224(r29)
00016420  01 2E 00 00 00 00 00 00... move.q  r5, r0
00016428  EB 01 00 00 14 00 00 00... syscall #SYS_REPLY_MSG
00016430  40 06 00 00 10 F8 FF FF... bra     .gfx_main
                         .gfx_reply:
00016438  10 0F E8 00 E0 00 00 00... load.q  r1, 224(r29)
00016440  01 2E 00 00 00 00 00 00... move.q  r5, r0
00016448  EB 01 00 00 14 00 00 00... syscall #SYS_REPLY_MSG
00016450  40 06 00 00 F0 F7 FF FF... bra     .gfx_main
                         .gfx_halt:
00016458  EB 01 00 00 1A 00 00 00... syscall #SYS_YIELD
00016460  40 06 00 00 F8 FF FF FF... bra     .gfx_halt
                         prog_gfxlib_code_end:
                         prog_gfxlib_data:
00016468  63 6F 6E 73 6F 6C 65 2E... dc.b    "console.handler", 0
00016478  67 72 61 70 68 69 63 73... dc.b    "graphics.library", 0
                         ds.b    15  ; 15 bytes reserved
00016498  67 72 61 70 68 69 63 73... dc.b    "graphics.library M11 [Task ", 0
                         ds.b    4  ; 4 bytes reserved
                         ds.b    48  ; 48 bytes reserved
                         ds.b    8  ; 8 bytes reserved
                         ds.b    8  ; 8 bytes reserved
                         ds.b    8  ; 8 bytes reserved
                         ds.b    8  ; 8 bytes reserved
                         ds.b    8  ; 8 bytes reserved
                         ds.b    8  ; 8 bytes reserved
                         ds.b    4  ; 4 bytes reserved
                         ds.b    4  ; 4 bytes reserved
                         ds.b    8  ; 8 bytes reserved
                         ds.b    8  ; 8 bytes reserved
                         ds.b    8  ; 8 bytes reserved
                         ds.b    8  ; 8 bytes reserved
                         ds.b    8  ; 8 bytes reserved
                         ds.b    8  ; 8 bytes reserved
                         ds.b    8  ; 8 bytes reserved
                         ds.b    4  ; 4 bytes reserved
                         ds.b    4  ; 4 bytes reserved
                         ds.b    4  ; 4 bytes reserved
                         ds.b    4  ; 4 bytes reserved
00016568  68 61 72 64 77 61 72 65... dc.b    "hardware.resource", 0
                         ds.b    14  ; 14 bytes reserved
                         ds.b    8  ; 8 bytes reserved
                         ds.b    8  ; 8 bytes reserved
                         prog_graphics_library_iosm:
                         prog_gfxlib_iosm:
00016598  49 4F 53 4D              dc.l    IOSM_MAGIC
0001659C  01 00 00 00              dc.l    IOSM_SCHEMA_VERSION
000165A0  01                       dc.b    IOSM_KIND_LIBRARY
000165A1  00                       dc.b    0
000165A2  0B 00                    dc.w    11
000165A4  00 00                    dc.w    0
000165A6  00 00                    dc.w    0
000165A8  67 72 61 70 68 69 63 73... dc.b    "graphics.library", 0
                         ds.b    IOSM_NAME_SIZE - 17  ; 15 bytes reserved
000165C8  06 00 00 00              dc.l    MODF_COMPAT_PORT | MODF_ASLR_CAPABLE
000165CC  00 00 00 00              dc.l    0
000165D0  32 30 32 36 2D 30 34 2D... dc.b    "2026-04-25", 0
                         ds.b    IOSM_BUILD_DATE_SIZE - 11  ; 5 bytes reserved
000165E0  43 6F 70 79 72 69 67 68... dc.b    0x43, 0x6F, 0x70, 0x79, 0x72, 0x69, 0x67, 0x68, 0x74, 0x20, 0xA9, 0x20, 0x32, 0x30, 0x32, 0x36, 0x20, 0x5A, 0x61, 0x79, 0x6E, 0x20, 0x4F, 0x74, 0x6C, 0x65, 0x79, 0
                         ds.b    IOSM_COPYRIGHT_SIZE - 28  ; 20 bytes reserved
                         ds.b    8  ; 8 bytes reserved
                         prog_gfxlib_data_end:
                         prog_gfxlib_end:
                         prog_gfxdemo:
00016618  00 00 00 00 00 00 00 00... dc.l    0, 0
00016620  08 0A 00 00              dc.l    prog_gfxdemo_code_end - prog_gfxdemo_code
00016624  C7 01 00 00              dc.l    prog_gfxdemo_data_end - prog_gfxdemo_data
00016628  00 00 00 00              dc.l    0
                         ds.b    12  ; 12 bytes reserved
                         prog_gfxdemo_code:
00016638  21 FF F8 00 10 00 00 00... sub     sp, sp, #16
                         .gd_preamble:
00016640  10 F6 F8 00 00 00 00 00... load.q  r30, (sp)
00016648  10 EF F8 00 08 00 00 00... load.q  r29, 8(sp)
00016650  11 EE F8 00 00 00 00 00... store.q r29, (sp)
00016658  10 0D F0 00 08 00 00 00... load.l  r1, TASKSB_TASK_ID(r30)
00016660  11 0F E8 00 80 00 00 00... store.q r1, 128(r29)
00016668  01 0D 00 00 10 00 00 00... move.l  r1, #16
00016670  EB 01 00 00 0B 00 00 00... syscall #SYS_ALLOC_SIGNAL
00016678  10 EE F8 00 00 00 00 00... load.q  r29, (sp)
00016680  42 06 10 00 B8 09 00 00... bne r2, r0, .gd_halt
00016688  11 0F E8 00 F0 00 00 00... store.q r1, 240(r29)
                         .gd_open_gfx_retry:
00016690  10 EE F8 00 00 00 00 00... load.q  r29, (sp)
00016698  01 75 00 00 FF FF FF FF... move.l  r14, #0xFFFFFFFF
000166A0  11 75 E8 00 F8 00 00 00... store.l r14, 248(r29)
000166A8  11 05 E8 00 FC 00 00 00... store.l r0, 252(r29)
000166B0  11 05 E8 00 00 01 00 00... store.l r0, 256(r29)
000166B8  11 05 E8 00 04 01 00 00... store.l r0, 260(r29)
000166C0  20 0F E8 00 10 00 00 00... add     r1, r29, #16
000166C8  01 16 00 00 00 00 00 00... move.q  r2, r0
000166D0  10 1F E8 00 F0 00 00 00... load.q  r3, 240(r29)
000166D8  20 27 E8 00 F8 00 00 00... add     r4, r29, #248
000166E0  EB 01 00 00 2D 00 00 00... syscall #SYS_OPEN_LIBRARY_EX
000166E8  10 EE F8 00 00 00 00 00... load.q  r29, (sp)
000166F0  41 06 10 00 88 00 00 00... beq r2, r0, .gd_find_gfx
000166F8  01 75 00 00 06 00 00 00... move.l  r14, #ERR_AGAIN
00016700  42 06 10 70 E8 00 00 00... bne     r2, r14, .gd_open_gfx_yield
00016708  10 75 E8 00 F8 00 00 00... load.l  r14, 248(r29)
00016710  01 7D 00 00 FF FF FF FF... move.l  r15, #0xFFFFFFFF
00016718  42 06 70 78 50 00 00 00... bne     r14, r15, .gd_open_gfx_done
00016720  10 77 E8 00 F0 00 00 00... load.q  r14, 240(r29)
00016728  01 0F 00 00 01 00 00 00... move.q  r1, #1
00016730  34 0E 08 70 00 00 00 00... lsl     r1, r1, r14
00016738  EB 01 00 00 0E 00 00 00... syscall #SYS_WAIT
00016740  10 EE F8 00 00 00 00 00... load.q  r29, (sp)
00016748  42 06 10 00 A0 00 00 00... bne r2, r0, .gd_open_gfx_yield
00016750  10 75 E8 00 F8 00 00 00... load.l  r14, 248(r29)
00016758  01 7D 00 00 FF FF FF FF... move.l  r15, #0xFFFFFFFF
00016760  41 06 70 78 88 00 00 00... beq     r14, r15, .gd_open_gfx_yield
                         .gd_open_gfx_done:
00016768  11 0F E8 00 E8 00 00 00... store.q r1, 232(r29)
00016770  42 06 70 00 78 00 00 00... bne r14, r0, .gd_open_gfx_yield
                         .gd_find_gfx:
00016778  10 EE F8 00 00 00 00 00... load.q  r29, (sp)
00016780  20 0F E8 00 10 00 00 00... add     r1, r29, #16
00016788  01 15 00 00 00 00 00 00... move.l  r2, #0
00016790  EB 01 00 00 10 00 00 00... syscall #SYS_FIND_PORT
00016798  10 EE F8 00 00 00 00 00... load.q  r29, (sp)
000167A0  42 06 10 00 48 00 00 00... bne r2, r0, .gd_open_gfx_yield
                         .gd_gfx_ok:
000167A8  11 0F E8 00 88 00 00 00... store.q r1, 136(r29)
000167B0  10 77 E8 00 F0 00 00 00... load.q  r14, 240(r29)
000167B8  41 06 70 00 28 00 00 00... beq r14, r0, .gd_open_gfx_sigfree_done
000167C0  01 0E 70 00 00 00 00 00... move.q  r1, r14
000167C8  EB 01 00 00 0C 00 00 00... syscall #SYS_FREE_SIGNAL
000167D0  10 EE F8 00 00 00 00 00... load.q  r29, (sp)
000167D8  11 07 E8 00 F0 00 00 00... store.q r0, 240(r29)
                         .gd_open_gfx_sigfree_done:
000167E0  40 06 00 00 18 00 00 00... bra     .gd_open_in
                         .gd_open_gfx_yield:
000167E8  EB 01 00 00 1A 00 00 00... syscall #SYS_YIELD
000167F0  40 06 00 00 A0 FE FF FF... bra     .gd_open_gfx_retry
                         .gd_open_in:
000167F8  10 EE F8 00 00 00 00 00... load.q  r29, (sp)
00016800  20 0F E8 00 30 00 00 00... add     r1, r29, #48
00016808  01 15 00 00 00 00 00 00... move.l  r2, #0
00016810  EB 01 00 00 10 00 00 00... syscall #SYS_FIND_PORT
00016818  10 EE F8 00 00 00 00 00... load.q  r29, (sp)
00016820  41 06 10 00 18 00 00 00... beq r2, r0, .gd_in_ok
00016828  EB 01 00 00 1A 00 00 00... syscall #SYS_YIELD
00016830  40 06 00 00 C8 FF FF FF... bra     .gd_open_in
                         .gd_in_ok:
00016838  11 0F E8 00 90 00 00 00... store.q r1, 144(r29)
00016840  01 0D 00 00 00 A4 1F 00... move.l  r1, #2073600
00016848  01 15 00 00 01 00 01 00... move.l  r2, #0x10001
00016850  EB 01 00 00 01 00 00 00... syscall #SYS_ALLOC_MEM
00016858  10 EE F8 00 00 00 00 00... load.q  r29, (sp)
00016860  42 06 10 00 D8 07 00 00... bne r2, r0, .gd_halt
00016868  11 0F E8 00 98 00 00 00... store.q r1, 152(r29)
00016870  11 1D E8 00 A0 00 00 00... store.l r3, 160(r29)
00016878  01 0E 00 00 00 00 00 00... move.q  r1, r0
00016880  01 15 00 00 00 00 00 00... move.l  r2, #0
00016888  EB 01 00 00 0F 00 00 00... syscall #SYS_CREATE_PORT
00016890  10 EE F8 00 00 00 00 00... load.q  r29, (sp)
00016898  42 06 10 00 A0 07 00 00... bne r2, r0, .gd_halt
000168A0  11 0F E8 00 A8 00 00 00... store.q r1, 168(r29)
000168A8  01 0E 00 00 00 00 00 00... move.q  r1, r0
000168B0  01 15 00 00 00 00 00 00... move.l  r2, #0
000168B8  EB 01 00 00 0F 00 00 00... syscall #SYS_CREATE_PORT
000168C0  10 EE F8 00 00 00 00 00... load.q  r29, (sp)
000168C8  42 06 10 00 70 07 00 00... bne r2, r0, .gd_halt
000168D0  11 0F E8 00 B0 00 00 00... store.q r1, 176(r29)
000168D8  10 0F E8 00 88 00 00 00... load.q  r1, 136(r29)
000168E0  01 15 00 00 04 02 00 00... move.l  r2, #GFX_OPEN_DISPLAY
000168E8  01 1E 00 00 00 00 00 00... move.q  r3, r0
000168F0  01 26 00 00 00 00 00 00... move.q  r4, r0
000168F8  10 2F E8 00 A8 00 00 00... load.q  r5, 168(r29)
00016900  01 36 00 00 00 00 00 00... move.q  r6, r0
00016908  EB 01 00 00 11 00 00 00... syscall #SYS_PUT_MSG
00016910  10 EE F8 00 00 00 00 00... load.q  r29, (sp)
00016918  42 06 10 00 20 07 00 00... bne r2, r0, .gd_halt
00016920  10 0F E8 00 A8 00 00 00... load.q  r1, 168(r29)
00016928  EB 01 00 00 13 00 00 00... syscall #SYS_WAIT_PORT
00016930  10 EE F8 00 00 00 00 00... load.q  r29, (sp)
00016938  42 06 18 00 00 07 00 00... bne r3, r0, .gd_halt
00016940  42 06 08 00 F8 06 00 00... bne r1, r0, .gd_halt
00016948  11 17 E8 00 B8 00 00 00... store.q r2, 184(r29)
00016950  10 0F E8 00 88 00 00 00... load.q  r1, 136(r29)
00016958  01 15 00 00 06 02 00 00... move.l  r2, #GFX_REGISTER_SURFACE
00016960  10 1F E8 00 B8 00 00 00... load.q  r3, 184(r29)
00016968  01 27 00 00 C0 03 00 00... move.q  r4, #960
00016970  34 27 20 00 30 00 00 00... lsl     r4, r4, #48
00016978  01 77 00 00 1C 02 00 00... move.q  r14, #540
00016980  34 77 70 00 20 00 00 00... lsl     r14, r14, #32
00016988  31 26 20 70 00 00 00 00... or      r4, r4, r14
00016990  01 77 00 00 01 00 00 00... move.q  r14, #1
00016998  34 77 70 00 10 00 00 00... lsl     r14, r14, #16
000169A0  31 26 20 70 00 00 00 00... or      r4, r4, r14
000169A8  31 27 20 00 00 0F 00 00... or      r4, r4, #3840
000169B0  10 2F E8 00 A8 00 00 00... load.q  r5, 168(r29)
000169B8  10 35 E8 00 A0 00 00 00... load.l  r6, 160(r29)
000169C0  EB 01 00 00 11 00 00 00... syscall #SYS_PUT_MSG
000169C8  10 EE F8 00 00 00 00 00... load.q  r29, (sp)
000169D0  42 06 10 00 68 06 00 00... bne r2, r0, .gd_halt
000169D8  10 0F E8 00 A8 00 00 00... load.q  r1, 168(r29)
000169E0  EB 01 00 00 13 00 00 00... syscall #SYS_WAIT_PORT
000169E8  10 EE F8 00 00 00 00 00... load.q  r29, (sp)
000169F0  42 06 18 00 48 06 00 00... bne r3, r0, .gd_halt
000169F8  42 06 08 00 40 06 00 00... bne r1, r0, .gd_halt
00016A00  11 17 E8 00 C0 00 00 00... store.q r2, 192(r29)
00016A08  10 0F E8 00 90 00 00 00... load.q  r1, 144(r29)
00016A10  01 15 00 00 00 01 00 00... move.l  r2, #INPUT_OPEN
00016A18  10 1F E8 00 B0 00 00 00... load.q  r3, 176(r29)
00016A20  01 26 00 00 00 00 00 00... move.q  r4, r0
00016A28  10 2F E8 00 A8 00 00 00... load.q  r5, 168(r29)
00016A30  01 36 00 00 00 00 00 00... move.q  r6, r0
00016A38  EB 01 00 00 11 00 00 00... syscall #SYS_PUT_MSG
00016A40  10 EE F8 00 00 00 00 00... load.q  r29, (sp)
00016A48  42 06 10 00 F0 05 00 00... bne r2, r0, .gd_halt
00016A50  10 0F E8 00 A8 00 00 00... load.q  r1, 168(r29)
00016A58  EB 01 00 00 13 00 00 00... syscall #SYS_WAIT_PORT
00016A60  10 EE F8 00 00 00 00 00... load.q  r29, (sp)
00016A68  42 06 18 00 D0 05 00 00... bne r3, r0, .gd_halt
00016A70  42 06 08 00 C8 05 00 00... bne r1, r0, .gd_halt
00016A78  01 75 00 00 64 00 00 00... move.l  r14, #100
00016A80  11 75 E8 00 D0 00 00 00... store.l r14, 208(r29)
00016A88  01 75 00 00 50 00 00 00... move.l  r14, #80
00016A90  11 75 E8 00 D4 00 00 00... store.l r14, 212(r29)
00016A98  01 75 00 00 04 00 00 00... move.l  r14, #4
00016AA0  11 75 E8 00 D8 00 00 00... store.l r14, 216(r29)
00016AA8  01 75 00 00 03 00 00 00... move.l  r14, #3
00016AB0  11 75 E8 00 DC 00 00 00... store.l r14, 220(r29)
00016AB8  01 75 00 00 E0 01 00 00... move.l  r14, #480
00016AC0  11 75 E8 00 E0 00 00 00... store.l r14, 224(r29)
00016AC8  01 75 00 00 0E 01 00 00... move.l  r14, #270
00016AD0  11 75 E8 00 E4 00 00 00... store.l r14, 228(r29)
                         .gd_frame:
00016AD8  10 EE F8 00 00 00 00 00... load.q  r29, (sp)
00016AE0  10 77 E8 00 98 00 00 00... load.q  r14, 152(r29)
00016AE8  01 7D 00 00 00 A4 1F 00... move.l  r15, #2073600
00016AF0  01 85 00 00 20 20 60 FF... move.l  r16, #0xFF602020
                         .gd_fill_bg:
00016AF8  41 06 78 00 28 00 00 00... beq r15, r0, .gd_fill_bg_done
00016B00  11 84 70 00 00 00 00 00... store.l r16, (r14)
00016B08  20 77 70 00 04 00 00 00... add     r14, r14, #4
00016B10  21 7F 78 00 04 00 00 00... sub     r15, r15, #4
00016B18  40 06 00 00 E0 FF FF FF... bra     .gd_fill_bg
                         .gd_fill_bg_done:
00016B20  10 77 E8 00 98 00 00 00... load.q  r14, 152(r29)
00016B28  10 7D E8 00 D0 00 00 00... load.l  r15, 208(r29)
00016B30  10 85 E8 00 D4 00 00 00... load.l  r16, 212(r29)
00016B38  01 8D 00 00 FF FF FF FF... move.l  r17, #0xFFFFFFFF
00016B40  01 95 00 00 00 0F 00 00... move.l  r18, #3840
00016B48  22 9E 80 90 00 00 00 00... mulu    r19, r16, r18
00016B50  34 A7 78 00 02 00 00 00... lsl     r20, r15, #2
00016B58  20 9E 98 A0 00 00 00 00... add     r19, r19, r20
00016B60  20 9E 98 70 00 00 00 00... add     r19, r19, r14
00016B68  01 A5 00 00 20 00 00 00... move.l  r20, #32
                         .gd_rect_row:
00016B70  41 06 A0 00 58 00 00 00... beq r20, r0, .gd_rect_done
00016B78  01 B6 98 00 00 00 00 00... move.q  r22, r19
00016B80  01 AD 00 00 20 00 00 00... move.l  r21, #32
                         .gd_rect_col:
00016B88  41 06 A8 00 28 00 00 00... beq r21, r0, .gd_rect_row_done
00016B90  11 8C B0 00 00 00 00 00... store.l r17, (r22)
00016B98  20 B7 B0 00 04 00 00 00... add     r22, r22, #4
00016BA0  21 AF A8 00 01 00 00 00... sub     r21, r21, #1
00016BA8  40 06 00 00 E0 FF FF FF... bra     .gd_rect_col
                         .gd_rect_row_done:
00016BB0  20 9F 98 00 00 0F 00 00... add     r19, r19, #3840
00016BB8  21 A7 A0 00 01 00 00 00... sub     r20, r20, #1
00016BC0  40 06 00 00 B0 FF FF FF... bra     .gd_rect_row
                         .gd_rect_done:
00016BC8  10 77 E8 00 98 00 00 00... load.q  r14, 152(r29)
00016BD0  10 7D E8 00 E0 00 00 00... load.l  r15, 224(r29)
00016BD8  10 85 E8 00 E4 00 00 00... load.l  r16, 228(r29)
00016BE0  01 E5 00 00 B0 03 00 00... move.l  r28, #944
00016BE8  46 06 78 E0 10 00 00 00... ble     r15, r28, .gd_mp_x_ok
00016BF0  01 7D 00 00 B0 03 00 00... move.l  r15, #944
                         .gd_mp_x_ok:
00016BF8  44 06 78 00 10 00 00 00... bge r15, r0, .gd_mp_x_pos
00016C00  01 7D 00 00 00 00 00 00... move.l  r15, #0
                         .gd_mp_x_pos:
00016C08  01 E5 00 00 0C 02 00 00... move.l  r28, #524
00016C10  46 06 80 E0 10 00 00 00... ble     r16, r28, .gd_mp_y_ok
00016C18  01 85 00 00 0C 02 00 00... move.l  r16, #524
                         .gd_mp_y_ok:
00016C20  44 06 80 00 10 00 00 00... bge r16, r0, .gd_mp_y_pos
00016C28  01 85 00 00 00 00 00 00... move.l  r16, #0
                         .gd_mp_y_pos:
00016C30  01 8D 00 00 00 FF 00 FF... move.l  r17, #0xFF00FF00
00016C38  01 95 00 00 00 0F 00 00... move.l  r18, #3840
00016C40  22 9E 80 90 00 00 00 00... mulu    r19, r16, r18
00016C48  34 A7 78 00 02 00 00 00... lsl     r20, r15, #2
00016C50  20 9E 98 A0 00 00 00 00... add     r19, r19, r20
00016C58  20 9E 98 70 00 00 00 00... add     r19, r19, r14
00016C60  01 A5 00 00 10 00 00 00... move.l  r20, #16
                         .gd_mp_row:
00016C68  41 06 A0 00 58 00 00 00... beq r20, r0, .gd_mp_done
00016C70  01 B6 98 00 00 00 00 00... move.q  r22, r19
00016C78  01 AD 00 00 10 00 00 00... move.l  r21, #16
                         .gd_mp_col:
00016C80  41 06 A8 00 28 00 00 00... beq r21, r0, .gd_mp_row_done
00016C88  11 8C B0 00 00 00 00 00... store.l r17, (r22)
00016C90  20 B7 B0 00 04 00 00 00... add     r22, r22, #4
00016C98  21 AF A8 00 01 00 00 00... sub     r21, r21, #1
00016CA0  40 06 00 00 E0 FF FF FF... bra     .gd_mp_col
                         .gd_mp_row_done:
00016CA8  20 9F 98 00 00 0F 00 00... add     r19, r19, #3840
00016CB0  21 A7 A0 00 01 00 00 00... sub     r20, r20, #1
00016CB8  40 06 00 00 B0 FF FF FF... bra     .gd_mp_row
                         .gd_mp_done:
00016CC0  10 0F E8 00 88 00 00 00... load.q  r1, 136(r29)
00016CC8  01 15 00 00 08 02 00 00... move.l  r2, #GFX_PRESENT
00016CD0  10 1F E8 00 C0 00 00 00... load.q  r3, 192(r29)
00016CD8  01 26 00 00 00 00 00 00... move.q  r4, r0
00016CE0  10 2F E8 00 A8 00 00 00... load.q  r5, 168(r29)
00016CE8  01 36 00 00 00 00 00 00... move.q  r6, r0
00016CF0  EB 01 00 00 11 00 00 00... syscall #SYS_PUT_MSG
00016CF8  10 EE F8 00 00 00 00 00... load.q  r29, (sp)
00016D00  10 0F E8 00 A8 00 00 00... load.q  r1, 168(r29)
00016D08  EB 01 00 00 13 00 00 00... syscall #SYS_WAIT_PORT
00016D10  10 EE F8 00 00 00 00 00... load.q  r29, (sp)
00016D18  01 75 00 00 01 00 00 00... move.l  r14, #1
00016D20  11 75 E8 00 C8 00 00 00... store.l r14, 200(r29)
00016D28  10 75 E8 00 D0 00 00 00... load.l  r14, 208(r29)
00016D30  10 7D E8 00 D8 00 00 00... load.l  r15, 216(r29)
00016D38  20 76 70 78 00 00 00 00... add     r14, r14, r15
00016D40  01 E5 00 00 A0 03 00 00... move.l  r28, #928
00016D48  46 06 70 E0 20 00 00 00... ble     r14, r28, .gd_x_low_check
00016D50  01 75 00 00 A0 03 00 00... move.l  r14, #928
00016D58  21 7E 00 78 00 00 00 00... sub     r15, r0, r15
00016D60  40 06 00 00 20 00 00 00... bra     .gd_x_save
                         .gd_x_low_check:
00016D68  44 06 70 00 18 00 00 00... bge r14, r0, .gd_x_save
00016D70  01 75 00 00 00 00 00 00... move.l  r14, #0
00016D78  21 7E 00 78 00 00 00 00... sub     r15, r0, r15
                         .gd_x_save:
00016D80  11 75 E8 00 D0 00 00 00... store.l r14, 208(r29)
00016D88  11 7D E8 00 D8 00 00 00... store.l r15, 216(r29)
00016D90  10 75 E8 00 D4 00 00 00... load.l  r14, 212(r29)
00016D98  10 7D E8 00 DC 00 00 00... load.l  r15, 220(r29)
00016DA0  20 76 70 78 00 00 00 00... add     r14, r14, r15
00016DA8  01 E5 00 00 FC 01 00 00... move.l  r28, #508
00016DB0  46 06 70 E0 20 00 00 00... ble     r14, r28, .gd_y_low_check
00016DB8  01 75 00 00 FC 01 00 00... move.l  r14, #508
00016DC0  21 7E 00 78 00 00 00 00... sub     r15, r0, r15
00016DC8  40 06 00 00 20 00 00 00... bra     .gd_y_save
                         .gd_y_low_check:
00016DD0  44 06 70 00 18 00 00 00... bge r14, r0, .gd_y_save
00016DD8  01 75 00 00 00 00 00 00... move.l  r14, #0
00016DE0  21 7E 00 78 00 00 00 00... sub     r15, r0, r15
                         .gd_y_save:
00016DE8  11 75 E8 00 D4 00 00 00... store.l r14, 212(r29)
00016DF0  11 7D E8 00 DC 00 00 00... store.l r15, 220(r29)
                         .gd_drain:
00016DF8  10 EE F8 00 00 00 00 00... load.q  r29, (sp)
00016E00  10 0F E8 00 B0 00 00 00... load.q  r1, 176(r29)
00016E08  EB 01 00 00 12 00 00 00... syscall #SYS_GET_MSG
00016E10  10 EE F8 00 00 00 00 00... load.q  r29, (sp)
00016E18  42 06 18 00 D0 00 00 00... bne r3, r0, .gd_drain_done
00016E20  01 E5 00 00 02 01 00 00... move.l  r28, #INPUT_EVENT
00016E28  42 06 08 E0 D0 FF FF FF... bne     r1, r28, .gd_drain
00016E30  01 76 10 00 00 00 00 00... move.q  r14, r2
00016E38  35 77 70 00 18 00 00 00... lsr     r14, r14, #24
00016E40  30 77 70 00 FF 00 00 00... and     r14, r14, #0xFF
00016E48  01 E5 00 00 01 00 00 00... move.l  r28, #IE_KEY_DOWN
00016E50  41 06 70 E0 20 00 00 00... beq     r14, r28, .gd_handle_key
00016E58  01 E5 00 00 03 00 00 00... move.l  r28, #IE_MOUSE_MOVE
00016E60  41 06 70 E0 40 00 00 00... beq     r14, r28, .gd_handle_move
00016E68  40 06 00 00 90 FF FF FF... bra     .gd_drain
                         .gd_handle_key:
00016E70  01 76 10 00 00 00 00 00... move.q  r14, r2
00016E78  35 77 70 00 10 00 00 00... lsr     r14, r14, #16
00016E80  30 77 70 00 FF 00 00 00... and     r14, r14, #0xFF
00016E88  01 E5 00 00 01 00 00 00... move.l  r28, #1
00016E90  41 06 70 E0 70 00 00 00... beq     r14, r28, .gd_exit
00016E98  40 06 00 00 60 FF FF FF... bra     .gd_drain
                         .gd_handle_move:
00016EA0  01 76 20 00 00 00 00 00... move.q  r14, r4
00016EA8  35 77 70 00 30 00 00 00... lsr     r14, r14, #48
00016EB0  30 77 70 00 FF FF 00 00... and     r14, r14, #0xFFFF
00016EB8  11 75 E8 00 E0 00 00 00... store.l r14, 224(r29)
00016EC0  01 76 20 00 00 00 00 00... move.q  r14, r4
00016EC8  35 77 70 00 20 00 00 00... lsr     r14, r14, #32
00016ED0  30 77 70 00 FF FF 00 00... and     r14, r14, #0xFFFF
00016ED8  11 75 E8 00 E4 00 00 00... store.l r14, 228(r29)
00016EE0  40 06 00 00 18 FF FF FF... bra     .gd_drain
                         .gd_drain_done:
00016EE8  EB 01 00 00 1A 00 00 00... syscall #SYS_YIELD
00016EF0  10 EE F8 00 00 00 00 00... load.q  r29, (sp)
00016EF8  40 06 00 00 E0 FB FF FF... bra     .gd_frame
                         .gd_exit:
00016F00  10 0F E8 00 90 00 00 00... load.q  r1, 144(r29)
00016F08  01 15 00 00 01 01 00 00... move.l  r2, #INPUT_CLOSE
00016F10  01 1E 00 00 00 00 00 00... move.q  r3, r0
00016F18  01 26 00 00 00 00 00 00... move.q  r4, r0
00016F20  10 2F E8 00 A8 00 00 00... load.q  r5, 168(r29)
00016F28  01 36 00 00 00 00 00 00... move.q  r6, r0
00016F30  EB 01 00 00 11 00 00 00... syscall #SYS_PUT_MSG
00016F38  10 EE F8 00 00 00 00 00... load.q  r29, (sp)
00016F40  10 0F E8 00 A8 00 00 00... load.q  r1, 168(r29)
00016F48  EB 01 00 00 13 00 00 00... syscall #SYS_WAIT_PORT
00016F50  10 EE F8 00 00 00 00 00... load.q  r29, (sp)
00016F58  10 0F E8 00 88 00 00 00... load.q  r1, 136(r29)
00016F60  01 15 00 00 07 02 00 00... move.l  r2, #GFX_UNREGISTER_SURFACE
00016F68  10 1F E8 00 C0 00 00 00... load.q  r3, 192(r29)
00016F70  01 26 00 00 00 00 00 00... move.q  r4, r0
00016F78  10 2F E8 00 A8 00 00 00... load.q  r5, 168(r29)
00016F80  01 36 00 00 00 00 00 00... move.q  r6, r0
00016F88  EB 01 00 00 11 00 00 00... syscall #SYS_PUT_MSG
00016F90  10 EE F8 00 00 00 00 00... load.q  r29, (sp)
00016F98  10 0F E8 00 A8 00 00 00... load.q  r1, 168(r29)
00016FA0  EB 01 00 00 13 00 00 00... syscall #SYS_WAIT_PORT
00016FA8  10 EE F8 00 00 00 00 00... load.q  r29, (sp)
00016FB0  10 0F E8 00 88 00 00 00... load.q  r1, 136(r29)
00016FB8  01 15 00 00 05 02 00 00... move.l  r2, #GFX_CLOSE_DISPLAY
00016FC0  10 1F E8 00 B8 00 00 00... load.q  r3, 184(r29)
00016FC8  01 26 00 00 00 00 00 00... move.q  r4, r0
00016FD0  10 2F E8 00 A8 00 00 00... load.q  r5, 168(r29)
00016FD8  01 36 00 00 00 00 00 00... move.q  r6, r0
00016FE0  EB 01 00 00 11 00 00 00... syscall #SYS_PUT_MSG
00016FE8  10 EE F8 00 00 00 00 00... load.q  r29, (sp)
00016FF0  10 0F E8 00 A8 00 00 00... load.q  r1, 168(r29)
00016FF8  EB 01 00 00 13 00 00 00... syscall #SYS_WAIT_PORT
                         .gd_cleanup_exit:
00017000  10 0F E8 00 E8 00 00 00... load.q  r1, 232(r29)
00017008  41 06 08 00 20 00 00 00... beq r1, r0, .gd_exit_task
00017010  EB 01 00 00 2B 00 00 00... syscall #SYS_CLOSE_LIBRARY
00017018  10 EE F8 00 00 00 00 00... load.q  r29, (sp)
00017020  11 07 E8 00 E8 00 00 00... store.q r0, 232(r29)
                         .gd_exit_task:
00017028  01 0E 00 00 00 00 00 00... move.q  r1, r0
00017030  EB 01 00 00 22 00 00 00... syscall #SYS_EXIT_TASK
                         .gd_halt:
00017038  40 06 00 00 C8 FF FF FF... bra     .gd_cleanup_exit
                         prog_gfxdemo_code_end:
                         prog_gfxdemo_data:
00017040  63 6F 6E 73 6F 6C 65 2E... dc.b    "console.handler", 0
00017050  67 72 61 70 68 69 63 73... dc.b    "graphics.library", 0
                         ds.b    15  ; 15 bytes reserved
00017070  69 6E 70 75 74 2E 64 65... dc.b    "input.device", 0
                         ds.b    19  ; 19 bytes reserved
00017090  47 66 78 44 65 6D 6F 20... dc.b    "GfxDemo M11", 0
                         ds.b    36  ; 36 bytes reserved
                         ds.b    64  ; 64 bytes reserved
                         ds.b    8  ; 8 bytes reserved
                         ds.b    8  ; 8 bytes reserved
                         ds.b    8  ; 8 bytes reserved
                         ds.b    8  ; 8 bytes reserved
                         ds.b    8  ; 8 bytes reserved
                         ds.b    8  ; 8 bytes reserved
                         ds.b    8  ; 8 bytes reserved
                         ds.b    8  ; 8 bytes reserved
                         ds.b    8  ; 8 bytes reserved
                         ds.b    8  ; 8 bytes reserved
                         ds.b    4  ; 4 bytes reserved
                         ds.b    4  ; 4 bytes reserved
                         ds.b    4  ; 4 bytes reserved
                         ds.b    4  ; 4 bytes reserved
                         ds.b    4  ; 4 bytes reserved
                         ds.b    4  ; 4 bytes reserved
                         ds.b    8  ; 8 bytes reserved
                         ds.b    8  ; 8 bytes reserved
                         ds.b    16  ; 16 bytes reserved
                         prog_gfxdemo_iosm:
00017188  49 4F 53 4D              dc.l    IOSM_MAGIC
0001718C  01 00 00 00              dc.l    IOSM_SCHEMA_VERSION
00017190  05                       dc.b    IOSM_KIND_COMMAND
00017191  00                       dc.b    0
00017192  01 00                    dc.w    1
00017194  00 00                    dc.w    0
00017196  01 00                    dc.w    1
00017198  47 66 78 44 65 6D 6F 00... dc.b    "GfxDemo", 0
                         ds.b    IOSM_NAME_SIZE - 9  ; 23 bytes reserved
000171B7  04 00 00 00              dc.l    MODF_ASLR_CAPABLE
000171BB  00 00 00 00              dc.l    0
000171BF  32 30 32 36 2D 30 34 2D... dc.b    "2026-04-25", 0
                         ds.b    IOSM_BUILD_DATE_SIZE - 11  ; 5 bytes reserved
000171CF  43 6F 70 79 72 69 67 68... dc.b    0x43, 0x6F, 0x70, 0x79, 0x72, 0x69, 0x67, 0x68, 0x74, 0x20, 0xA9, 0x20, 0x32, 0x30, 0x32, 0x36, 0x20, 0x5A, 0x61, 0x79, 0x6E, 0x20, 0x4F, 0x74, 0x6C, 0x65, 0x79, 0
                         ds.b    IOSM_COPYRIGHT_SIZE - 28  ; 20 bytes reserved
                         ds.b    8  ; 8 bytes reserved
                         prog_gfxdemo_data_end:
                         align   8  ; 1 bytes padding
                         prog_gfxdemo_end:
                         prog_intuition_library:
                         .libmanifest name="intuition.library", version=12, revision=0, patch=1, type=1, flags=MODF_COMPAT_PORT|MODF_ASLR_CAPABLE, msg_abi=0
00017208  00 00 00 00 00 00 00 00... dc.l    0, 0
00017210  B0 1B 00 00              dc.l    prog_intui_code_end - prog_intui_code
00017214  80 13 00 00              dc.l    prog_intui_data_end - prog_intui_data
00017218  00 00 00 00              dc.l    0
                         ds.b    12  ; 12 bytes reserved
                         prog_intui_code:
00017228  21 FF F8 00 10 00 00 00... sub     sp, sp, #16
00017230  10 F6 F8 00 00 00 00 00... load.q  r30, (sp)
00017238  10 EF F8 00 08 00 00 00... load.q  r29, 8(sp)
00017240  11 EE F8 00 00 00 00 00... store.q r29, (sp)
00017248  10 0D F0 00 08 00 00 00... load.l  r1, TASKSB_TASK_ID(r30)
00017250  11 0F E8 00 80 00 00 00... store.q r1, 128(r29)
00017258  20 0F E8 00 40 01 00 00... add     r1, r29, #320
00017260  01 15 00 00 01 00 00 00... move.l  r2, #PF_PUBLIC
00017268  EB 01 00 00 0F 00 00 00... syscall #SYS_CREATE_PORT
00017270  10 EE F8 00 00 00 00 00... load.q  r29, (sp)
00017278  42 06 10 00 00 19 00 00... bne r2, r0, .intui_halt
00017280  11 0F E8 00 88 00 00 00... store.q r1, 136(r29)
00017288  20 0F E8 00 40 01 00 00... add     r1, r29, #320
00017290  01 15 00 00 0C 00 00 00... move.l  r2, #12
00017298  01 1D 00 00 00 00 00 00... move.l  r3, #0
000172A0  10 27 E8 00 88 00 00 00... load.q  r4, 136(r29)
000172A8  EB 01 00 00 2C 00 00 00... syscall #SYS_ADD_LIBRARY
000172B0  10 EE F8 00 00 00 00 00... load.q  r29, (sp)
000172B8  41 06 10 00 20 00 00 00... beq r2, r0, .intui_addlib_done
000172C0  01 0D 00 00 05 00 00 00... move.l  r1, #ERR_PERM
000172C8  41 06 10 08 C0 18 00 00... beq     r2, r1, .intui_exit
000172D0  40 06 00 00 A8 18 00 00... bra     .intui_halt
                         .intui_addlib_done:
000172D8  01 0E 00 00 00 00 00 00... move.q  r1, r0
000172E0  01 15 00 00 00 00 00 00... move.l  r2, #0
000172E8  EB 01 00 00 0F 00 00 00... syscall #SYS_CREATE_PORT
000172F0  10 EE F8 00 00 00 00 00... load.q  r29, (sp)
000172F8  42 06 10 00 80 18 00 00... bne r2, r0, .intui_halt
00017300  11 0F E8 00 A0 00 00 00... store.q r1, 160(r29)
00017308  01 0E 00 00 00 00 00 00... move.q  r1, r0
00017310  01 15 00 00 00 00 00 00... move.l  r2, #0
00017318  EB 01 00 00 0F 00 00 00... syscall #SYS_CREATE_PORT
00017320  10 EE F8 00 00 00 00 00... load.q  r29, (sp)
00017328  42 06 10 00 50 18 00 00... bne r2, r0, .intui_halt
00017330  11 0F E8 00 A8 00 00 00... store.q r1, 168(r29)
                         .intui_ban_loop:
                         .intui_ban_id:
                         .intui_main:
00017338  10 EE F8 00 00 00 00 00... load.q  r29, (sp)
00017340  10 0F E8 00 88 00 00 00... load.q  r1, 136(r29)
00017348  EB 01 00 00 12 00 00 00... syscall #SYS_GET_MSG
00017350  42 06 18 00 28 14 00 00... bne r3, r0, .intui_poll_input
00017358  10 EE F8 00 00 00 00 00... load.q  r29, (sp)
00017360  11 0F E8 00 10 01 00 00... store.q r1, 272(r29)
00017368  11 17 E8 00 18 01 00 00... store.q r2, 280(r29)
00017370  11 27 E8 00 20 01 00 00... store.q r4, 288(r29)
00017378  11 2F E8 00 28 01 00 00... store.q r5, 296(r29)
00017380  11 37 E8 00 30 01 00 00... store.q r6, 304(r29)
00017388  01 E5 00 00 20 01 00 00... move.l  r28, #MSG_GET_IOSM
00017390  41 06 08 E0 60 12 00 00... beq     r1, r28, .intui_do_get_iosm
00017398  01 E5 00 00 45 36 31 4D... move.l  r28, #LIB_OP_EXPUNGE
000173A0  41 06 08 E0 C8 11 00 00... beq     r1, r28, .intui_do_expunge
000173A8  01 E5 00 00 00 03 00 00... move.l  r28, #INTUITION_OPEN_WINDOW
000173B0  41 06 08 E0 30 00 00 00... beq     r1, r28, .intui_do_open
000173B8  01 E5 00 00 02 03 00 00... move.l  r28, #INTUITION_DAMAGE
000173C0  41 06 08 E0 20 06 00 00... beq     r1, r28, .intui_do_damage
000173C8  01 E5 00 00 01 03 00 00... move.l  r28, #INTUITION_CLOSE_WINDOW
000173D0  41 06 08 E0 08 0E 00 00... beq     r1, r28, .intui_do_close
000173D8  40 06 00 00 88 10 00 00... bra     .intui_reply_badarg
                         .intui_do_open:
000173E0  10 71 E8 00 D8 00 00 00... load.b  r14, 216(r29)
000173E8  42 06 70 00 40 10 00 00... bne r14, r0, .intui_reply_busy
000173F0  10 77 E8 00 18 01 00 00... load.q  r14, 280(r29)
000173F8  01 7E 70 00 00 00 00 00... move.q  r15, r14
00017400  35 7F 78 00 30 00 00 00... lsr     r15, r15, #48
00017408  30 7F 78 00 FF FF 00 00... and     r15, r15, #0xFFFF
00017410  11 7D E8 00 E8 00 00 00... store.l r15, 232(r29)
00017418  01 7E 70 00 00 00 00 00... move.q  r15, r14
00017420  35 7F 78 00 20 00 00 00... lsr     r15, r15, #32
00017428  30 7F 78 00 FF FF 00 00... and     r15, r15, #0xFFFF
00017430  11 7D E8 00 EC 00 00 00... store.l r15, 236(r29)
00017438  01 7E 70 00 00 00 00 00... move.q  r15, r14
00017440  35 7F 78 00 10 00 00 00... lsr     r15, r15, #16
00017448  30 7F 78 00 FF FF 00 00... and     r15, r15, #0xFFFF
00017450  11 7D E8 00 E0 00 00 00... store.l r15, 224(r29)
00017458  01 7E 70 00 00 00 00 00... move.q  r15, r14
00017460  30 7F 78 00 FF FF 00 00... and     r15, r15, #0xFFFF
00017468  11 7D E8 00 E4 00 00 00... store.l r15, 228(r29)
00017470  10 75 E8 00 E8 00 00 00... load.l  r14, 232(r29)
00017478  41 06 70 00 E8 0F 00 00... beq r14, r0, .intui_reply_badarg
00017480  01 E5 00 00 C0 03 00 00... move.l  r28, #960
00017488  45 06 70 E0 D8 0F 00 00... bgt     r14, r28, .intui_reply_badarg
00017490  10 7D E8 00 E0 00 00 00... load.l  r15, 224(r29)
00017498  20 76 70 78 00 00 00 00... add     r14, r14, r15
000174A0  45 06 70 E0 C0 0F 00 00... bgt     r14, r28, .intui_reply_badarg
000174A8  10 75 E8 00 EC 00 00 00... load.l  r14, 236(r29)
000174B0  41 06 70 00 B0 0F 00 00... beq r14, r0, .intui_reply_badarg
000174B8  01 E5 00 00 1C 02 00 00... move.l  r28, #540
000174C0  45 06 70 E0 A0 0F 00 00... bgt     r14, r28, .intui_reply_badarg
000174C8  10 7D E8 00 E4 00 00 00... load.l  r15, 228(r29)
000174D0  20 76 70 78 00 00 00 00... add     r14, r14, r15
000174D8  45 06 70 E0 88 0F 00 00... bgt     r14, r28, .intui_reply_badarg
000174E0  10 77 E8 00 20 01 00 00... load.q  r14, 288(r29)
000174E8  11 77 E8 00 00 01 00 00... store.q r14, 256(r29)
000174F0  10 71 E8 00 B0 00 00 00... load.b  r14, 176(r29)
000174F8  42 06 70 00 60 04 00 00... bne r14, r0, .intui_skip_display_init
00017500  01 0D 00 00 10 00 00 00... move.l  r1, #16
00017508  EB 01 00 00 0B 00 00 00... syscall #SYS_ALLOC_SIGNAL
00017510  10 EE F8 00 00 00 00 00... load.q  r29, (sp)
00017518  42 06 10 00 18 10 00 00... bne r2, r0, .intui_reply_nomem
00017520  11 0F E8 00 38 01 00 00... store.q r1, 312(r29)
                         .intui_open_gfx_retry:
00017528  10 EE F8 00 00 00 00 00... load.q  r29, (sp)
00017530  01 75 00 00 FF FF FF FF... move.l  r14, #0xFFFFFFFF
00017538  11 74 E8 00 00 00 00 00... store.l r14, 0(r29)
00017540  11 05 E8 00 04 00 00 00... store.l r0, 4(r29)
00017548  11 05 E8 00 08 00 00 00... store.l r0, 8(r29)
00017550  11 05 E8 00 0C 00 00 00... store.l r0, 12(r29)
00017558  20 0F E8 00 60 01 00 00... add     r1, r29, #352
00017560  01 16 00 00 00 00 00 00... move.q  r2, r0
00017568  10 1F E8 00 38 01 00 00... load.q  r3, 312(r29)
00017570  20 27 E8 00 00 00 00 00... add     r4, r29, #0
00017578  EB 01 00 00 2D 00 00 00... syscall #SYS_OPEN_LIBRARY_EX
00017580  10 EE F8 00 00 00 00 00... load.q  r29, (sp)
00017588  41 06 10 00 D0 00 00 00... beq r2, r0, .intui_findgfx
00017590  01 75 00 00 06 00 00 00... move.l  r14, #ERR_AGAIN
00017598  42 06 10 70 78 00 00 00... bne     r2, r14, .intui_open_gfx_fail
000175A0  10 74 E8 00 00 00 00 00... load.l  r14, 0(r29)
000175A8  01 7D 00 00 FF FF FF FF... move.l  r15, #0xFFFFFFFF
000175B0  42 06 70 78 50 00 00 00... bne     r14, r15, .intui_open_gfx_done
000175B8  10 77 E8 00 38 01 00 00... load.q  r14, 312(r29)
000175C0  01 0F 00 00 01 00 00 00... move.q  r1, #1
000175C8  34 0E 08 70 00 00 00 00... lsl     r1, r1, r14
000175D0  EB 01 00 00 0E 00 00 00... syscall #SYS_WAIT
000175D8  10 EE F8 00 00 00 00 00... load.q  r29, (sp)
000175E0  42 06 10 00 68 00 00 00... bne r2, r0, .intui_open_gfx_yield
000175E8  10 74 E8 00 00 00 00 00... load.l  r14, 0(r29)
000175F0  01 7D 00 00 FF FF FF FF... move.l  r15, #0xFFFFFFFF
000175F8  41 06 70 78 50 00 00 00... beq     r14, r15, .intui_open_gfx_yield
                         .intui_open_gfx_done:
00017600  11 0F E8 00 08 01 00 00... store.q r1, 264(r29)
00017608  41 06 70 00 50 00 00 00... beq r14, r0, .intui_findgfx
                         .intui_open_gfx_fail:
00017610  10 77 E8 00 38 01 00 00... load.q  r14, 312(r29)
00017618  41 06 70 00 18 0F 00 00... beq r14, r0, .intui_reply_nomem
00017620  01 0E 70 00 00 00 00 00... move.q  r1, r14
00017628  EB 01 00 00 0C 00 00 00... syscall #SYS_FREE_SIGNAL
00017630  10 EE F8 00 00 00 00 00... load.q  r29, (sp)
00017638  11 07 E8 00 38 01 00 00... store.q r0, 312(r29)
00017640  40 06 00 00 F0 0E 00 00... bra     .intui_reply_nomem
                         .intui_open_gfx_yield:
00017648  EB 01 00 00 1A 00 00 00... syscall #SYS_YIELD
00017650  40 06 00 00 D8 FE FF FF... bra     .intui_open_gfx_retry
                         .intui_findgfx:
00017658  10 EE F8 00 00 00 00 00... load.q  r29, (sp)
00017660  20 0F E8 00 60 01 00 00... add     r1, r29, #352
00017668  01 15 00 00 00 00 00 00... move.l  r2, #0
00017670  EB 01 00 00 10 00 00 00... syscall #SYS_FIND_PORT
00017678  10 EE F8 00 00 00 00 00... load.q  r29, (sp)
00017680  41 06 10 00 18 00 00 00... beq r2, r0, .intui_findgfx_ok
00017688  EB 01 00 00 1A 00 00 00... syscall #SYS_YIELD
00017690  40 06 00 00 C8 FF FF FF... bra     .intui_findgfx
                         .intui_findgfx_ok:
00017698  11 0F E8 00 90 00 00 00... store.q r1, 144(r29)
000176A0  10 77 E8 00 38 01 00 00... load.q  r14, 312(r29)
000176A8  41 06 70 00 28 00 00 00... beq r14, r0, .intui_findgfx_sigfree_done
000176B0  01 0E 70 00 00 00 00 00... move.q  r1, r14
000176B8  EB 01 00 00 0C 00 00 00... syscall #SYS_FREE_SIGNAL
000176C0  10 EE F8 00 00 00 00 00... load.q  r29, (sp)
000176C8  11 07 E8 00 38 01 00 00... store.q r0, 312(r29)
                         .intui_findgfx_sigfree_done:
                         .intui_findin:
000176D0  10 EE F8 00 00 00 00 00... load.q  r29, (sp)
000176D8  20 0F E8 00 80 01 00 00... add     r1, r29, #384
000176E0  01 15 00 00 00 00 00 00... move.l  r2, #0
000176E8  EB 01 00 00 10 00 00 00... syscall #SYS_FIND_PORT
000176F0  10 EE F8 00 00 00 00 00... load.q  r29, (sp)
000176F8  41 06 10 00 18 00 00 00... beq r2, r0, .intui_findin_ok
00017700  EB 01 00 00 1A 00 00 00... syscall #SYS_YIELD
00017708  40 06 00 00 C8 FF FF FF... bra     .intui_findin
                         .intui_findin_ok:
00017710  11 0F E8 00 98 00 00 00... store.q r1, 152(r29)
00017718  01 0D 00 00 00 A4 1F 00... move.l  r1, #2073600
00017720  01 15 00 00 01 00 01 00... move.l  r2, #0x10001
00017728  EB 01 00 00 01 00 00 00... syscall #SYS_ALLOC_MEM
00017730  10 EE F8 00 00 00 00 00... load.q  r29, (sp)
00017738  42 06 10 00 98 0D 00 00... bne r2, r0, .intui_display_init_fail
00017740  11 0F E8 00 C8 00 00 00... store.q r1, 200(r29)
00017748  11 1D E8 00 D0 00 00 00... store.l r3, 208(r29)
00017750  10 77 E8 00 C8 00 00 00... load.q  r14, 200(r29)
00017758  01 7D 00 00 00 A4 1F 00... move.l  r15, #2073600
00017760  01 85 00 00 C8 D0 D4 FF... move.l  r16, #0xFFD4D0C8
                         .intui_screen_bg:
00017768  41 06 78 00 28 00 00 00... beq r15, r0, .intui_screen_bg_done
00017770  11 84 70 00 00 00 00 00... store.l r16, (r14)
00017778  20 77 70 00 04 00 00 00... add     r14, r14, #4
00017780  21 7F 78 00 04 00 00 00... sub     r15, r15, #4
00017788  40 06 00 00 E0 FF FF FF... bra     .intui_screen_bg
                         .intui_screen_bg_done:
00017790  10 0F E8 00 90 00 00 00... load.q  r1, 144(r29)
00017798  01 15 00 00 04 02 00 00... move.l  r2, #GFX_OPEN_DISPLAY
000177A0  01 1E 00 00 00 00 00 00... move.q  r3, r0
000177A8  01 26 00 00 00 00 00 00... move.q  r4, r0
000177B0  10 2F E8 00 A0 00 00 00... load.q  r5, 160(r29)
000177B8  01 36 00 00 00 00 00 00... move.q  r6, r0
000177C0  EB 01 00 00 11 00 00 00... syscall #SYS_PUT_MSG
000177C8  10 EE F8 00 00 00 00 00... load.q  r29, (sp)
000177D0  42 06 10 00 00 0D 00 00... bne r2, r0, .intui_display_init_fail
000177D8  10 0F E8 00 A0 00 00 00... load.q  r1, 160(r29)
000177E0  EB 01 00 00 13 00 00 00... syscall #SYS_WAIT_PORT
000177E8  10 EE F8 00 00 00 00 00... load.q  r29, (sp)
000177F0  42 06 18 00 E0 0C 00 00... bne r3, r0, .intui_display_init_fail
000177F8  42 06 08 00 D8 0C 00 00... bne r1, r0, .intui_display_init_fail
00017800  11 17 E8 00 B8 00 00 00... store.q r2, 184(r29)
00017808  10 0F E8 00 90 00 00 00... load.q  r1, 144(r29)
00017810  01 15 00 00 06 02 00 00... move.l  r2, #GFX_REGISTER_SURFACE
00017818  10 1F E8 00 B8 00 00 00... load.q  r3, 184(r29)
00017820  01 27 00 00 C0 03 00 00... move.q  r4, #960
00017828  34 27 20 00 30 00 00 00... lsl     r4, r4, #48
00017830  01 77 00 00 1C 02 00 00... move.q  r14, #540
00017838  34 77 70 00 20 00 00 00... lsl     r14, r14, #32
00017840  31 26 20 70 00 00 00 00... or      r4, r4, r14
00017848  01 77 00 00 01 00 00 00... move.q  r14, #1
00017850  34 77 70 00 10 00 00 00... lsl     r14, r14, #16
00017858  31 26 20 70 00 00 00 00... or      r4, r4, r14
00017860  31 27 20 00 00 0F 00 00... or      r4, r4, #3840
00017868  10 2F E8 00 A0 00 00 00... load.q  r5, 160(r29)
00017870  10 35 E8 00 D0 00 00 00... load.l  r6, 208(r29)
00017878  EB 01 00 00 11 00 00 00... syscall #SYS_PUT_MSG
00017880  10 EE F8 00 00 00 00 00... load.q  r29, (sp)
00017888  42 06 10 00 48 0C 00 00... bne r2, r0, .intui_display_init_fail
00017890  10 0F E8 00 A0 00 00 00... load.q  r1, 160(r29)
00017898  EB 01 00 00 13 00 00 00... syscall #SYS_WAIT_PORT
000178A0  10 EE F8 00 00 00 00 00... load.q  r29, (sp)
000178A8  42 06 18 00 28 0C 00 00... bne r3, r0, .intui_display_init_fail
000178B0  42 06 08 00 20 0C 00 00... bne r1, r0, .intui_display_init_fail
000178B8  11 17 E8 00 C0 00 00 00... store.q r2, 192(r29)
000178C0  10 0F E8 00 98 00 00 00... load.q  r1, 152(r29)
000178C8  01 15 00 00 00 01 00 00... move.l  r2, #INPUT_OPEN
000178D0  10 1F E8 00 A8 00 00 00... load.q  r3, 168(r29)
000178D8  01 26 00 00 00 00 00 00... move.q  r4, r0
000178E0  10 2F E8 00 A0 00 00 00... load.q  r5, 160(r29)
000178E8  01 36 00 00 00 00 00 00... move.q  r6, r0
000178F0  EB 01 00 00 11 00 00 00... syscall #SYS_PUT_MSG
000178F8  10 EE F8 00 00 00 00 00... load.q  r29, (sp)
00017900  42 06 10 00 D0 0B 00 00... bne r2, r0, .intui_display_init_fail
00017908  10 0F E8 00 A0 00 00 00... load.q  r1, 160(r29)
00017910  EB 01 00 00 13 00 00 00... syscall #SYS_WAIT_PORT
00017918  10 EE F8 00 00 00 00 00... load.q  r29, (sp)
00017920  42 06 18 00 B0 0B 00 00... bne r3, r0, .intui_display_init_fail
00017928  11 01 E8 00 B1 00 00 00... store.b r0, 177(r29)
00017930  42 06 08 00 18 00 00 00... bne r1, r0, .intui_input_done
00017938  01 71 00 00 01 00 00 00... move.b  r14, #1
00017940  11 71 E8 00 B1 00 00 00... store.b r14, 177(r29)
                         .intui_input_done:
00017948  01 71 00 00 01 00 00 00... move.b  r14, #1
00017950  11 71 E8 00 B0 00 00 00... store.b r14, 176(r29)
                         .intui_skip_display_init:
00017958  10 75 E8 00 30 01 00 00... load.l  r14, 304(r29)
00017960  11 75 E8 00 F0 00 00 00... store.l r14, 240(r29)
00017968  01 0E 70 00 00 00 00 00... move.q  r1, r14
00017970  01 15 00 00 01 00 00 00... move.l  r2, #MAPF_READ
00017978  EB 01 00 00 04 00 00 00... syscall #SYS_MAP_SHARED
00017980  10 EE F8 00 00 00 00 00... load.q  r29, (sp)
00017988  42 06 10 00 D8 0A 00 00... bne r2, r0, .intui_reply_badarg
00017990  11 0F E8 00 F8 00 00 00... store.q r1, 248(r29)
00017998  01 71 00 00 01 00 00 00... move.b  r14, #1
000179A0  11 71 E8 00 D8 00 00 00... store.b r14, 216(r29)
000179A8  10 0F E8 00 28 01 00 00... load.q  r1, 296(r29)
000179B0  01 15 00 00 00 00 00 00... move.l  r2, #INTUI_ERR_OK
000179B8  01 1D 00 00 01 00 00 00... move.l  r3, #1
000179C0  01 26 00 00 00 00 00 00... move.q  r4, r0
000179C8  01 2E 00 00 00 00 00 00... move.q  r5, r0
000179D0  EB 01 00 00 14 00 00 00... syscall #SYS_REPLY_MSG
000179D8  40 06 00 00 60 F9 FF FF... bra     .intui_main
                         .intui_do_damage:
000179E0  10 71 E8 00 D8 00 00 00... load.b  r14, 216(r29)
000179E8  41 06 70 00 B0 0A 00 00... beq r14, r0, .intui_reply_badhandle
000179F0  10 77 E8 00 18 01 00 00... load.q  r14, 280(r29)
000179F8  01 E5 00 00 01 00 00 00... move.l  r28, #1
00017A00  42 06 70 E0 98 0A 00 00... bne     r14, r28, .intui_reply_badhandle
00017A08  10 A7 E8 00 F8 00 00 00... load.q  r20, 248(r29)
00017A10  10 AF E8 00 C8 00 00 00... load.q  r21, 200(r29)
00017A18  10 B5 E8 00 E0 00 00 00... load.l  r22, 224(r29)
00017A20  10 BD E8 00 E4 00 00 00... load.l  r23, 228(r29)
00017A28  10 C5 E8 00 E8 00 00 00... load.l  r24, 232(r29)
00017A30  10 CD E8 00 EC 00 00 00... load.l  r25, 236(r29)
00017A38  01 75 00 00 00 0F 00 00... move.l  r14, #3840
00017A40  22 76 B8 70 00 00 00 00... mulu    r14, r23, r14
00017A48  20 AE A8 70 00 00 00 00... add     r21, r21, r14
00017A50  34 77 B0 00 02 00 00 00... lsl     r14, r22, #2
00017A58  20 AE A8 70 00 00 00 00... add     r21, r21, r14
                         .intui_blit_row:
00017A60  41 06 C8 00 80 00 00 00... beq r25, r0, .intui_blit_done
00017A68  01 76 A0 00 00 00 00 00... move.q  r14, r20
00017A70  01 7E A8 00 00 00 00 00... move.q  r15, r21
00017A78  01 84 C0 00 00 00 00 00... move.l  r16, r24
                         .intui_blit_col:
00017A80  41 06 80 00 38 00 00 00... beq r16, r0, .intui_blit_row_done
00017A88  10 8C 70 00 00 00 00 00... load.l  r17, (r14)
00017A90  11 8C 78 00 00 00 00 00... store.l r17, (r15)
00017A98  20 77 70 00 04 00 00 00... add     r14, r14, #4
00017AA0  20 7F 78 00 04 00 00 00... add     r15, r15, #4
00017AA8  21 87 80 00 01 00 00 00... sub     r16, r16, #1
00017AB0  40 06 00 00 D0 FF FF FF... bra     .intui_blit_col
                         .intui_blit_row_done:
00017AB8  34 77 C0 00 02 00 00 00... lsl     r14, r24, #2
00017AC0  20 A6 A0 70 00 00 00 00... add     r20, r20, r14
00017AC8  20 AF A8 00 00 0F 00 00... add     r21, r21, #3840
00017AD0  21 CF C8 00 01 00 00 00... sub     r25, r25, #1
00017AD8  40 06 00 00 88 FF FF FF... bra     .intui_blit_row
                         .intui_blit_done:
00017AE0  10 B5 E8 00 E0 00 00 00... load.l  r22, 224(r29)
00017AE8  10 BD E8 00 E4 00 00 00... load.l  r23, 228(r29)
00017AF0  10 C5 E8 00 E8 00 00 00... load.l  r24, 232(r29)
00017AF8  10 CD E8 00 EC 00 00 00... load.l  r25, 236(r29)
00017B00  01 36 B0 00 00 00 00 00... move.q  r6, r22
00017B08  01 3E B8 00 00 00 00 00... move.q  r7, r23
00017B10  01 46 C0 00 00 00 00 00... move.q  r8, r24
00017B18  01 4D 00 00 01 00 00 00... move.l  r9, #1
00017B20  01 8D 00 00 FF FF FF FF... move.l  r17, #0xFFFFFFFF
00017B28  50 06 00 00 70 10 00 00... jsr     .intui_fillrect
00017B30  01 36 B0 00 00 00 00 00... move.q  r6, r22
00017B38  01 3E B8 00 00 00 00 00... move.q  r7, r23
00017B40  01 45 00 00 01 00 00 00... move.l  r8, #1
00017B48  01 4E C8 00 00 00 00 00... move.q  r9, r25
00017B50  01 8D 00 00 FF FF FF FF... move.l  r17, #0xFFFFFFFF
00017B58  50 06 00 00 40 10 00 00... jsr     .intui_fillrect
00017B60  01 36 B0 00 00 00 00 00... move.q  r6, r22
00017B68  20 3E B8 C8 00 00 00 00... add     r7, r23, r25
00017B70  21 3F 38 00 01 00 00 00... sub     r7, r7, #1
00017B78  01 46 C0 00 00 00 00 00... move.q  r8, r24
00017B80  01 4D 00 00 01 00 00 00... move.l  r9, #1
00017B88  01 8D 00 00 80 80 80 FF... move.l  r17, #0xFF808080
00017B90  50 06 00 00 08 10 00 00... jsr     .intui_fillrect
00017B98  20 36 B0 C0 00 00 00 00... add     r6, r22, r24
00017BA0  21 37 30 00 01 00 00 00... sub     r6, r6, #1
00017BA8  01 3E B8 00 00 00 00 00... move.q  r7, r23
00017BB0  01 45 00 00 01 00 00 00... move.l  r8, #1
00017BB8  01 4E C8 00 00 00 00 00... move.q  r9, r25
00017BC0  01 8D 00 00 80 80 80 FF... move.l  r17, #0xFF808080
00017BC8  50 06 00 00 D0 0F 00 00... jsr     .intui_fillrect
00017BD0  20 37 B0 00 02 00 00 00... add     r6, r22, #2
00017BD8  20 3F B8 00 02 00 00 00... add     r7, r23, #2
00017BE0  21 47 C0 00 04 00 00 00... sub     r8, r24, #4
00017BE8  01 4D 00 00 10 00 00 00... move.l  r9, #16
00017BF0  01 8D 00 00 2C 7A CC FF... move.l  r17, #0xFFCC7A2C
00017BF8  50 06 00 00 A0 0F 00 00... jsr     .intui_fillrect
00017C00  20 37 B0 00 02 00 00 00... add     r6, r22, #2
00017C08  20 3F B8 00 02 00 00 00... add     r7, r23, #2
00017C10  21 47 C0 00 04 00 00 00... sub     r8, r24, #4
00017C18  01 4D 00 00 01 00 00 00... move.l  r9, #1
00017C20  01 8D 00 00 5A A2 E6 FF... move.l  r17, #0xFFE6A25A
00017C28  50 06 00 00 70 0F 00 00... jsr     .intui_fillrect
00017C30  20 37 B0 00 02 00 00 00... add     r6, r22, #2
00017C38  20 3F B8 00 11 00 00 00... add     r7, r23, #17
00017C40  21 47 C0 00 04 00 00 00... sub     r8, r24, #4
00017C48  01 4D 00 00 01 00 00 00... move.l  r9, #1
00017C50  01 8D 00 00 16 4E 9A FF... move.l  r17, #0xFF9A4E16
00017C58  50 06 00 00 40 0F 00 00... jsr     .intui_fillrect
00017C60  20 37 B0 00 02 00 00 00... add     r6, r22, #2
00017C68  20 3F B8 00 02 00 00 00... add     r7, r23, #2
00017C70  01 45 00 00 12 00 00 00... move.l  r8, #18
00017C78  01 4D 00 00 01 00 00 00... move.l  r9, #1
00017C80  01 8D 00 00 FF FF FF FF... move.l  r17, #0xFFFFFFFF
00017C88  50 06 00 00 10 0F 00 00... jsr     .intui_fillrect
00017C90  20 37 B0 00 02 00 00 00... add     r6, r22, #2
00017C98  20 3F B8 00 02 00 00 00... add     r7, r23, #2
00017CA0  01 45 00 00 01 00 00 00... move.l  r8, #1
00017CA8  01 4D 00 00 10 00 00 00... move.l  r9, #16
00017CB0  01 8D 00 00 FF FF FF FF... move.l  r17, #0xFFFFFFFF
00017CB8  50 06 00 00 E0 0E 00 00... jsr     .intui_fillrect
00017CC0  20 37 B0 00 02 00 00 00... add     r6, r22, #2
00017CC8  20 3F B8 00 11 00 00 00... add     r7, r23, #17
00017CD0  01 45 00 00 12 00 00 00... move.l  r8, #18
00017CD8  01 4D 00 00 01 00 00 00... move.l  r9, #1
00017CE0  01 8D 00 00 80 80 80 FF... move.l  r17, #0xFF808080
00017CE8  50 06 00 00 B0 0E 00 00... jsr     .intui_fillrect
00017CF0  20 37 B0 00 13 00 00 00... add     r6, r22, #19
00017CF8  20 3F B8 00 02 00 00 00... add     r7, r23, #2
00017D00  01 45 00 00 01 00 00 00... move.l  r8, #1
00017D08  01 4D 00 00 10 00 00 00... move.l  r9, #16
00017D10  01 8D 00 00 80 80 80 FF... move.l  r17, #0xFF808080
00017D18  50 06 00 00 80 0E 00 00... jsr     .intui_fillrect
00017D20  20 37 B0 00 03 00 00 00... add     r6, r22, #3
00017D28  20 3F B8 00 03 00 00 00... add     r7, r23, #3
00017D30  01 45 00 00 10 00 00 00... move.l  r8, #16
00017D38  01 4D 00 00 0E 00 00 00... move.l  r9, #14
00017D40  01 8D 00 00 C8 D0 D4 FF... move.l  r17, #0xFFD4D0C8
00017D48  50 06 00 00 50 0E 00 00... jsr     .intui_fillrect
00017D50  20 37 B0 00 06 00 00 00... add     r6, r22, #6
00017D58  20 3F B8 00 07 00 00 00... add     r7, r23, #7
00017D60  01 45 00 00 06 00 00 00... move.l  r8, #6
00017D68  01 4D 00 00 06 00 00 00... move.l  r9, #6
00017D70  01 8D 00 00 00 00 00 FF... move.l  r17, #0xFF000000
00017D78  50 06 00 00 20 0E 00 00... jsr     .intui_fillrect
00017D80  20 36 B0 C0 00 00 00 00... add     r6, r22, r24
00017D88  21 37 30 00 14 00 00 00... sub     r6, r6, #20
00017D90  20 3F B8 00 02 00 00 00... add     r7, r23, #2
00017D98  01 45 00 00 12 00 00 00... move.l  r8, #18
00017DA0  01 4D 00 00 01 00 00 00... move.l  r9, #1
00017DA8  01 8D 00 00 FF FF FF FF... move.l  r17, #0xFFFFFFFF
00017DB0  50 06 00 00 E8 0D 00 00... jsr     .intui_fillrect
00017DB8  20 36 B0 C0 00 00 00 00... add     r6, r22, r24
00017DC0  21 37 30 00 14 00 00 00... sub     r6, r6, #20
00017DC8  20 3F B8 00 02 00 00 00... add     r7, r23, #2
00017DD0  01 45 00 00 01 00 00 00... move.l  r8, #1
00017DD8  01 4D 00 00 10 00 00 00... move.l  r9, #16
00017DE0  01 8D 00 00 FF FF FF FF... move.l  r17, #0xFFFFFFFF
00017DE8  50 06 00 00 B0 0D 00 00... jsr     .intui_fillrect
00017DF0  20 36 B0 C0 00 00 00 00... add     r6, r22, r24
00017DF8  21 37 30 00 14 00 00 00... sub     r6, r6, #20
00017E00  20 3F B8 00 11 00 00 00... add     r7, r23, #17
00017E08  01 45 00 00 12 00 00 00... move.l  r8, #18
00017E10  01 4D 00 00 01 00 00 00... move.l  r9, #1
00017E18  01 8D 00 00 80 80 80 FF... move.l  r17, #0xFF808080
00017E20  50 06 00 00 78 0D 00 00... jsr     .intui_fillrect
00017E28  20 36 B0 C0 00 00 00 00... add     r6, r22, r24
00017E30  21 37 30 00 03 00 00 00... sub     r6, r6, #3
00017E38  20 3F B8 00 02 00 00 00... add     r7, r23, #2
00017E40  01 45 00 00 01 00 00 00... move.l  r8, #1
00017E48  01 4D 00 00 10 00 00 00... move.l  r9, #16
00017E50  01 8D 00 00 80 80 80 FF... move.l  r17, #0xFF808080
00017E58  50 06 00 00 40 0D 00 00... jsr     .intui_fillrect
00017E60  20 36 B0 C0 00 00 00 00... add     r6, r22, r24
00017E68  21 37 30 00 13 00 00 00... sub     r6, r6, #19
00017E70  20 3F B8 00 03 00 00 00... add     r7, r23, #3
00017E78  01 45 00 00 10 00 00 00... move.l  r8, #16
00017E80  01 4D 00 00 0E 00 00 00... move.l  r9, #14
00017E88  01 8D 00 00 C8 D0 D4 FF... move.l  r17, #0xFFD4D0C8
00017E90  50 06 00 00 08 0D 00 00... jsr     .intui_fillrect
00017E98  20 36 B0 C0 00 00 00 00... add     r6, r22, r24
00017EA0  21 37 30 00 10 00 00 00... sub     r6, r6, #16
00017EA8  20 3F B8 00 07 00 00 00... add     r7, r23, #7
00017EB0  01 45 00 00 07 00 00 00... move.l  r8, #7
00017EB8  01 4D 00 00 01 00 00 00... move.l  r9, #1
00017EC0  01 8D 00 00 00 00 00 FF... move.l  r17, #0xFF000000
00017EC8  50 06 00 00 D0 0C 00 00... jsr     .intui_fillrect
00017ED0  20 36 B0 C0 00 00 00 00... add     r6, r22, r24
00017ED8  21 37 30 00 10 00 00 00... sub     r6, r6, #16
00017EE0  20 3F B8 00 0B 00 00 00... add     r7, r23, #11
00017EE8  01 45 00 00 07 00 00 00... move.l  r8, #7
00017EF0  01 4D 00 00 01 00 00 00... move.l  r9, #1
00017EF8  01 8D 00 00 00 00 00 FF... move.l  r17, #0xFF000000
00017F00  50 06 00 00 98 0C 00 00... jsr     .intui_fillrect
00017F08  20 36 B0 C0 00 00 00 00... add     r6, r22, r24
00017F10  21 37 30 00 10 00 00 00... sub     r6, r6, #16
00017F18  20 3F B8 00 07 00 00 00... add     r7, r23, #7
00017F20  01 45 00 00 01 00 00 00... move.l  r8, #1
00017F28  01 4D 00 00 05 00 00 00... move.l  r9, #5
00017F30  01 8D 00 00 00 00 00 FF... move.l  r17, #0xFF000000
00017F38  50 06 00 00 60 0C 00 00... jsr     .intui_fillrect
00017F40  20 36 B0 C0 00 00 00 00... add     r6, r22, r24
00017F48  21 37 30 00 0A 00 00 00... sub     r6, r6, #10
00017F50  20 3F B8 00 07 00 00 00... add     r7, r23, #7
00017F58  01 45 00 00 01 00 00 00... move.l  r8, #1
00017F60  01 4D 00 00 05 00 00 00... move.l  r9, #5
00017F68  01 8D 00 00 00 00 00 FF... move.l  r17, #0xFF000000
00017F70  50 06 00 00 28 0C 00 00... jsr     .intui_fillrect
00017F78  20 36 B0 C0 00 00 00 00... add     r6, r22, r24
00017F80  21 37 30 00 0D 00 00 00... sub     r6, r6, #13
00017F88  20 3F B8 00 05 00 00 00... add     r7, r23, #5
00017F90  01 45 00 00 07 00 00 00... move.l  r8, #7
00017F98  01 4D 00 00 01 00 00 00... move.l  r9, #1
00017FA0  01 8D 00 00 00 00 00 FF... move.l  r17, #0xFF000000
00017FA8  50 06 00 00 F0 0B 00 00... jsr     .intui_fillrect
00017FB0  20 36 B0 C0 00 00 00 00... add     r6, r22, r24
00017FB8  21 37 30 00 0D 00 00 00... sub     r6, r6, #13
00017FC0  20 3F B8 00 09 00 00 00... add     r7, r23, #9
00017FC8  01 45 00 00 07 00 00 00... move.l  r8, #7
00017FD0  01 4D 00 00 01 00 00 00... move.l  r9, #1
00017FD8  01 8D 00 00 00 00 00 FF... move.l  r17, #0xFF000000
00017FE0  50 06 00 00 B8 0B 00 00... jsr     .intui_fillrect
00017FE8  20 36 B0 C0 00 00 00 00... add     r6, r22, r24
00017FF0  21 37 30 00 0D 00 00 00... sub     r6, r6, #13
00017FF8  20 3F B8 00 05 00 00 00... add     r7, r23, #5
00018000  01 45 00 00 01 00 00 00... move.l  r8, #1
00018008  01 4D 00 00 05 00 00 00... move.l  r9, #5
00018010  01 8D 00 00 00 00 00 FF... move.l  r17, #0xFF000000
00018018  50 06 00 00 80 0B 00 00... jsr     .intui_fillrect
00018020  20 36 B0 C0 00 00 00 00... add     r6, r22, r24
00018028  21 37 30 00 07 00 00 00... sub     r6, r6, #7
00018030  20 3F B8 00 05 00 00 00... add     r7, r23, #5
00018038  01 45 00 00 01 00 00 00... move.l  r8, #1
00018040  01 4D 00 00 05 00 00 00... move.l  r9, #5
00018048  01 8D 00 00 00 00 00 FF... move.l  r17, #0xFF000000
00018050  50 06 00 00 48 0B 00 00... jsr     .intui_fillrect
00018058  20 57 B0 00 18 00 00 00... add     r10, r22, #24
00018060  20 5F B8 00 04 00 00 00... add     r11, r23, #4
00018068  20 67 E8 00 CC 01 00 00... add     r12, r29, #460
00018070  50 06 00 00 D0 0C 00 00... jsr     .intui_draw_string
00018078  20 37 B0 00 08 00 00 00... add     r6, r22, #8
00018080  20 3F B8 00 18 00 00 00... add     r7, r23, #24
00018088  21 47 C0 00 10 00 00 00... sub     r8, r24, #16
00018090  01 4D 00 00 01 00 00 00... move.l  r9, #1
00018098  01 8D 00 00 80 80 80 FF... move.l  r17, #0xFF808080
000180A0  50 06 00 00 F8 0A 00 00... jsr     .intui_fillrect
000180A8  20 37 B0 00 08 00 00 00... add     r6, r22, #8
000180B0  20 3F B8 00 18 00 00 00... add     r7, r23, #24
000180B8  01 45 00 00 01 00 00 00... move.l  r8, #1
000180C0  21 4F C8 00 20 00 00 00... sub     r9, r25, #32
000180C8  01 8D 00 00 80 80 80 FF... move.l  r17, #0xFF808080
000180D0  50 06 00 00 C8 0A 00 00... jsr     .intui_fillrect
000180D8  20 37 B0 00 08 00 00 00... add     r6, r22, #8
000180E0  20 3E B8 C8 00 00 00 00... add     r7, r23, r25
000180E8  21 3F 38 00 09 00 00 00... sub     r7, r7, #9
000180F0  21 47 C0 00 10 00 00 00... sub     r8, r24, #16
000180F8  01 4D 00 00 01 00 00 00... move.l  r9, #1
00018100  01 8D 00 00 FF FF FF FF... move.l  r17, #0xFFFFFFFF
00018108  50 06 00 00 90 0A 00 00... jsr     .intui_fillrect
00018110  20 36 B0 C0 00 00 00 00... add     r6, r22, r24
00018118  21 37 30 00 09 00 00 00... sub     r6, r6, #9
00018120  20 3F B8 00 18 00 00 00... add     r7, r23, #24
00018128  01 45 00 00 01 00 00 00... move.l  r8, #1
00018130  21 4F C8 00 20 00 00 00... sub     r9, r25, #32
00018138  01 8D 00 00 FF FF FF FF... move.l  r17, #0xFFFFFFFF
00018140  50 06 00 00 58 0A 00 00... jsr     .intui_fillrect
                         .intui_cg_done:
00018148  10 0F E8 00 90 00 00 00... load.q  r1, 144(r29)
00018150  01 15 00 00 08 02 00 00... move.l  r2, #GFX_PRESENT
00018158  10 1F E8 00 C0 00 00 00... load.q  r3, 192(r29)
00018160  01 26 00 00 00 00 00 00... move.q  r4, r0
00018168  10 2F E8 00 A0 00 00 00... load.q  r5, 160(r29)
00018170  01 36 00 00 00 00 00 00... move.q  r6, r0
00018178  EB 01 00 00 11 00 00 00... syscall #SYS_PUT_MSG
00018180  10 EE F8 00 00 00 00 00... load.q  r29, (sp)
00018188  10 0F E8 00 A0 00 00 00... load.q  r1, 160(r29)
00018190  EB 01 00 00 13 00 00 00... syscall #SYS_WAIT_PORT
00018198  10 EE F8 00 00 00 00 00... load.q  r29, (sp)
000181A0  10 0F E8 00 28 01 00 00... load.q  r1, 296(r29)
000181A8  01 15 00 00 00 00 00 00... move.l  r2, #INTUI_ERR_OK
000181B0  01 1E 00 00 00 00 00 00... move.q  r3, r0
000181B8  01 26 00 00 00 00 00 00... move.q  r4, r0
000181C0  01 2E 00 00 00 00 00 00... move.q  r5, r0
000181C8  EB 01 00 00 14 00 00 00... syscall #SYS_REPLY_MSG
000181D0  40 06 00 00 68 F1 FF FF... bra     .intui_main
                         .intui_do_close:
000181D8  10 71 E8 00 D8 00 00 00... load.b  r14, 216(r29)
000181E0  41 06 70 00 B8 02 00 00... beq r14, r0, .intui_reply_badhandle
000181E8  10 77 E8 00 18 01 00 00... load.q  r14, 280(r29)
000181F0  01 E5 00 00 01 00 00 00... move.l  r28, #1
000181F8  42 06 70 E0 A0 02 00 00... bne     r14, r28, .intui_reply_badhandle
00018200  11 01 E8 00 D8 00 00 00... store.b r0, 216(r29)
00018208  11 07 E8 00 00 01 00 00... store.q r0, 256(r29)
00018210  10 75 E8 00 E8 00 00 00... load.l  r14, 232(r29)
00018218  10 7D E8 00 EC 00 00 00... load.l  r15, 236(r29)
00018220  22 76 70 78 00 00 00 00... mulu    r14, r14, r15
00018228  34 77 70 00 02 00 00 00... lsl     r14, r14, #2
00018230  10 0F E8 00 F8 00 00 00... load.q  r1, 248(r29)
00018238  01 16 70 00 00 00 00 00... move.q  r2, r14
00018240  EB 01 00 00 02 00 00 00... syscall #SYS_FREE_MEM
00018248  10 EE F8 00 00 00 00 00... load.q  r29, (sp)
00018250  11 07 E8 00 F8 00 00 00... store.q r0, 248(r29)
00018258  11 07 E8 00 F0 00 00 00... store.q r0, 240(r29)
00018260  10 71 E8 00 B1 00 00 00... load.b  r14, 177(r29)
00018268  41 06 70 00 68 00 00 00... beq r14, r0, .intui_close_skip_input
00018270  10 0F E8 00 98 00 00 00... load.q  r1, 152(r29)
00018278  01 15 00 00 01 01 00 00... move.l  r2, #INPUT_CLOSE
00018280  01 1E 00 00 00 00 00 00... move.q  r3, r0
00018288  01 26 00 00 00 00 00 00... move.q  r4, r0
00018290  10 2F E8 00 A0 00 00 00... load.q  r5, 160(r29)
00018298  01 36 00 00 00 00 00 00... move.q  r6, r0
000182A0  EB 01 00 00 11 00 00 00... syscall #SYS_PUT_MSG
000182A8  10 EE F8 00 00 00 00 00... load.q  r29, (sp)
000182B0  10 0F E8 00 A0 00 00 00... load.q  r1, 160(r29)
000182B8  EB 01 00 00 13 00 00 00... syscall #SYS_WAIT_PORT
000182C0  10 EE F8 00 00 00 00 00... load.q  r29, (sp)
000182C8  11 01 E8 00 B1 00 00 00... store.b r0, 177(r29)
                         .intui_close_skip_input:
000182D0  10 0F E8 00 90 00 00 00... load.q  r1, 144(r29)
000182D8  01 15 00 00 07 02 00 00... move.l  r2, #GFX_UNREGISTER_SURFACE
000182E0  10 1F E8 00 C0 00 00 00... load.q  r3, 192(r29)
000182E8  01 26 00 00 00 00 00 00... move.q  r4, r0
000182F0  10 2F E8 00 A0 00 00 00... load.q  r5, 160(r29)
000182F8  01 36 00 00 00 00 00 00... move.q  r6, r0
00018300  EB 01 00 00 11 00 00 00... syscall #SYS_PUT_MSG
00018308  10 EE F8 00 00 00 00 00... load.q  r29, (sp)
00018310  10 0F E8 00 A0 00 00 00... load.q  r1, 160(r29)
00018318  EB 01 00 00 13 00 00 00... syscall #SYS_WAIT_PORT
00018320  10 EE F8 00 00 00 00 00... load.q  r29, (sp)
00018328  10 0F E8 00 90 00 00 00... load.q  r1, 144(r29)
00018330  01 15 00 00 05 02 00 00... move.l  r2, #GFX_CLOSE_DISPLAY
00018338  10 1F E8 00 B8 00 00 00... load.q  r3, 184(r29)
00018340  01 26 00 00 00 00 00 00... move.q  r4, r0
00018348  10 2F E8 00 A0 00 00 00... load.q  r5, 160(r29)
00018350  01 36 00 00 00 00 00 00... move.q  r6, r0
00018358  EB 01 00 00 11 00 00 00... syscall #SYS_PUT_MSG
00018360  10 EE F8 00 00 00 00 00... load.q  r29, (sp)
00018368  10 0F E8 00 A0 00 00 00... load.q  r1, 160(r29)
00018370  EB 01 00 00 13 00 00 00... syscall #SYS_WAIT_PORT
00018378  10 EE F8 00 00 00 00 00... load.q  r29, (sp)
00018380  10 0F E8 00 08 01 00 00... load.q  r1, 264(r29)
00018388  41 06 08 00 20 00 00 00... beq r1, r0, .intui_close_graphics_done
00018390  EB 01 00 00 2B 00 00 00... syscall #SYS_CLOSE_LIBRARY
00018398  10 EE F8 00 00 00 00 00... load.q  r29, (sp)
000183A0  11 07 E8 00 08 01 00 00... store.q r0, 264(r29)
                         .intui_close_graphics_done:
000183A8  10 0F E8 00 C8 00 00 00... load.q  r1, 200(r29)
000183B0  01 15 00 00 00 A4 1F 00... move.l  r2, #2073600
000183B8  EB 01 00 00 02 00 00 00... syscall #SYS_FREE_MEM
000183C0  10 EE F8 00 00 00 00 00... load.q  r29, (sp)
000183C8  11 07 E8 00 C8 00 00 00... store.q r0, 200(r29)
000183D0  11 07 E8 00 D0 00 00 00... store.q r0, 208(r29)
000183D8  11 07 E8 00 B8 00 00 00... store.q r0, 184(r29)
000183E0  11 07 E8 00 C0 00 00 00... store.q r0, 192(r29)
000183E8  11 01 E8 00 B0 00 00 00... store.b r0, 176(r29)
000183F0  10 0F E8 00 28 01 00 00... load.q  r1, 296(r29)
000183F8  01 15 00 00 00 00 00 00... move.l  r2, #INTUI_ERR_OK
00018400  01 1E 00 00 00 00 00 00... move.q  r3, r0
00018408  01 26 00 00 00 00 00 00... move.q  r4, r0
00018410  01 2E 00 00 00 00 00 00... move.q  r5, r0
00018418  EB 01 00 00 14 00 00 00... syscall #SYS_REPLY_MSG
00018420  40 06 00 00 18 EF FF FF... bra     .intui_main
                         .intui_reply_busy:
00018428  10 0F E8 00 28 01 00 00... load.q  r1, 296(r29)
00018430  01 15 00 00 01 00 00 00... move.l  r2, #INTUI_ERR_BUSY
00018438  01 1E 00 00 00 00 00 00... move.q  r3, r0
00018440  01 26 00 00 00 00 00 00... move.q  r4, r0
00018448  01 2E 00 00 00 00 00 00... move.q  r5, r0
00018450  EB 01 00 00 14 00 00 00... syscall #SYS_REPLY_MSG
00018458  40 06 00 00 E0 EE FF FF... bra     .intui_main
                         .intui_reply_badarg:
00018460  10 0F E8 00 28 01 00 00... load.q  r1, 296(r29)
00018468  01 15 00 00 02 00 00 00... move.l  r2, #INTUI_ERR_BADARG
00018470  01 1E 00 00 00 00 00 00... move.q  r3, r0
00018478  01 26 00 00 00 00 00 00... move.q  r4, r0
00018480  01 2E 00 00 00 00 00 00... move.q  r5, r0
00018488  EB 01 00 00 14 00 00 00... syscall #SYS_REPLY_MSG
00018490  40 06 00 00 A8 EE FF FF... bra     .intui_main
                         .intui_reply_badhandle:
00018498  10 0F E8 00 28 01 00 00... load.q  r1, 296(r29)
000184A0  01 15 00 00 03 00 00 00... move.l  r2, #INTUI_ERR_BADHANDLE
000184A8  01 1E 00 00 00 00 00 00... move.q  r3, r0
000184B0  01 26 00 00 00 00 00 00... move.q  r4, r0
000184B8  01 2E 00 00 00 00 00 00... move.q  r5, r0
000184C0  EB 01 00 00 14 00 00 00... syscall #SYS_REPLY_MSG
000184C8  40 06 00 00 70 EE FF FF... bra     .intui_main
                         .intui_display_init_fail:
000184D0  10 77 E8 00 38 01 00 00... load.q  r14, 312(r29)
000184D8  41 06 70 00 58 00 00 00... beq r14, r0, .intui_reply_nomem
000184E0  01 0E 70 00 00 00 00 00... move.q  r1, r14
000184E8  EB 01 00 00 0C 00 00 00... syscall #SYS_FREE_SIGNAL
000184F0  10 EE F8 00 00 00 00 00... load.q  r29, (sp)
000184F8  11 07 E8 00 38 01 00 00... store.q r0, 312(r29)
00018500  10 0F E8 00 08 01 00 00... load.q  r1, 264(r29)
00018508  41 06 08 00 28 00 00 00... beq r1, r0, .intui_reply_nomem
00018510  EB 01 00 00 2B 00 00 00... syscall #SYS_CLOSE_LIBRARY
00018518  10 EE F8 00 00 00 00 00... load.q  r29, (sp)
00018520  11 07 E8 00 08 01 00 00... store.q r0, 264(r29)
00018528  40 06 00 00 08 00 00 00... bra     .intui_reply_nomem
                         .intui_reply_nomem:
00018530  10 0F E8 00 28 01 00 00... load.q  r1, 296(r29)
00018538  01 15 00 00 04 00 00 00... move.l  r2, #INTUI_ERR_NOMEM
00018540  01 1E 00 00 00 00 00 00... move.q  r3, r0
00018548  01 26 00 00 00 00 00 00... move.q  r4, r0
00018550  01 2E 00 00 00 00 00 00... move.q  r5, r0
00018558  EB 01 00 00 14 00 00 00... syscall #SYS_REPLY_MSG
00018560  40 06 00 00 D8 ED FF FF... bra     .intui_main
                         .intui_do_expunge:
00018568  10 71 E8 00 B0 00 00 00... load.b  r14, 176(r29)
00018570  42 06 70 00 50 00 00 00... bne r14, r0, .intui_expunge_refuse
00018578  10 71 E8 00 D8 00 00 00... load.b  r14, 216(r29)
00018580  42 06 70 00 40 00 00 00... bne r14, r0, .intui_expunge_refuse
00018588  01 0D 00 00 01 00 00 00... move.l  r1, #1
00018590  10 17 E8 00 18 01 00 00... load.q  r2, 280(r29)
00018598  10 1F E8 00 20 01 00 00... load.q  r3, 288(r29)
000185A0  EB 01 00 00 31 00 00 00... syscall #SYS_M16_EXPUNGE_RESULT
000185A8  10 EE F8 00 00 00 00 00... load.q  r29, (sp)
000185B0  42 06 10 00 88 ED FF FF... bne r2, r0, .intui_main
000185B8  EB 01 00 00 22 00 00 00... syscall #SYS_EXIT_TASK
                         .intui_expunge_refuse:
000185C0  01 0E 00 00 00 00 00 00... move.q  r1, r0
000185C8  10 17 E8 00 18 01 00 00... load.q  r2, 280(r29)
000185D0  10 1F E8 00 20 01 00 00... load.q  r3, 288(r29)
000185D8  EB 01 00 00 31 00 00 00... syscall #SYS_M16_EXPUNGE_RESULT
000185E0  10 EE F8 00 00 00 00 00... load.q  r29, (sp)
000185E8  40 06 00 00 50 ED FF FF... bra     .intui_main
                         .intui_do_get_iosm:
000185F0  10 77 E8 00 30 01 00 00... load.q  r14, 304(r29)
000185F8  41 06 70 00 28 01 00 00... beq r14, r0, .intui_get_iosm_reply_badarg
00018600  01 CE 70 00 00 00 00 00... move.q  r25, r14
00018608  10 D7 E8 00 28 01 00 00... load.q  r26, 296(r29)
00018610  01 0E C8 00 00 00 00 00... move.q  r1, r25
00018618  01 15 00 00 02 00 00 00... move.l  r2, #MAPF_WRITE
00018620  EB 01 00 00 04 00 00 00... syscall #SYS_MAP_SHARED
00018628  10 EE F8 00 00 00 00 00... load.q  r29, (sp)
00018630  42 06 10 00 28 01 00 00... bne r2, r0, .intui_get_iosm_maperr
00018638  01 BE 08 00 00 00 00 00... move.q  r23, r1
00018640  01 C6 08 00 00 00 00 00... move.q  r24, r1
00018648  01 E5 00 00 01 00 00 00... move.l  r28, #1
00018650  42 06 18 E0 A0 00 00 00... bne     r3, r28, .intui_get_iosm_badarg_free
00018658  20 77 E8 00 00 13 00 00... add     r14, r29, #(prog_intui_iosm - prog_intui_data)
00018660  01 7D 00 00 10 00 00 00... move.l  r15, #(IOSM_SIZE / 8)
                         .intui_get_iosm_copy:
00018668  10 86 70 00 00 00 00 00... load.q  r16, (r14)
00018670  11 86 C0 00 00 00 00 00... store.q r16, (r24)
00018678  20 77 70 00 08 00 00 00... add     r14, r14, #8
00018680  20 C7 C0 00 08 00 00 00... add     r24, r24, #8
00018688  21 7F 78 00 01 00 00 00... sub     r15, r15, #1
00018690  42 06 78 00 D8 FF FF FF... bne r15, r0, .intui_get_iosm_copy
00018698  01 0E B8 00 00 00 00 00... move.q  r1, r23
000186A0  01 15 00 00 80 00 00 00... move.l  r2, #IOSM_SIZE
000186A8  EB 01 00 00 02 00 00 00... syscall #SYS_FREE_MEM
000186B0  10 EE F8 00 00 00 00 00... load.q  r29, (sp)
000186B8  10 0F E8 00 28 01 00 00... load.q  r1, 296(r29)
000186C0  01 16 00 00 00 00 00 00... move.q  r2, r0
000186C8  01 1E 00 00 00 00 00 00... move.q  r3, r0
000186D0  01 26 00 00 00 00 00 00... move.q  r4, r0
000186D8  01 2E 00 00 00 00 00 00... move.q  r5, r0
000186E0  EB 01 00 00 14 00 00 00... syscall #SYS_REPLY_MSG
000186E8  40 06 00 00 50 EC FF FF... bra     .intui_main
                         .intui_get_iosm_badarg_free:
000186F0  01 0E B8 00 00 00 00 00... move.q  r1, r23
000186F8  01 16 18 00 00 00 00 00... move.q  r2, r3
00018700  34 17 10 00 0C 00 00 00... lsl     r2, r2, #12
00018708  EB 01 00 00 02 00 00 00... syscall #SYS_FREE_MEM
00018710  10 EE F8 00 00 00 00 00... load.q  r29, (sp)
00018718  40 06 00 00 08 00 00 00... bra     .intui_get_iosm_reply_badarg
                         .intui_get_iosm_reply_badarg:
00018720  10 0F E8 00 28 01 00 00... load.q  r1, 296(r29)
00018728  01 15 00 00 03 00 00 00... move.l  r2, #ERR_BADARG
00018730  01 1E 00 00 00 00 00 00... move.q  r3, r0
00018738  01 26 00 00 00 00 00 00... move.q  r4, r0
00018740  01 2E 00 00 00 00 00 00... move.q  r5, r0
00018748  EB 01 00 00 14 00 00 00... syscall #SYS_REPLY_MSG
00018750  40 06 00 00 E8 EB FF FF... bra     .intui_main
                         .intui_get_iosm_maperr:
00018758  10 0F E8 00 28 01 00 00... load.q  r1, 296(r29)
00018760  01 2E 00 00 00 00 00 00... move.q  r5, r0
00018768  EB 01 00 00 14 00 00 00... syscall #SYS_REPLY_MSG
00018770  40 06 00 00 C8 EB FF FF... bra     .intui_main
                         .intui_poll_input:
00018778  10 EE F8 00 00 00 00 00... load.q  r29, (sp)
00018780  10 71 E8 00 D8 00 00 00... load.b  r14, 216(r29)
00018788  41 06 70 00 E0 03 00 00... beq r14, r0, .intui_yield
00018790  10 C7 E8 00 00 01 00 00... load.q  r24, 256(r29)
00018798  41 06 C0 00 D0 03 00 00... beq r24, r0, .intui_yield
000187A0  10 0F E8 00 A8 00 00 00... load.q  r1, 168(r29)
000187A8  EB 01 00 00 12 00 00 00... syscall #SYS_GET_MSG
000187B0  42 06 18 00 B8 03 00 00... bne r3, r0, .intui_yield
000187B8  01 E5 00 00 02 01 00 00... move.l  r28, #INPUT_EVENT
000187C0  42 06 08 E0 A8 03 00 00... bne     r1, r28, .intui_yield
000187C8  01 76 10 00 00 00 00 00... move.q  r14, r2
000187D0  35 77 70 00 18 00 00 00... lsr     r14, r14, #24
000187D8  30 77 70 00 FF 00 00 00... and     r14, r14, #0xFF
000187E0  01 E5 00 00 01 00 00 00... move.l  r28, #IE_KEY_DOWN
000187E8  41 06 70 E0 30 00 00 00... beq     r14, r28, .intui_ev_key
000187F0  01 E5 00 00 03 00 00 00... move.l  r28, #IE_MOUSE_MOVE
000187F8  41 06 70 E0 38 01 00 00... beq     r14, r28, .intui_ev_move
00018800  01 E5 00 00 04 00 00 00... move.l  r28, #IE_MOUSE_BTN
00018808  41 06 70 E0 D8 01 00 00... beq     r14, r28, .intui_ev_btn
00018810  40 06 00 00 58 03 00 00... bra     .intui_yield
                         .intui_ev_key:
00018818  01 76 10 00 00 00 00 00... move.q  r14, r2
00018820  35 77 70 00 10 00 00 00... lsr     r14, r14, #16
00018828  30 77 70 00 FF 00 00 00... and     r14, r14, #0xFF
00018830  01 E5 00 00 01 00 00 00... move.l  r28, #1
00018838  41 06 70 E0 98 00 00 00... beq     r14, r28, .intui_ev_close
00018840  01 E5 00 00 1B 00 00 00... move.l  r28, #0x1B
00018848  41 06 70 E0 88 00 00 00... beq     r14, r28, .intui_ev_close
00018850  01 E5 00 00 45 00 00 00... move.l  r28, #0x45
00018858  41 06 70 E0 78 00 00 00... beq     r14, r28, .intui_ev_close
00018860  01 7E 10 00 00 00 00 00... move.q  r15, r2
00018868  35 7F 78 00 08 00 00 00... lsr     r15, r15, #8
00018870  30 7F 78 00 FF 00 00 00... and     r15, r15, #0xFF
00018878  34 77 70 00 08 00 00 00... lsl     r14, r14, #8
00018880  31 76 70 78 00 00 00 00... or      r14, r14, r15
00018888  10 EE F8 00 00 00 00 00... load.q  r29, (sp)
00018890  10 0F E8 00 00 01 00 00... load.q  r1, 256(r29)
00018898  01 15 00 00 12 03 00 00... move.l  r2, #IDCMP_RAWKEY
000188A0  01 1E 70 00 00 00 00 00... move.q  r3, r14
000188A8  01 26 00 00 00 00 00 00... move.q  r4, r0
000188B0  01 2D 00 00 FF FF 00 00... move.l  r5, #REPLY_PORT_NONE
000188B8  01 36 00 00 00 00 00 00... move.q  r6, r0
000188C0  EB 01 00 00 11 00 00 00... syscall #SYS_PUT_MSG
000188C8  40 06 00 00 A0 02 00 00... bra     .intui_yield
                         .intui_ev_close:
                         .intui_ev_close_retry:
000188D0  10 EE F8 00 00 00 00 00... load.q  r29, (sp)
000188D8  10 0F E8 00 00 01 00 00... load.q  r1, 256(r29)
000188E0  01 15 00 00 13 03 00 00... move.l  r2, #IDCMP_CLOSEWINDOW
000188E8  01 1D 00 00 01 00 00 00... move.l  r3, #1
000188F0  01 26 00 00 00 00 00 00... move.q  r4, r0
000188F8  01 2D 00 00 FF FF 00 00... move.l  r5, #REPLY_PORT_NONE
00018900  01 36 00 00 00 00 00 00... move.q  r6, r0
00018908  EB 01 00 00 11 00 00 00... syscall #SYS_PUT_MSG
00018910  42 06 10 00 10 00 00 00... bne r2, r0, .intui_ev_close_wait
00018918  40 06 00 00 50 02 00 00... bra     .intui_yield
                         .intui_ev_close_wait:
00018920  EB 01 00 00 1A 00 00 00... syscall #SYS_YIELD
00018928  40 06 00 00 A8 FF FF FF... bra     .intui_ev_close_retry
                         .intui_ev_move:
00018930  01 76 20 00 00 00 00 00... move.q  r14, r4
00018938  35 77 70 00 30 00 00 00... lsr     r14, r14, #48
00018940  30 77 70 00 FF FF 00 00... and     r14, r14, #0xFFFF
00018948  01 7E 20 00 00 00 00 00... move.q  r15, r4
00018950  35 7F 78 00 20 00 00 00... lsr     r15, r15, #32
00018958  30 7F 78 00 FF FF 00 00... and     r15, r15, #0xFFFF
00018960  10 EE F8 00 00 00 00 00... load.q  r29, (sp)
00018968  10 85 E8 00 E0 00 00 00... load.l  r16, 224(r29)
00018970  10 8D E8 00 E4 00 00 00... load.l  r17, 228(r29)
00018978  21 76 70 80 00 00 00 00... sub     r14, r14, r16
00018980  21 7E 78 88 00 00 00 00... sub     r15, r15, r17
00018988  34 77 70 00 20 00 00 00... lsl     r14, r14, #32
00018990  30 7F 78 00 FF FF FF FF... and     r15, r15, #0xFFFFFFFF
00018998  31 76 70 78 00 00 00 00... or      r14, r14, r15
000189A0  10 0F E8 00 00 01 00 00... load.q  r1, 256(r29)
000189A8  01 15 00 00 10 03 00 00... move.l  r2, #IDCMP_MOUSEMOVE
000189B0  01 1E 70 00 00 00 00 00... move.q  r3, r14
000189B8  01 26 20 00 00 00 00 00... move.q  r4, r4
000189C0  01 2D 00 00 FF FF 00 00... move.l  r5, #REPLY_PORT_NONE
000189C8  01 36 00 00 00 00 00 00... move.q  r6, r0
000189D0  EB 01 00 00 11 00 00 00... syscall #SYS_PUT_MSG
000189D8  40 06 00 00 90 01 00 00... bra     .intui_yield
                         .intui_ev_btn:
000189E0  01 76 10 00 00 00 00 00... move.q  r14, r2
000189E8  35 77 70 00 10 00 00 00... lsr     r14, r14, #16
000189F0  30 77 70 00 FF 00 00 00... and     r14, r14, #0xFF
000189F8  01 7E 20 00 00 00 00 00... move.q  r15, r4
00018A00  35 7F 78 00 30 00 00 00... lsr     r15, r15, #48
00018A08  30 7F 78 00 FF FF 00 00... and     r15, r15, #0xFFFF
00018A10  01 86 20 00 00 00 00 00... move.q  r16, r4
00018A18  35 87 80 00 20 00 00 00... lsr     r16, r16, #32
00018A20  30 87 80 00 FF FF 00 00... and     r16, r16, #0xFFFF
00018A28  10 EE F8 00 00 00 00 00... load.q  r29, (sp)
00018A30  10 8D E8 00 E0 00 00 00... load.l  r17, 224(r29)
00018A38  10 95 E8 00 E4 00 00 00... load.l  r18, 228(r29)
00018A40  21 7E 78 88 00 00 00 00... sub     r15, r15, r17
00018A48  21 86 80 90 00 00 00 00... sub     r16, r16, r18
00018A50  30 9F 70 00 01 00 00 00... and     r19, r14, #1
00018A58  41 06 98 00 A8 00 00 00... beq r19, r0, .intui_ev_btn_send
00018A60  44 06 78 00 10 00 00 00... bge r15, r0, .intui_ev_btn_lx_ok
00018A68  40 06 00 00 98 00 00 00... bra     .intui_ev_btn_send
                         .intui_ev_btn_lx_ok:
00018A70  01 E5 00 00 10 00 00 00... move.l  r28, #INTUI_CLOSE_GADGET_W
00018A78  44 06 78 E0 88 00 00 00... bge     r15, r28, .intui_ev_btn_send
00018A80  44 06 80 00 10 00 00 00... bge r16, r0, .intui_ev_btn_ly_ok
00018A88  40 06 00 00 78 00 00 00... bra     .intui_ev_btn_send
                         .intui_ev_btn_ly_ok:
00018A90  01 E5 00 00 10 00 00 00... move.l  r28, #INTUI_WIN_TITLE_H
00018A98  44 06 80 E0 68 00 00 00... bge     r16, r28, .intui_ev_btn_send
                         .intui_ev_btn_close_retry:
00018AA0  10 EE F8 00 00 00 00 00... load.q  r29, (sp)
00018AA8  10 0F E8 00 00 01 00 00... load.q  r1, 256(r29)
00018AB0  01 15 00 00 13 03 00 00... move.l  r2, #IDCMP_CLOSEWINDOW
00018AB8  01 1D 00 00 01 00 00 00... move.l  r3, #1
00018AC0  01 26 00 00 00 00 00 00... move.q  r4, r0
00018AC8  01 2D 00 00 FF FF 00 00... move.l  r5, #REPLY_PORT_NONE
00018AD0  01 36 00 00 00 00 00 00... move.q  r6, r0
00018AD8  EB 01 00 00 11 00 00 00... syscall #SYS_PUT_MSG
00018AE0  42 06 10 00 10 00 00 00... bne r2, r0, .intui_ev_btn_close_wait
00018AE8  40 06 00 00 80 00 00 00... bra     .intui_yield
                         .intui_ev_btn_close_wait:
00018AF0  EB 01 00 00 1A 00 00 00... syscall #SYS_YIELD
00018AF8  40 06 00 00 A8 FF FF FF... bra     .intui_ev_btn_close_retry
                         .intui_ev_btn_send:
00018B00  34 77 70 00 20 00 00 00... lsl     r14, r14, #32
00018B08  31 76 70 70 00 00 00 00... or      r14, r14, r14
00018B10  34 7F 78 00 20 00 00 00... lsl     r15, r15, #32
00018B18  30 87 80 00 FF FF FF FF... and     r16, r16, #0xFFFFFFFF
00018B20  31 7E 78 80 00 00 00 00... or      r15, r15, r16
00018B28  10 0F E8 00 00 01 00 00... load.q  r1, 256(r29)
00018B30  01 15 00 00 11 03 00 00... move.l  r2, #IDCMP_MOUSEBUTTONS
00018B38  01 1E 70 00 00 00 00 00... move.q  r3, r14
00018B40  01 26 78 00 00 00 00 00... move.q  r4, r15
00018B48  01 2D 00 00 FF FF 00 00... move.l  r5, #REPLY_PORT_NONE
00018B50  01 36 00 00 00 00 00 00... move.q  r6, r0
00018B58  EB 01 00 00 11 00 00 00... syscall #SYS_PUT_MSG
00018B60  40 06 00 00 08 00 00 00... bra     .intui_yield
                         .intui_yield:
00018B68  EB 01 00 00 1A 00 00 00... syscall #SYS_YIELD
00018B70  40 06 00 00 C8 E7 FF FF... bra     .intui_main
                         .intui_halt:
00018B78  EB 01 00 00 1A 00 00 00... syscall #SYS_YIELD
00018B80  40 06 00 00 F8 FF FF FF... bra     .intui_halt
                         .intui_exit:
00018B88  01 0E 00 00 00 00 00 00... move.q  r1, r0
00018B90  EB 01 00 00 22 00 00 00... syscall #SYS_EXIT_TASK
                         .intui_fillrect:
00018B98  46 06 40 00 A0 00 00 00... ble r8, r0, .intui_fr_ret
00018BA0  46 06 48 00 98 00 00 00... ble r9, r0, .intui_fr_ret
00018BA8  10 2F E8 00 C8 00 00 00... load.q  r5, 200(r29)
00018BB0  01 65 00 00 00 0F 00 00... move.l  r12, #3840
00018BB8  22 66 38 60 00 00 00 00... mulu    r12, r7, r12
00018BC0  20 2E 28 60 00 00 00 00... add     r5, r5, r12
00018BC8  34 67 30 00 02 00 00 00... lsl     r12, r6, #2
00018BD0  20 2E 28 60 00 00 00 00... add     r5, r5, r12
00018BD8  01 6E 48 00 00 00 00 00... move.q  r13, r9
                         .intui_fr_row:
00018BE0  41 06 68 00 58 00 00 00... beq r13, r0, .intui_fr_ret
00018BE8  01 76 28 00 00 00 00 00... move.q  r14, r5
00018BF0  01 7E 40 00 00 00 00 00... move.q  r15, r8
                         .intui_fr_col:
00018BF8  41 06 78 00 28 00 00 00... beq r15, r0, .intui_fr_row_done
00018C00  11 8C 70 00 00 00 00 00... store.l r17, (r14)
00018C08  20 77 70 00 04 00 00 00... add     r14, r14, #4
00018C10  21 7F 78 00 01 00 00 00... sub     r15, r15, #1
00018C18  40 06 00 00 E0 FF FF FF... bra     .intui_fr_col
                         .intui_fr_row_done:
00018C20  20 2F 28 00 00 0F 00 00... add     r5, r5, #3840
00018C28  21 6F 68 00 01 00 00 00... sub     r13, r13, #1
00018C30  40 06 00 00 B0 FF FF FF... bra     .intui_fr_row
                         .intui_fr_ret:
00018C38  51 00 00 00 00 00 00 00... rts
                         .intui_draw_char:
00018C40  10 27 E8 00 C8 00 00 00... load.q  r4, 200(r29)
00018C48  01 75 00 00 00 0F 00 00... move.l  r14, #3840
00018C50  22 76 58 70 00 00 00 00... mulu    r14, r11, r14
00018C58  20 26 20 70 00 00 00 00... add     r4, r4, r14
00018C60  34 77 50 00 02 00 00 00... lsl     r14, r10, #2
00018C68  20 26 20 70 00 00 00 00... add     r4, r4, r14
00018C70  20 2F E8 00 00 03 00 00... add     r5, r29, #768
00018C78  34 37 18 00 04 00 00 00... lsl     r6, r3, #4
00018C80  20 2E 28 30 00 00 00 00... add     r5, r5, r6
00018C88  01 35 00 00 00 00 00 00... move.l  r6, #0
                         .intui_dc_row:
00018C90  01 75 00 00 10 00 00 00... move.l  r14, #16
00018C98  44 06 30 70 A0 00 00 00... bge     r6, r14, .intui_dc_done
00018CA0  10 38 28 00 00 00 00 00... load.b  r7, (r5)
00018CA8  20 2F 28 00 01 00 00 00... add     r5, r5, #1
00018CB0  01 46 20 00 00 00 00 00... move.q  r8, r4
00018CB8  01 4D 00 00 00 00 00 00... move.l  r9, #0
                         .intui_dc_col:
00018CC0  01 75 00 00 08 00 00 00... move.l  r14, #8
00018CC8  44 06 48 70 58 00 00 00... bge     r9, r14, .intui_dc_col_done
00018CD0  01 75 00 00 07 00 00 00... move.l  r14, #7
00018CD8  21 76 70 48 00 00 00 00... sub     r14, r14, r9
00018CE0  35 7E 38 70 00 00 00 00... lsr     r15, r7, r14
00018CE8  30 7F 78 00 01 00 00 00... and     r15, r15, #1
00018CF0  41 06 78 00 18 00 00 00... beq r15, r0, .intui_dc_skip
00018CF8  01 85 00 00 00 00 00 FF... move.l  r16, #0xFF000000
00018D00  11 84 40 00 00 00 00 00... store.l r16, (r8)
                         .intui_dc_skip:
00018D08  20 47 40 00 04 00 00 00... add     r8, r8, #4
00018D10  20 4F 48 00 01 00 00 00... add     r9, r9, #1
00018D18  40 06 00 00 A8 FF FF FF... bra     .intui_dc_col
                         .intui_dc_col_done:
00018D20  20 27 20 00 00 0F 00 00... add     r4, r4, #3840
00018D28  20 37 30 00 01 00 00 00... add     r6, r6, #1
00018D30  40 06 00 00 60 FF FF FF... bra     .intui_dc_row
                         .intui_dc_done:
00018D38  51 00 00 00 00 00 00 00... rts
                         .intui_draw_string:
00018D40  21 FF F8 00 18 00 00 00... sub     sp, sp, #24
00018D48  11 56 F8 00 00 00 00 00... store.q r10, (sp)
00018D50  11 5F F8 00 08 00 00 00... store.q r11, 8(sp)
00018D58  11 67 F8 00 10 00 00 00... store.q r12, 16(sp)
                         .intui_ds_loop:
00018D60  10 67 F8 00 10 00 00 00... load.q  r12, 16(sp)
00018D68  10 18 60 00 00 00 00 00... load.b  r3, (r12)
00018D70  41 06 18 00 58 00 00 00... beq r3, r0, .intui_ds_done
00018D78  10 56 F8 00 00 00 00 00... load.q  r10, (sp)
00018D80  10 5F F8 00 08 00 00 00... load.q  r11, 8(sp)
00018D88  50 06 00 00 B8 FE FF FF... jsr     .intui_draw_char
00018D90  10 56 F8 00 00 00 00 00... load.q  r10, (sp)
00018D98  20 57 50 00 08 00 00 00... add     r10, r10, #8
00018DA0  11 56 F8 00 00 00 00 00... store.q r10, (sp)
00018DA8  10 67 F8 00 10 00 00 00... load.q  r12, 16(sp)
00018DB0  20 67 60 00 01 00 00 00... add     r12, r12, #1
00018DB8  11 67 F8 00 10 00 00 00... store.q r12, 16(sp)
00018DC0  40 06 00 00 A0 FF FF FF... bra     .intui_ds_loop
                         .intui_ds_done:
00018DC8  20 FF F8 00 18 00 00 00... add     sp, sp, #24
00018DD0  51 00 00 00 00 00 00 00... rts
                         prog_intui_code_end:
                         prog_intui_data:
                         ds.b    128  ; 128 bytes reserved
                         ds.b    8  ; 8 bytes reserved
                         ds.b    8  ; 8 bytes reserved
                         ds.b    8  ; 8 bytes reserved
                         ds.b    8  ; 8 bytes reserved
                         ds.b    8  ; 8 bytes reserved
                         ds.b    8  ; 8 bytes reserved
                         ds.b    8  ; 8 bytes reserved
                         ds.b    8  ; 8 bytes reserved
                         ds.b    8  ; 8 bytes reserved
                         ds.b    8  ; 8 bytes reserved
                         ds.b    8  ; 8 bytes reserved
                         ds.b    8  ; 8 bytes reserved
                         ds.b    4  ; 4 bytes reserved
                         ds.b    4  ; 4 bytes reserved
                         ds.b    4  ; 4 bytes reserved
                         ds.b    4  ; 4 bytes reserved
                         ds.b    8  ; 8 bytes reserved
                         ds.b    8  ; 8 bytes reserved
                         ds.b    8  ; 8 bytes reserved
                         ds.b    8  ; 8 bytes reserved
                         ds.b    8  ; 8 bytes reserved
                         ds.b    8  ; 8 bytes reserved
                         ds.b    8  ; 8 bytes reserved
                         ds.b    8  ; 8 bytes reserved
                         ds.b    8  ; 8 bytes reserved
                         ds.b    8  ; 8 bytes reserved
00018F18  69 6E 74 75 69 74 69 6F... dc.b    "intuition.library", 0
                         ds.b    14  ; 14 bytes reserved
00018F38  67 72 61 70 68 69 63 73... dc.b    "graphics.library", 0
                         ds.b    15  ; 15 bytes reserved
00018F58  69 6E 70 75 74 2E 64 65... dc.b    "input.device", 0
                         ds.b    19  ; 19 bytes reserved
00018F78  69 6E 74 75 69 74 69 6F... dc.b    "intuition.library M12 [Task ", 0
                         ds.b    15  ; 15 bytes reserved
00018FA4  41 62 6F 75 74 20 49 6E... dc.b    "About IntuitionOS", 0
                         ds.b    290  ; 290 bytes reserved
                         incbin  "topaz.raw"  ; 4096 bytes
                         prog_intuition_library_iosm:
                         prog_intui_iosm:
0001A0D8  49 4F 53 4D              dc.l    IOSM_MAGIC
0001A0DC  01 00 00 00              dc.l    IOSM_SCHEMA_VERSION
0001A0E0  01                       dc.b    IOSM_KIND_LIBRARY
0001A0E1  00                       dc.b    0
0001A0E2  0C 00                    dc.w    12
0001A0E4  00 00                    dc.w    0
0001A0E6  00 00                    dc.w    0
0001A0E8  69 6E 74 75 69 74 69 6F... dc.b    "intuition.library", 0
                         ds.b    IOSM_NAME_SIZE - 18  ; 14 bytes reserved
0001A108  06 00 00 00              dc.l    MODF_COMPAT_PORT | MODF_ASLR_CAPABLE
0001A10C  00 00 00 00              dc.l    0
0001A110  32 30 32 36 2D 30 34 2D... dc.b    "2026-04-25", 0
                         ds.b    IOSM_BUILD_DATE_SIZE - 11  ; 5 bytes reserved
0001A120  43 6F 70 79 72 69 67 68... dc.b    0x43, 0x6F, 0x70, 0x79, 0x72, 0x69, 0x67, 0x68, 0x74, 0x20, 0xA9, 0x20, 0x32, 0x30, 0x32, 0x36, 0x20, 0x5A, 0x61, 0x79, 0x6E, 0x20, 0x4F, 0x74, 0x6C, 0x65, 0x79, 0
                         ds.b    IOSM_COPYRIGHT_SIZE - 28  ; 20 bytes reserved
                         ds.b    8  ; 8 bytes reserved
                         prog_intui_data_end:
                         prog_intui_end:
                         prog_about:
0001A158  00 00 00 00 00 00 00 00... dc.l    0, 0
0001A160  50 07 00 00              dc.l    prog_about_code_end - prog_about_code
0001A164  7F 14 00 00              dc.l    prog_about_data_end - prog_about_data
0001A168  00 00 00 00              dc.l    0
                         ds.b    12  ; 12 bytes reserved
                         prog_about_code:
0001A178  21 FF F8 00 10 00 00 00... sub     sp, sp, #16
                         .ab_preamble:
0001A180  10 F6 F8 00 00 00 00 00... load.q  r30, (sp)
0001A188  10 EF F8 00 08 00 00 00... load.q  r29, 8(sp)
0001A190  11 EE F8 00 00 00 00 00... store.q r29, (sp)
0001A198  10 0D F0 00 08 00 00 00... load.l  r1, TASKSB_TASK_ID(r30)
0001A1A0  11 0F E8 00 80 00 00 00... store.q r1, 128(r29)
0001A1A8  01 0D 00 00 10 00 00 00... move.l  r1, #16
0001A1B0  EB 01 00 00 0B 00 00 00... syscall #SYS_ALLOC_SIGNAL
0001A1B8  10 EE F8 00 00 00 00 00... load.q  r29, (sp)
0001A1C0  42 06 10 00 68 05 00 00... bne r2, r0, .ab_halt
0001A1C8  11 0F E8 00 B8 00 00 00... store.q r1, 184(r29)
                         .ab_openi_retry:
0001A1D0  10 EE F8 00 00 00 00 00... load.q  r29, (sp)
0001A1D8  01 75 00 00 FF FF FF FF... move.l  r14, #0xFFFFFFFF
0001A1E0  11 75 E8 00 C0 00 00 00... store.l r14, 192(r29)
0001A1E8  11 05 E8 00 C4 00 00 00... store.l r0, 196(r29)
0001A1F0  11 05 E8 00 C8 00 00 00... store.l r0, 200(r29)
0001A1F8  11 05 E8 00 CC 00 00 00... store.l r0, 204(r29)
0001A200  20 0F E8 00 00 01 00 00... add     r1, r29, #256
0001A208  01 16 00 00 00 00 00 00... move.q  r2, r0
0001A210  10 1F E8 00 B8 00 00 00... load.q  r3, 184(r29)
0001A218  20 27 E8 00 C0 00 00 00... add     r4, r29, #192
0001A220  EB 01 00 00 2D 00 00 00... syscall #SYS_OPEN_LIBRARY_EX
0001A228  10 EE F8 00 00 00 00 00... load.q  r29, (sp)
0001A230  41 06 10 00 E0 00 00 00... beq r2, r0, .ab_findi
0001A238  01 75 00 00 06 00 00 00... move.l  r14, #ERR_AGAIN
0001A240  42 06 10 70 78 00 00 00... bne     r2, r14, .ab_openi_fail
0001A248  10 75 E8 00 C0 00 00 00... load.l  r14, 192(r29)
0001A250  01 7D 00 00 FF FF FF FF... move.l  r15, #0xFFFFFFFF
0001A258  42 06 70 78 50 00 00 00... bne     r14, r15, .ab_openi_done
0001A260  10 77 E8 00 B8 00 00 00... load.q  r14, 184(r29)
0001A268  01 0F 00 00 01 00 00 00... move.q  r1, #1
0001A270  34 0E 08 70 00 00 00 00... lsl     r1, r1, r14
0001A278  EB 01 00 00 0E 00 00 00... syscall #SYS_WAIT
0001A280  10 EE F8 00 00 00 00 00... load.q  r29, (sp)
0001A288  42 06 10 00 78 00 00 00... bne r2, r0, .ab_openi_yield
0001A290  10 75 E8 00 C0 00 00 00... load.l  r14, 192(r29)
0001A298  01 7D 00 00 FF FF FF FF... move.l  r15, #0xFFFFFFFF
0001A2A0  41 06 70 78 60 00 00 00... beq     r14, r15, .ab_openi_yield
                         .ab_openi_done:
0001A2A8  11 0F E8 00 D0 00 00 00... store.q r1, 208(r29)
0001A2B0  41 06 70 00 60 00 00 00... beq r14, r0, .ab_findi
                         .ab_openi_fail:
0001A2B8  10 77 E8 00 B8 00 00 00... load.q  r14, 184(r29)
0001A2C0  41 06 70 00 30 04 00 00... beq r14, r0, .ab_cleanup_exit
0001A2C8  01 0E 70 00 00 00 00 00... move.q  r1, r14
0001A2D0  EB 01 00 00 0C 00 00 00... syscall #SYS_FREE_SIGNAL
0001A2D8  10 EE F8 00 00 00 00 00... load.q  r29, (sp)
0001A2E0  11 07 E8 00 B8 00 00 00... store.q r0, 184(r29)
0001A2E8  40 06 00 00 08 04 00 00... bra     .ab_cleanup_exit
                         .ab_openi_retry_yield:
0001A2F0  EB 01 00 00 1A 00 00 00... syscall #SYS_YIELD
0001A2F8  40 06 00 00 D8 FE FF FF... bra     .ab_openi_retry
                         .ab_openi_yield:
0001A300  EB 01 00 00 1A 00 00 00... syscall #SYS_YIELD
0001A308  40 06 00 00 C8 FE FF FF... bra     .ab_openi_retry
                         .ab_findi:
0001A310  10 EE F8 00 00 00 00 00... load.q  r29, (sp)
0001A318  20 0F E8 00 00 01 00 00... add     r1, r29, #256
0001A320  01 15 00 00 00 00 00 00... move.l  r2, #0
0001A328  EB 01 00 00 10 00 00 00... syscall #SYS_FIND_PORT
0001A330  10 EE F8 00 00 00 00 00... load.q  r29, (sp)
0001A338  42 06 10 00 B8 FF FF FF... bne r2, r0, .ab_openi_retry_yield
                         .ab_findi_ok:
0001A340  11 0F E8 00 88 00 00 00... store.q r1, 136(r29)
0001A348  10 77 E8 00 B8 00 00 00... load.q  r14, 184(r29)
0001A350  41 06 70 00 28 00 00 00... beq r14, r0, .ab_findi_sigfree_done
0001A358  01 0E 70 00 00 00 00 00... move.q  r1, r14
0001A360  EB 01 00 00 0C 00 00 00... syscall #SYS_FREE_SIGNAL
0001A368  10 EE F8 00 00 00 00 00... load.q  r29, (sp)
0001A370  11 07 E8 00 B8 00 00 00... store.q r0, 184(r29)
                         .ab_findi_sigfree_done:
0001A378  01 0E 00 00 00 00 00 00... move.q  r1, r0
0001A380  01 15 00 00 00 00 00 00... move.l  r2, #0
0001A388  EB 01 00 00 0F 00 00 00... syscall #SYS_CREATE_PORT
0001A390  10 EE F8 00 00 00 00 00... load.q  r29, (sp)
0001A398  42 06 10 00 90 03 00 00... bne r2, r0, .ab_halt
0001A3A0  11 0F E8 00 90 00 00 00... store.q r1, 144(r29)
0001A3A8  01 0E 00 00 00 00 00 00... move.q  r1, r0
0001A3B0  01 15 00 00 00 00 00 00... move.l  r2, #0
0001A3B8  EB 01 00 00 0F 00 00 00... syscall #SYS_CREATE_PORT
0001A3C0  10 EE F8 00 00 00 00 00... load.q  r29, (sp)
0001A3C8  42 06 10 00 60 03 00 00... bne r2, r0, .ab_halt
0001A3D0  11 0F E8 00 98 00 00 00... store.q r1, 152(r29)
0001A3D8  01 0D 00 00 00 E8 03 00... move.l  r1, #256000
0001A3E0  01 15 00 00 01 00 01 00... move.l  r2, #0x10001
0001A3E8  EB 01 00 00 01 00 00 00... syscall #SYS_ALLOC_MEM
0001A3F0  10 EE F8 00 00 00 00 00... load.q  r29, (sp)
0001A3F8  42 06 10 00 30 03 00 00... bne r2, r0, .ab_halt
0001A400  11 0F E8 00 A0 00 00 00... store.q r1, 160(r29)
0001A408  11 1D E8 00 A8 00 00 00... store.l r3, 168(r29)
0001A410  10 77 E8 00 A0 00 00 00... load.q  r14, 160(r29)
0001A418  01 7D 00 00 00 E8 03 00... move.l  r15, #256000
0001A420  01 85 00 00 D0 D8 DC FF... move.l  r16, #0xFFDCD8D0
                         .ab_fill:
0001A428  41 06 78 00 28 00 00 00... beq r15, r0, .ab_fill_done
0001A430  11 84 70 00 00 00 00 00... store.l r16, (r14)
0001A438  20 77 70 00 04 00 00 00... add     r14, r14, #4
0001A440  21 7F 78 00 04 00 00 00... sub     r15, r15, #4
0001A448  40 06 00 00 E0 FF FF FF... bra     .ab_fill
                         .ab_fill_done:
0001A450  01 55 00 00 10 00 00 00... move.l  r10, #16
0001A458  01 5D 00 00 20 00 00 00... move.l  r11, #32
0001A460  20 67 E8 00 20 01 00 00... add     r12, r29, #288
0001A468  50 06 00 00 C8 03 00 00... jsr     .ab_draw_string
0001A470  01 55 00 00 10 00 00 00... move.l  r10, #16
0001A478  01 5D 00 00 38 00 00 00... move.l  r11, #56
0001A480  20 67 E8 00 40 01 00 00... add     r12, r29, #320
0001A488  50 06 00 00 A8 03 00 00... jsr     .ab_draw_string
0001A490  01 55 00 00 10 00 00 00... move.l  r10, #16
0001A498  01 5D 00 00 50 00 00 00... move.l  r11, #80
0001A4A0  20 67 E8 00 60 01 00 00... add     r12, r29, #352
0001A4A8  50 06 00 00 88 03 00 00... jsr     .ab_draw_string
0001A4B0  01 55 00 00 10 00 00 00... move.l  r10, #16
0001A4B8  01 5D 00 00 68 00 00 00... move.l  r11, #104
0001A4C0  20 67 E8 00 80 01 00 00... add     r12, r29, #384
0001A4C8  50 06 00 00 68 03 00 00... jsr     .ab_draw_string
0001A4D0  01 55 00 00 10 00 00 00... move.l  r10, #16
0001A4D8  01 5D 00 00 98 00 00 00... move.l  r11, #152
0001A4E0  20 67 E8 00 A0 01 00 00... add     r12, r29, #416
0001A4E8  50 06 00 00 48 03 00 00... jsr     .ab_draw_string
0001A4F0  10 0F E8 00 88 00 00 00... load.q  r1, 136(r29)
0001A4F8  01 15 00 00 00 03 00 00... move.l  r2, #INTUITION_OPEN_WINDOW
0001A500  01 1F 00 00 40 01 00 00... move.q  r3, #320
0001A508  34 1F 18 00 30 00 00 00... lsl     r3, r3, #48
0001A510  01 77 00 00 C8 00 00 00... move.q  r14, #200
0001A518  34 77 70 00 20 00 00 00... lsl     r14, r14, #32
0001A520  31 1E 18 70 00 00 00 00... or      r3, r3, r14
0001A528  01 77 00 00 40 01 00 00... move.q  r14, #320
0001A530  34 77 70 00 10 00 00 00... lsl     r14, r14, #16
0001A538  31 1E 18 70 00 00 00 00... or      r3, r3, r14
0001A540  31 1F 18 00 AA 00 00 00... or      r3, r3, #170
0001A548  10 27 E8 00 98 00 00 00... load.q  r4, 152(r29)
0001A550  10 2F E8 00 90 00 00 00... load.q  r5, 144(r29)
0001A558  10 35 E8 00 A8 00 00 00... load.l  r6, 168(r29)
0001A560  EB 01 00 00 11 00 00 00... syscall #SYS_PUT_MSG
0001A568  10 EE F8 00 00 00 00 00... load.q  r29, (sp)
0001A570  42 06 10 00 B8 01 00 00... bne r2, r0, .ab_halt
0001A578  10 0F E8 00 90 00 00 00... load.q  r1, 144(r29)
0001A580  EB 01 00 00 13 00 00 00... syscall #SYS_WAIT_PORT
0001A588  10 EE F8 00 00 00 00 00... load.q  r29, (sp)
0001A590  42 06 18 00 98 01 00 00... bne r3, r0, .ab_halt
0001A598  42 06 08 00 90 01 00 00... bne r1, r0, .ab_halt
0001A5A0  11 17 E8 00 B0 00 00 00... store.q r2, 176(r29)
0001A5A8  10 0F E8 00 88 00 00 00... load.q  r1, 136(r29)
0001A5B0  01 15 00 00 02 03 00 00... move.l  r2, #INTUITION_DAMAGE
0001A5B8  10 1F E8 00 B0 00 00 00... load.q  r3, 176(r29)
0001A5C0  01 26 00 00 00 00 00 00... move.q  r4, r0
0001A5C8  10 2F E8 00 90 00 00 00... load.q  r5, 144(r29)
0001A5D0  01 36 00 00 00 00 00 00... move.q  r6, r0
0001A5D8  EB 01 00 00 11 00 00 00... syscall #SYS_PUT_MSG
0001A5E0  10 EE F8 00 00 00 00 00... load.q  r29, (sp)
0001A5E8  10 0F E8 00 90 00 00 00... load.q  r1, 144(r29)
0001A5F0  EB 01 00 00 13 00 00 00... syscall #SYS_WAIT_PORT
0001A5F8  10 EE F8 00 00 00 00 00... load.q  r29, (sp)
                         .ab_idcmp:
0001A600  10 EE F8 00 00 00 00 00... load.q  r29, (sp)
0001A608  10 0F E8 00 98 00 00 00... load.q  r1, 152(r29)
0001A610  EB 01 00 00 13 00 00 00... syscall #SYS_WAIT_PORT
0001A618  10 EE F8 00 00 00 00 00... load.q  r29, (sp)
0001A620  42 06 18 00 E0 FF FF FF... bne r3, r0, .ab_idcmp
0001A628  01 E5 00 00 13 03 00 00... move.l  r28, #IDCMP_CLOSEWINDOW
0001A630  41 06 08 E0 68 00 00 00... beq     r1, r28, .ab_close
0001A638  01 E5 00 00 12 03 00 00... move.l  r28, #IDCMP_RAWKEY
0001A640  42 06 08 E0 C0 FF FF FF... bne     r1, r28, .ab_idcmp
0001A648  01 76 10 00 00 00 00 00... move.q  r14, r2
0001A650  35 77 70 00 08 00 00 00... lsr     r14, r14, #8
0001A658  30 77 70 00 FF 00 00 00... and     r14, r14, #0xFF
0001A660  01 E5 00 00 01 00 00 00... move.l  r28, #0x01
0001A668  41 06 70 E0 30 00 00 00... beq     r14, r28, .ab_close
0001A670  01 E5 00 00 1B 00 00 00... move.l  r28, #0x1B
0001A678  41 06 70 E0 20 00 00 00... beq     r14, r28, .ab_close
0001A680  01 E5 00 00 45 00 00 00... move.l  r28, #0x45
0001A688  41 06 70 E0 10 00 00 00... beq     r14, r28, .ab_close
0001A690  40 06 00 00 70 FF FF FF... bra     .ab_idcmp
                         .ab_close:
0001A698  10 0F E8 00 88 00 00 00... load.q  r1, 136(r29)
0001A6A0  01 15 00 00 01 03 00 00... move.l  r2, #INTUITION_CLOSE_WINDOW
0001A6A8  10 1F E8 00 B0 00 00 00... load.q  r3, 176(r29)
0001A6B0  01 26 00 00 00 00 00 00... move.q  r4, r0
0001A6B8  10 2F E8 00 90 00 00 00... load.q  r5, 144(r29)
0001A6C0  01 36 00 00 00 00 00 00... move.q  r6, r0
0001A6C8  EB 01 00 00 11 00 00 00... syscall #SYS_PUT_MSG
0001A6D0  10 EE F8 00 00 00 00 00... load.q  r29, (sp)
0001A6D8  10 0F E8 00 90 00 00 00... load.q  r1, 144(r29)
0001A6E0  EB 01 00 00 13 00 00 00... syscall #SYS_WAIT_PORT
0001A6E8  10 EE F8 00 00 00 00 00... load.q  r29, (sp)
                         .ab_cleanup_exit:
0001A6F0  10 0F E8 00 D0 00 00 00... load.q  r1, 208(r29)
0001A6F8  41 06 08 00 20 00 00 00... beq r1, r0, .ab_exit
0001A700  EB 01 00 00 2B 00 00 00... syscall #SYS_CLOSE_LIBRARY
0001A708  10 EE F8 00 00 00 00 00... load.q  r29, (sp)
0001A710  11 07 E8 00 D0 00 00 00... store.q r0, 208(r29)
                         .ab_exit:
0001A718  01 0E 00 00 00 00 00 00... move.q  r1, r0
0001A720  EB 01 00 00 22 00 00 00... syscall #SYS_EXIT_TASK
                         .ab_halt:
0001A728  40 06 00 00 C8 FF FF FF... bra     .ab_cleanup_exit
                         .ab_draw_char:
0001A730  10 27 E8 00 A0 00 00 00... load.q  r4, 160(r29)
0001A738  01 75 00 00 00 05 00 00... move.l  r14, #1280
0001A740  22 76 58 70 00 00 00 00... mulu    r14, r11, r14
0001A748  20 26 20 70 00 00 00 00... add     r4, r4, r14
0001A750  34 77 50 00 02 00 00 00... lsl     r14, r10, #2
0001A758  20 26 20 70 00 00 00 00... add     r4, r4, r14
0001A760  20 2F E8 00 00 04 00 00... add     r5, r29, #1024
0001A768  34 37 18 00 04 00 00 00... lsl     r6, r3, #4
0001A770  20 2E 28 30 00 00 00 00... add     r5, r5, r6
0001A778  01 35 00 00 00 00 00 00... move.l  r6, #0
                         .ab_dc_row:
0001A780  01 75 00 00 10 00 00 00... move.l  r14, #16
0001A788  44 06 30 70 A0 00 00 00... bge     r6, r14, .ab_dc_done
0001A790  10 38 28 00 00 00 00 00... load.b  r7, (r5)
0001A798  20 2F 28 00 01 00 00 00... add     r5, r5, #1
0001A7A0  01 46 20 00 00 00 00 00... move.q  r8, r4
0001A7A8  01 4D 00 00 00 00 00 00... move.l  r9, #0
                         .ab_dc_col:
0001A7B0  01 75 00 00 08 00 00 00... move.l  r14, #8
0001A7B8  44 06 48 70 58 00 00 00... bge     r9, r14, .ab_dc_col_done
0001A7C0  01 75 00 00 07 00 00 00... move.l  r14, #7
0001A7C8  21 76 70 48 00 00 00 00... sub     r14, r14, r9
0001A7D0  35 7E 38 70 00 00 00 00... lsr     r15, r7, r14
0001A7D8  30 7F 78 00 01 00 00 00... and     r15, r15, #1
0001A7E0  41 06 78 00 18 00 00 00... beq r15, r0, .ab_dc_skip
0001A7E8  01 85 00 00 00 00 00 FF... move.l  r16, #0xFF000000
0001A7F0  11 84 40 00 00 00 00 00... store.l r16, (r8)
                         .ab_dc_skip:
0001A7F8  20 47 40 00 04 00 00 00... add     r8, r8, #4
0001A800  20 4F 48 00 01 00 00 00... add     r9, r9, #1
0001A808  40 06 00 00 A8 FF FF FF... bra     .ab_dc_col
                         .ab_dc_col_done:
0001A810  20 27 20 00 00 05 00 00... add     r4, r4, #1280
0001A818  20 37 30 00 01 00 00 00... add     r6, r6, #1
0001A820  40 06 00 00 60 FF FF FF... bra     .ab_dc_row
                         .ab_dc_done:
0001A828  51 00 00 00 00 00 00 00... rts
                         .ab_draw_string:
0001A830  21 FF F8 00 18 00 00 00... sub     sp, sp, #24
0001A838  11 56 F8 00 00 00 00 00... store.q r10, (sp)
0001A840  11 5F F8 00 08 00 00 00... store.q r11, 8(sp)
0001A848  11 67 F8 00 10 00 00 00... store.q r12, 16(sp)
                         .ab_ds_loop:
0001A850  10 67 F8 00 10 00 00 00... load.q  r12, 16(sp)
0001A858  10 18 60 00 00 00 00 00... load.b  r3, (r12)
0001A860  41 06 18 00 58 00 00 00... beq r3, r0, .ab_ds_done
0001A868  10 56 F8 00 00 00 00 00... load.q  r10, (sp)
0001A870  10 5F F8 00 08 00 00 00... load.q  r11, 8(sp)
0001A878  50 06 00 00 B8 FE FF FF... jsr     .ab_draw_char
0001A880  10 56 F8 00 00 00 00 00... load.q  r10, (sp)
0001A888  20 57 50 00 08 00 00 00... add     r10, r10, #8
0001A890  11 56 F8 00 00 00 00 00... store.q r10, (sp)
0001A898  10 67 F8 00 10 00 00 00... load.q  r12, 16(sp)
0001A8A0  20 67 60 00 01 00 00 00... add     r12, r12, #1
0001A8A8  11 67 F8 00 10 00 00 00... store.q r12, 16(sp)
0001A8B0  40 06 00 00 A0 FF FF FF... bra     .ab_ds_loop
                         .ab_ds_done:
0001A8B8  20 FF F8 00 18 00 00 00... add     sp, sp, #24
0001A8C0  51 00 00 00 00 00 00 00... rts
                         prog_about_code_end:
                         prog_about_data:
                         ds.b    128  ; 128 bytes reserved
                         ds.b    8  ; 8 bytes reserved
                         ds.b    8  ; 8 bytes reserved
                         ds.b    8  ; 8 bytes reserved
                         ds.b    8  ; 8 bytes reserved
                         ds.b    8  ; 8 bytes reserved
                         ds.b    8  ; 8 bytes reserved
                         ds.b    8  ; 8 bytes reserved
                         ds.b    8  ; 8 bytes reserved
                         ds.b    16  ; 16 bytes reserved
                         ds.b    8  ; 8 bytes reserved
                         ds.b    8  ; 8 bytes reserved
0001A9A8  41 62 6F 75 74 20 4D 31... dc.b    "About M12 ready", 0
                         ds.b    16  ; 16 bytes reserved
0001A9C8  69 6E 74 75 69 74 69 6F... dc.b    "intuition.library", 0
                         ds.b    14  ; 14 bytes reserved
0001A9E8  41 62 6F 75 74 20 49 6E... dc.b    "About IntuitionOS", 0
                         ds.b    14  ; 14 bytes reserved
0001AA08  50 72 6F 74 65 63 74 65... dc.b    "Protected Exec-inspired kernel", 0
                         ds.b    1  ; 1 bytes reserved
0001AA28  69 6E 74 75 69 74 69 6F... dc.b    "intuition.library demonstration", 0
0001AA48  41 6C 6C 20 73 65 72 76... dc.b    "All services run in user space", 0
                         ds.b    1  ; 1 bytes reserved
0001AA68  50 72 65 73 73 20 45 73... dc.b    "Press Esc to close", 0
                         ds.b    13  ; 13 bytes reserved
                         ds.b    576  ; 576 bytes reserved
                         incbin  "topaz.raw"  ; 4096 bytes
                         prog_about_iosm:
0001BCC8  49 4F 53 4D              dc.l    IOSM_MAGIC
0001BCCC  01 00 00 00              dc.l    IOSM_SCHEMA_VERSION
0001BCD0  05                       dc.b    IOSM_KIND_COMMAND
0001BCD1  00                       dc.b    0
0001BCD2  01 00                    dc.w    1
0001BCD4  00 00                    dc.w    0
0001BCD6  01 00                    dc.w    1
0001BCD8  41 62 6F 75 74 00        dc.b    "About", 0
                         ds.b    IOSM_NAME_SIZE - 7  ; 25 bytes reserved
0001BCF7  04 00 00 00              dc.l    MODF_ASLR_CAPABLE
0001BCFB  00 00 00 00              dc.l    0
0001BCFF  32 30 32 36 2D 30 34 2D... dc.b    "2026-04-25", 0
                         ds.b    IOSM_BUILD_DATE_SIZE - 11  ; 5 bytes reserved
0001BD0F  43 6F 70 79 72 69 67 68... dc.b    0x43, 0x6F, 0x70, 0x79, 0x72, 0x69, 0x67, 0x68, 0x74, 0x20, 0xA9, 0x20, 0x32, 0x30, 0x32, 0x36, 0x20, 0x5A, 0x61, 0x79, 0x6E, 0x20, 0x4F, 0x74, 0x6C, 0x65, 0x79, 0
                         ds.b    IOSM_COPYRIGHT_SIZE - 28  ; 20 bytes reserved
                         ds.b    8  ; 8 bytes reserved
                         prog_about_data_end:
                         align   8  ; 1 bytes padding
                         prog_about_end:
                         prog_elfseg:
0001BD48  7F 45 4C 46 02 01 01 00... dc.b    0x7F, 0x45, 0x4C, 0x46, 0x02, 0x01, 0x01, 0x00
                         ds.b    8  ; 8 bytes reserved
0001BD58  02 00                    dc.w    0x0002
0001BD5A  45 49                    dc.w    0x4945
0001BD5C  01 00 00 00              dc.l    1
0001BD60  00 10 60 00 00 00 00 00... dc.q    0x0000000000601000
0001BD68  40 00 00 00 00 00 00 00... dc.q    0x0000000000000040
0001BD70  00 00 00 00 00 00 00 00... dc.q    0
0001BD78  00 00 00 00              dc.l    0
0001BD7C  40 00                    dc.w    64
0001BD7E  38 00                    dc.w    56
0001BD80  02 00                    dc.w    2
0001BD82  00 00                    dc.w    0
0001BD84  00 00                    dc.w    0
0001BD86  00 00                    dc.w    0
0001BD88  01 00 00 00              dc.l    1
0001BD8C  05 00 00 00              dc.l    5
0001BD90  00 10 00 00 00 00 00 00... dc.q    0x0000000000001000
0001BD98  00 10 60 00 00 00 00 00... dc.q    0x0000000000601000
0001BDA0  00 10 60 00 00 00 00 00... dc.q    0x0000000000601000
0001BDA8  04 00 00 00 00 00 00 00... dc.q    4
0001BDB0  00 10 00 00 00 00 00 00... dc.q    0x0000000000001000
0001BDB8  00 10 00 00 00 00 00 00... dc.q    0x0000000000001000
0001BDC0  01 00 00 00              dc.l    1
0001BDC4  06 00 00 00              dc.l    6
0001BDC8  00 20 00 00 00 00 00 00... dc.q    0x0000000000002000
0001BDD0  00 20 60 00 00 00 00 00... dc.q    0x0000000000602000
0001BDD8  00 20 60 00 00 00 00 00... dc.q    0x0000000000602000
0001BDE0  04 00 00 00 00 00 00 00... dc.q    4
0001BDE8  00 10 00 00 00 00 00 00... dc.q    0x0000000000001000
0001BDF0  00 10 00 00 00 00 00 00... dc.q    0x0000000000001000
                         ds.b    3920  ; 3920 bytes reserved
0001CD48  11 22 33 44              dc.b    0x11, 0x22, 0x33, 0x44
                         ds.b    4092  ; 4092 bytes reserved
0001DD48  55 66 77 88              dc.b    0x55, 0x66, 0x77, 0x88
                         prog_elfseg_iosm:
                         prog_elfseg_end:
                         align   8  ; 4 bytes padding
                         prog_doslib_pmp_desc_dst:
                         ds.b    IOSM_SIZE  ; 128 bytes reserved
                         prog_doslib_resident_cmd_cache:
                         ds.b    (DOS_RCMD_CACHE_ROW_SZ * DOS_RCMD_CACHE_MAX)  ; 3456 bytes reserved
                         prog_doslib_iosm:
0001EB50  49 4F 53 4D              dc.l    IOSM_MAGIC
0001EB54  01 00 00 00              dc.l    IOSM_SCHEMA_VERSION
0001EB58  01                       dc.b    IOSM_KIND_LIBRARY
0001EB59  00                       dc.b    0
0001EB5A  10 00                    dc.w    16
0001EB5C  00 00                    dc.w    0
0001EB5E  00 00                    dc.w    0
0001EB60  64 6F 73 2E 6C 69 62 72... dc.b    "dos.library", 0
                         ds.b    IOSM_NAME_SIZE - 12  ; 20 bytes reserved
0001EB80  06 00 00 00              dc.l    MODF_COMPAT_PORT | MODF_ASLR_CAPABLE
0001EB84  00 00 00 00              dc.l    0
0001EB88  32 30 32 36 2D 30 34 2D... dc.b    "2026-04-25", 0
                         ds.b    IOSM_BUILD_DATE_SIZE - 11  ; 5 bytes reserved
0001EB98  43 6F 70 79 72 69 67 68... dc.b    0x43, 0x6F, 0x70, 0x79, 0x72, 0x69, 0x67, 0x68, 0x74, 0x20, 0xA9, 0x20, 0x32, 0x30, 0x32, 0x36, 0x20, 0x5A, 0x61, 0x79, 0x6E, 0x20, 0x4F, 0x74, 0x6C, 0x65, 0x79, 0
                         ds.b    IOSM_COPYRIGHT_SIZE - 28  ; 20 bytes reserved
                         ds.b    8  ; 8 bytes reserved
                         prog_shell:
0001EBD0  00 00 00 00 00 00 00 00... dc.l    0, 0
0001EBD8  A0 14 00 00              dc.l    prog_shell_code_end - prog_shell_code
0001EBDC  B0 02 00 00              dc.l    prog_shell_data_end - prog_shell_data
0001EBE0  00 00 00 00              dc.l    0
                         ds.b    12  ; 12 bytes reserved
                         prog_shell_code:
0001EBF0  21 FF F8 00 10 00 00 00... sub     sp, sp, #16
                         .sh_preamble:
0001EBF8  10 F6 F8 00 00 00 00 00... load.q  r30, (sp)
0001EC00  10 EF F8 00 08 00 00 00... load.q  r29, 8(sp)
0001EC08  11 EE F8 00 00 00 00 00... store.q r29, (sp)
0001EC10  10 0D F0 00 08 00 00 00... load.l  r1, TASKSB_TASK_ID(r30)
0001EC18  11 0F E8 00 80 00 00 00... store.q r1, 128(r29)
                         .sh_open_con_retry:
0001EC20  10 EE F8 00 00 00 00 00... load.q  r29, (sp)
0001EC28  01 0E E8 00 00 00 00 00... move.q  r1, r29
0001EC30  01 16 00 00 00 00 00 00... move.q  r2, r0
0001EC38  EB 01 00 00 10 00 00 00... syscall #SYS_FIND_PORT
0001EC40  10 EE F8 00 00 00 00 00... load.q  r29, (sp)
0001EC48  41 06 10 00 20 00 00 00... beq r2, r0, .sh_open_con_ok
0001EC50  EB 01 00 00 1A 00 00 00... syscall #SYS_YIELD
0001EC58  10 EE F8 00 00 00 00 00... load.q  r29, (sp)
0001EC60  40 06 00 00 C0 FF FF FF... bra     .sh_open_con_retry
                         .sh_open_con_ok:
0001EC68  11 0F E8 00 88 00 00 00... store.q r1, 136(r29)
                         .sh_open_dos_alloc:
0001EC70  01 0D 00 00 10 00 00 00... move.l  r1, #16
0001EC78  EB 01 00 00 0B 00 00 00... syscall #SYS_ALLOC_SIGNAL
0001EC80  10 EE F8 00 00 00 00 00... load.q  r29, (sp)
0001EC88  42 06 10 00 80 01 00 00... bne r2, r0, .sh_open_dos_alloc_wait
0001EC90  11 0F E8 00 C0 00 00 00... store.q r1, 192(r29)
                         .sh_open_dos_retry:
0001EC98  10 EE F8 00 00 00 00 00... load.q  r29, (sp)
0001ECA0  01 75 00 00 FF FF FF FF... move.l  r14, #0xFFFFFFFF
0001ECA8  11 75 E8 00 C8 00 00 00... store.l r14, 200(r29)
0001ECB0  11 05 E8 00 CC 00 00 00... store.l r0, 204(r29)
0001ECB8  11 05 E8 00 D0 00 00 00... store.l r0, 208(r29)
0001ECC0  11 05 E8 00 D4 00 00 00... store.l r0, 212(r29)
0001ECC8  20 0F E8 00 10 00 00 00... add     r1, r29, #16
0001ECD0  01 16 00 00 00 00 00 00... move.q  r2, r0
0001ECD8  10 1F E8 00 C0 00 00 00... load.q  r3, 192(r29)
0001ECE0  20 27 E8 00 C8 00 00 00... add     r4, r29, #200
0001ECE8  EB 01 00 00 2D 00 00 00... syscall #SYS_OPEN_LIBRARY_EX
0001ECF0  10 EE F8 00 00 00 00 00... load.q  r29, (sp)
0001ECF8  41 06 10 00 88 00 00 00... beq r2, r0, .sh_find_dos
0001ED00  01 75 00 00 06 00 00 00... move.l  r14, #ERR_AGAIN
0001ED08  42 06 10 70 E8 00 00 00... bne     r2, r14, .sh_open_dos_wait
0001ED10  10 75 E8 00 C8 00 00 00... load.l  r14, 200(r29)
0001ED18  01 7D 00 00 FF FF FF FF... move.l  r15, #0xFFFFFFFF
0001ED20  42 06 70 78 50 00 00 00... bne     r14, r15, .sh_open_dos_done
0001ED28  10 77 E8 00 C0 00 00 00... load.q  r14, 192(r29)
0001ED30  01 0F 00 00 01 00 00 00... move.q  r1, #1
0001ED38  34 0E 08 70 00 00 00 00... lsl     r1, r1, r14
0001ED40  EB 01 00 00 0E 00 00 00... syscall #SYS_WAIT
0001ED48  10 EE F8 00 00 00 00 00... load.q  r29, (sp)
0001ED50  42 06 10 00 A0 00 00 00... bne r2, r0, .sh_open_dos_wait
0001ED58  10 75 E8 00 C8 00 00 00... load.l  r14, 200(r29)
0001ED60  01 7D 00 00 FF FF FF FF... move.l  r15, #0xFFFFFFFF
0001ED68  41 06 70 78 88 00 00 00... beq     r14, r15, .sh_open_dos_wait
                         .sh_open_dos_done:
0001ED70  11 0F E8 00 D8 00 00 00... store.q r1, 216(r29)
0001ED78  42 06 70 00 78 00 00 00... bne r14, r0, .sh_open_dos_wait
                         .sh_find_dos:
0001ED80  10 EE F8 00 00 00 00 00... load.q  r29, (sp)
0001ED88  20 0F E8 00 10 00 00 00... add     r1, r29, #16
0001ED90  01 16 00 00 00 00 00 00... move.q  r2, r0
0001ED98  EB 01 00 00 10 00 00 00... syscall #SYS_FIND_PORT
0001EDA0  10 EE F8 00 00 00 00 00... load.q  r29, (sp)
0001EDA8  42 06 10 00 48 00 00 00... bne r2, r0, .sh_open_dos_wait
                         .sh_open_dos_ok:
0001EDB0  11 0F E8 00 90 00 00 00... store.q r1, 144(r29)
0001EDB8  10 77 E8 00 C0 00 00 00... load.q  r14, 192(r29)
0001EDC0  41 06 70 00 28 00 00 00... beq r14, r0, .sh_open_dos_sigfree_done
0001EDC8  01 0E 70 00 00 00 00 00... move.q  r1, r14
0001EDD0  EB 01 00 00 0C 00 00 00... syscall #SYS_FREE_SIGNAL
0001EDD8  10 EE F8 00 00 00 00 00... load.q  r29, (sp)
0001EDE0  11 07 E8 00 C0 00 00 00... store.q r0, 192(r29)
                         .sh_open_dos_sigfree_done:
0001EDE8  40 06 00 00 38 00 00 00... bra     .sh_open_dos_ready
                         .sh_open_dos_wait:
0001EDF0  EB 01 00 00 1A 00 00 00... syscall #SYS_YIELD
0001EDF8  10 EE F8 00 00 00 00 00... load.q  r29, (sp)
0001EE00  40 06 00 00 98 FE FF FF... bra     .sh_open_dos_retry
                         .sh_open_dos_alloc_wait:
0001EE08  EB 01 00 00 1A 00 00 00... syscall #SYS_YIELD
0001EE10  10 EE F8 00 00 00 00 00... load.q  r29, (sp)
0001EE18  40 06 00 00 58 FE FF FF... bra     .sh_open_dos_alloc
                         .sh_open_dos_ready:
0001EE20  01 0E 00 00 00 00 00 00... move.q  r1, r0
0001EE28  01 16 00 00 00 00 00 00... move.q  r2, r0
0001EE30  EB 01 00 00 0F 00 00 00... syscall #SYS_CREATE_PORT
0001EE38  10 EE F8 00 00 00 00 00... load.q  r29, (sp)
0001EE40  11 0F E8 00 98 00 00 00... store.q r1, 152(r29)
0001EE48  01 0D 00 00 00 10 00 00... move.l  r1, #0x1000
0001EE50  01 15 00 00 01 00 01 00... move.l  r2, #0x10001
0001EE58  EB 01 00 00 01 00 00 00... syscall #SYS_ALLOC_MEM
0001EE60  10 EE F8 00 00 00 00 00... load.q  r29, (sp)
0001EE68  11 0F E8 00 A0 00 00 00... store.q r1, 160(r29)
0001EE70  11 1D E8 00 A8 00 00 00... store.l r3, 168(r29)
0001EE78  40 06 00 00 08 02 00 00... bra     .sh_ban_done
0001EE80  20 A7 E8 00 20 00 00 00... add     r20, r29, #32
0001EE88  50 06 00 00 30 11 00 00... jsr     .sh_send_string
0001EE90  10 EE F8 00 00 00 00 00... load.q  r29, (sp)
                         .sh_ban_id_retry:
0001EE98  10 EE F8 00 00 00 00 00... load.q  r29, (sp)
0001EEA0  10 1F E8 00 80 00 00 00... load.q  r3, 128(r29)
0001EEA8  20 1F 18 00 30 00 00 00... add     r3, r3, #0x30
0001EEB0  01 15 00 00 00 00 00 00... move.l  r2, #0
0001EEB8  01 26 00 00 00 00 00 00... move.q  r4, r0
0001EEC0  01 2D 00 00 FF FF 00 00... move.l  r5, #REPLY_PORT_NONE
0001EEC8  01 36 00 00 00 00 00 00... move.q  r6, r0
0001EED0  10 0F E8 00 88 00 00 00... load.q  r1, 136(r29)
0001EED8  EB 01 00 00 11 00 00 00... syscall #SYS_PUT_MSG
0001EEE0  10 EE F8 00 00 00 00 00... load.q  r29, (sp)
0001EEE8  01 E5 00 00 09 00 00 00... move.l  r28, #ERR_FULL
0001EEF0  41 06 10 E0 10 00 00 00... beq     r2, r28, .sh_ban_id_full
0001EEF8  40 06 00 00 20 00 00 00... bra     .sh_ban_bracket
                         .sh_ban_id_full:
0001EF00  EB 01 00 00 1A 00 00 00... syscall #SYS_YIELD
0001EF08  10 EE F8 00 00 00 00 00... load.q  r29, (sp)
0001EF10  40 06 00 00 88 FF FF FF... bra     .sh_ban_id_retry
                         .sh_ban_bracket:
                         .sh_ban_brk_retry:
0001EF18  01 1D 00 00 5D 00 00 00... move.l  r3, #0x5D
0001EF20  01 15 00 00 00 00 00 00... move.l  r2, #0
0001EF28  01 26 00 00 00 00 00 00... move.q  r4, r0
0001EF30  01 2D 00 00 FF FF 00 00... move.l  r5, #REPLY_PORT_NONE
0001EF38  01 36 00 00 00 00 00 00... move.q  r6, r0
0001EF40  10 EE F8 00 00 00 00 00... load.q  r29, (sp)
0001EF48  10 0F E8 00 88 00 00 00... load.q  r1, 136(r29)
0001EF50  EB 01 00 00 11 00 00 00... syscall #SYS_PUT_MSG
0001EF58  10 EE F8 00 00 00 00 00... load.q  r29, (sp)
0001EF60  01 E5 00 00 09 00 00 00... move.l  r28, #ERR_FULL
0001EF68  41 06 10 E0 10 00 00 00... beq     r2, r28, .sh_ban_brk_full
0001EF70  40 06 00 00 20 00 00 00... bra     .sh_ban_cr
                         .sh_ban_brk_full:
0001EF78  EB 01 00 00 1A 00 00 00... syscall #SYS_YIELD
0001EF80  10 EE F8 00 00 00 00 00... load.q  r29, (sp)
0001EF88  40 06 00 00 90 FF FF FF... bra     .sh_ban_brk_retry
                         .sh_ban_cr:
                         .sh_ban_cr_retry:
0001EF90  01 1D 00 00 0D 00 00 00... move.l  r3, #0x0D
0001EF98  01 15 00 00 00 00 00 00... move.l  r2, #0
0001EFA0  01 26 00 00 00 00 00 00... move.q  r4, r0
0001EFA8  01 2D 00 00 FF FF 00 00... move.l  r5, #REPLY_PORT_NONE
0001EFB0  01 36 00 00 00 00 00 00... move.q  r6, r0
0001EFB8  10 EE F8 00 00 00 00 00... load.q  r29, (sp)
0001EFC0  10 0F E8 00 88 00 00 00... load.q  r1, 136(r29)
0001EFC8  EB 01 00 00 11 00 00 00... syscall #SYS_PUT_MSG
0001EFD0  10 EE F8 00 00 00 00 00... load.q  r29, (sp)
0001EFD8  01 E5 00 00 09 00 00 00... move.l  r28, #ERR_FULL
0001EFE0  41 06 10 E0 10 00 00 00... beq     r2, r28, .sh_ban_cr_full
0001EFE8  40 06 00 00 20 00 00 00... bra     .sh_ban_lf
                         .sh_ban_cr_full:
0001EFF0  EB 01 00 00 1A 00 00 00... syscall #SYS_YIELD
0001EFF8  10 EE F8 00 00 00 00 00... load.q  r29, (sp)
0001F000  40 06 00 00 90 FF FF FF... bra     .sh_ban_cr_retry
                         .sh_ban_lf:
                         .sh_ban_lf_retry:
0001F008  01 1D 00 00 0A 00 00 00... move.l  r3, #0x0A
0001F010  01 15 00 00 00 00 00 00... move.l  r2, #0
0001F018  01 26 00 00 00 00 00 00... move.q  r4, r0
0001F020  01 2D 00 00 FF FF 00 00... move.l  r5, #REPLY_PORT_NONE
0001F028  01 36 00 00 00 00 00 00... move.q  r6, r0
0001F030  10 EE F8 00 00 00 00 00... load.q  r29, (sp)
0001F038  10 0F E8 00 88 00 00 00... load.q  r1, 136(r29)
0001F040  EB 01 00 00 11 00 00 00... syscall #SYS_PUT_MSG
0001F048  10 EE F8 00 00 00 00 00... load.q  r29, (sp)
0001F050  01 E5 00 00 09 00 00 00... move.l  r28, #ERR_FULL
0001F058  41 06 10 E0 10 00 00 00... beq     r2, r28, .sh_ban_lf_full
0001F060  40 06 00 00 20 00 00 00... bra     .sh_ban_done
                         .sh_ban_lf_full:
0001F068  EB 01 00 00 1A 00 00 00... syscall #SYS_YIELD
0001F070  10 EE F8 00 00 00 00 00... load.q  r29, (sp)
0001F078  40 06 00 00 90 FF FF FF... bra     .sh_ban_lf_retry
                         .sh_ban_done:
0001F080  10 EE F8 00 00 00 00 00... load.q  r29, (sp)
0001F088  11 01 E8 00 B0 00 00 00... store.b r0, 176(r29)
0001F090  11 05 E8 00 B8 00 00 00... store.l r0, 184(r29)
0001F098  11 05 E8 00 BC 00 00 00... store.l r0, 188(r29)
0001F0A0  10 77 E8 00 A0 00 00 00... load.q  r14, 160(r29)
0001F0A8  20 7F E8 00 40 01 00 00... add     r15, r29, #320
0001F0B0  01 85 00 00 53 00 00 00... move.l  r16, #0x53
0001F0B8  11 80 70 00 00 00 00 00... store.b r16, (r14)
0001F0C0  01 85 00 00 3A 00 00 00... move.l  r16, #0x3A
0001F0C8  11 81 70 00 01 00 00 00... store.b r16, 1(r14)
0001F0D0  01 85 00 00 53 00 00 00... move.l  r16, #0x53
0001F0D8  11 81 70 00 02 00 00 00... store.b r16, 2(r14)
0001F0E0  01 85 00 00 74 00 00 00... move.l  r16, #0x74
0001F0E8  11 81 70 00 03 00 00 00... store.b r16, 3(r14)
0001F0F0  01 85 00 00 61 00 00 00... move.l  r16, #0x61
0001F0F8  11 81 70 00 04 00 00 00... store.b r16, 4(r14)
0001F100  01 85 00 00 72 00 00 00... move.l  r16, #0x72
0001F108  11 81 70 00 05 00 00 00... store.b r16, 5(r14)
0001F110  01 85 00 00 74 00 00 00... move.l  r16, #0x74
0001F118  11 81 70 00 06 00 00 00... store.b r16, 6(r14)
0001F120  01 85 00 00 75 00 00 00... move.l  r16, #0x75
0001F128  11 81 70 00 07 00 00 00... store.b r16, 7(r14)
0001F130  01 85 00 00 70 00 00 00... move.l  r16, #0x70
0001F138  11 81 70 00 08 00 00 00... store.b r16, 8(r14)
0001F140  01 85 00 00 2D 00 00 00... move.l  r16, #0x2D
0001F148  11 81 70 00 09 00 00 00... store.b r16, 9(r14)
0001F150  01 85 00 00 53 00 00 00... move.l  r16, #0x53
0001F158  11 81 70 00 0A 00 00 00... store.b r16, 10(r14)
0001F160  01 85 00 00 65 00 00 00... move.l  r16, #0x65
0001F168  11 81 70 00 0B 00 00 00... store.b r16, 11(r14)
0001F170  01 85 00 00 71 00 00 00... move.l  r16, #0x71
0001F178  11 81 70 00 0C 00 00 00... store.b r16, 12(r14)
0001F180  01 85 00 00 75 00 00 00... move.l  r16, #0x75
0001F188  11 81 70 00 0D 00 00 00... store.b r16, 13(r14)
0001F190  01 85 00 00 65 00 00 00... move.l  r16, #0x65
0001F198  11 81 70 00 0E 00 00 00... store.b r16, 14(r14)
0001F1A0  01 85 00 00 6E 00 00 00... move.l  r16, #0x6E
0001F1A8  11 81 70 00 0F 00 00 00... store.b r16, 15(r14)
0001F1B0  01 85 00 00 63 00 00 00... move.l  r16, #0x63
0001F1B8  11 81 70 00 10 00 00 00... store.b r16, 16(r14)
0001F1C0  01 85 00 00 65 00 00 00... move.l  r16, #0x65
0001F1C8  11 81 70 00 11 00 00 00... store.b r16, 17(r14)
0001F1D0  11 01 70 00 12 00 00 00... store.b r0, 18(r14)
0001F1D8  10 EE F8 00 00 00 00 00... load.q  r29, (sp)
0001F1E0  01 15 00 00 01 00 00 00... move.l  r2, #DOS_OPEN
0001F1E8  01 1E 00 00 00 00 00 00... move.q  r3, r0
0001F1F0  01 26 00 00 00 00 00 00... move.q  r4, r0
0001F1F8  10 2F E8 00 98 00 00 00... load.q  r5, 152(r29)
0001F200  10 35 E8 00 A8 00 00 00... load.l  r6, 168(r29)
0001F208  10 0F E8 00 90 00 00 00... load.q  r1, 144(r29)
0001F210  EB 01 00 00 11 00 00 00... syscall #SYS_PUT_MSG
0001F218  10 EE F8 00 00 00 00 00... load.q  r29, (sp)
0001F220  10 0F E8 00 98 00 00 00... load.q  r1, 152(r29)
0001F228  EB 01 00 00 13 00 00 00... syscall #SYS_WAIT_PORT
0001F230  10 EE F8 00 00 00 00 00... load.q  r29, (sp)
0001F238  42 06 08 00 50 01 00 00... bne r1, r0, .sh_no_script
0001F240  01 8E 10 00 00 00 00 00... move.q  r17, r2
0001F248  11 8F F8 00 08 00 00 00... store.q r17, 8(sp)
0001F250  10 EE F8 00 00 00 00 00... load.q  r29, (sp)
0001F258  01 15 00 00 02 00 00 00... move.l  r2, #DOS_READ
0001F260  10 1F F8 00 08 00 00 00... load.q  r3, 8(sp)
0001F268  01 25 00 00 40 01 00 00... move.l  r4, #320
0001F270  10 2F E8 00 98 00 00 00... load.q  r5, 152(r29)
0001F278  10 35 E8 00 A8 00 00 00... load.l  r6, 168(r29)
0001F280  10 0F E8 00 90 00 00 00... load.q  r1, 144(r29)
0001F288  EB 01 00 00 11 00 00 00... syscall #SYS_PUT_MSG
0001F290  10 EE F8 00 00 00 00 00... load.q  r29, (sp)
0001F298  10 0F E8 00 98 00 00 00... load.q  r1, 152(r29)
0001F2A0  EB 01 00 00 13 00 00 00... syscall #SYS_WAIT_PORT
0001F2A8  10 EE F8 00 00 00 00 00... load.q  r29, (sp)
0001F2B0  42 06 08 00 78 00 00 00... bne r1, r0, .sh_close_script
0001F2B8  01 96 10 00 00 00 00 00... move.q  r18, r2
0001F2C0  11 95 E8 00 BC 00 00 00... store.l r18, 188(r29)
0001F2C8  10 77 E8 00 A0 00 00 00... load.q  r14, 160(r29)
0001F2D0  20 7F E8 00 70 01 00 00... add     r15, r29, #368
0001F2D8  01 85 00 00 00 00 00 00... move.l  r16, #0
                         .sh_copy_script:
0001F2E0  44 06 80 90 38 00 00 00... bge     r16, r18, .sh_copy_script_done
0001F2E8  20 9E 70 80 00 00 00 00... add     r19, r14, r16
0001F2F0  10 A0 98 00 00 00 00 00... load.b  r20, (r19)
0001F2F8  20 9E 78 80 00 00 00 00... add     r19, r15, r16
0001F300  11 A0 98 00 00 00 00 00... store.b r20, (r19)
0001F308  20 87 80 00 01 00 00 00... add     r16, r16, #1
0001F310  40 06 00 00 D0 FF FF FF... bra     .sh_copy_script
                         .sh_copy_script_done:
0001F318  01 75 00 00 01 00 00 00... move.l  r14, #1
0001F320  11 71 E8 00 B0 00 00 00... store.b r14, 176(r29)
                         .sh_close_script:
0001F328  10 EE F8 00 00 00 00 00... load.q  r29, (sp)
0001F330  01 15 00 00 04 00 00 00... move.l  r2, #DOS_CLOSE
0001F338  10 1F F8 00 08 00 00 00... load.q  r3, 8(sp)
0001F340  01 26 00 00 00 00 00 00... move.q  r4, r0
0001F348  10 2F E8 00 98 00 00 00... load.q  r5, 152(r29)
0001F350  10 35 E8 00 A8 00 00 00... load.l  r6, 168(r29)
0001F358  10 0F E8 00 90 00 00 00... load.q  r1, 144(r29)
0001F360  EB 01 00 00 11 00 00 00... syscall #SYS_PUT_MSG
0001F368  10 EE F8 00 00 00 00 00... load.q  r29, (sp)
0001F370  10 0F E8 00 98 00 00 00... load.q  r1, 152(r29)
0001F378  EB 01 00 00 13 00 00 00... syscall #SYS_WAIT_PORT
0001F380  10 EE F8 00 00 00 00 00... load.q  r29, (sp)
                         .sh_no_script:
                         .sh_script_line:
0001F388  10 EE F8 00 00 00 00 00... load.q  r29, (sp)
0001F390  10 75 E8 00 B8 00 00 00... load.l  r14, 184(r29)
0001F398  10 7D E8 00 BC 00 00 00... load.l  r15, 188(r29)
0001F3A0  44 06 70 78 B0 00 00 00... bge     r14, r15, .sh_script_done
0001F3A8  20 87 E8 00 70 01 00 00... add     r16, r29, #368
0001F3B0  20 86 80 70 00 00 00 00... add     r16, r16, r14
0001F3B8  20 8F E8 00 F0 00 00 00... add     r17, r29, #240
0001F3C0  01 95 00 00 00 00 00 00... move.l  r18, #0
                         .sh_sl_copy:
0001F3C8  44 06 70 78 68 00 00 00... bge     r14, r15, .sh_sl_eol
0001F3D0  01 9D 00 00 7E 00 00 00... move.l  r19, #126
0001F3D8  44 06 90 98 58 00 00 00... bge     r18, r19, .sh_sl_eol
0001F3E0  10 A0 80 00 00 00 00 00... load.b  r20, (r16)
0001F3E8  01 9D 00 00 0A 00 00 00... move.l  r19, #0x0A
0001F3F0  41 06 A0 98 38 00 00 00... beq     r20, r19, .sh_sl_eol_inc
0001F3F8  11 A0 88 00 00 00 00 00... store.b r20, (r17)
0001F400  20 87 80 00 01 00 00 00... add     r16, r16, #1
0001F408  20 8F 88 00 01 00 00 00... add     r17, r17, #1
0001F410  20 97 90 00 01 00 00 00... add     r18, r18, #1
0001F418  20 77 70 00 01 00 00 00... add     r14, r14, #1
0001F420  40 06 00 00 A8 FF FF FF... bra     .sh_sl_copy
                         .sh_sl_eol_inc:
0001F428  20 77 70 00 01 00 00 00... add     r14, r14, #1
                         .sh_sl_eol:
0001F430  11 00 88 00 00 00 00 00... store.b r0, (r17)
0001F438  11 75 E8 00 B8 00 00 00... store.l r14, 184(r29)
0001F440  01 8E 90 00 00 00 00 00... move.q  r17, r18
0001F448  40 06 00 00 50 01 00 00... bra     .sh_line_sanitize
                         .sh_script_done:
0001F450  11 01 E8 00 B0 00 00 00... store.b r0, 176(r29)
0001F458  40 06 00 00 08 00 00 00... bra     .sh_main_loop
                         .sh_main_loop:
0001F460  10 EE F8 00 00 00 00 00... load.q  r29, (sp)
0001F468  10 71 E8 00 B0 00 00 00... load.b  r14, 176(r29)
0001F470  42 06 70 00 18 FF FF FF... bne r14, r0, .sh_script_line
0001F478  20 A7 E8 00 50 00 00 00... add     r20, r29, #80
0001F480  50 06 00 00 38 0B 00 00... jsr     .sh_send_string
                         .sh_readline_retry:
0001F488  10 EE F8 00 00 00 00 00... load.q  r29, (sp)
0001F490  01 15 00 00 02 00 00 00... move.l  r2, #CON_MSG_READLINE
0001F498  01 1E 00 00 00 00 00 00... move.q  r3, r0
0001F4A0  01 26 00 00 00 00 00 00... move.q  r4, r0
0001F4A8  10 2F E8 00 98 00 00 00... load.q  r5, 152(r29)
0001F4B0  10 35 E8 00 A8 00 00 00... load.l  r6, 168(r29)
0001F4B8  10 0F E8 00 88 00 00 00... load.q  r1, 136(r29)
0001F4C0  EB 01 00 00 11 00 00 00... syscall #SYS_PUT_MSG
0001F4C8  10 EE F8 00 00 00 00 00... load.q  r29, (sp)
0001F4D0  01 E5 00 00 09 00 00 00... move.l  r28, #ERR_FULL
0001F4D8  41 06 10 E0 10 00 00 00... beq     r2, r28, .sh_readline_full
0001F4E0  40 06 00 00 20 00 00 00... bra     .sh_readline_sent
                         .sh_readline_full:
0001F4E8  EB 01 00 00 1A 00 00 00... syscall #SYS_YIELD
0001F4F0  10 EE F8 00 00 00 00 00... load.q  r29, (sp)
0001F4F8  40 06 00 00 90 FF FF FF... bra     .sh_readline_retry
                         .sh_readline_sent:
0001F500  10 0F E8 00 98 00 00 00... load.q  r1, 152(r29)
0001F508  EB 01 00 00 13 00 00 00... syscall #SYS_WAIT_PORT
0001F510  10 EE F8 00 00 00 00 00... load.q  r29, (sp)
0001F518  11 17 F8 00 08 00 00 00... store.q r2, 8(sp)
0001F520  10 77 E8 00 A0 00 00 00... load.q  r14, 160(r29)
0001F528  20 7F E8 00 F0 00 00 00... add     r15, r29, #240
0001F530  10 87 F8 00 08 00 00 00... load.q  r16, 8(sp)
0001F538  01 8D 00 00 00 00 00 00... move.l  r17, #0
                         .sh_copy_line:
0001F540  44 06 88 80 48 00 00 00... bge     r17, r16, .sh_copy_done
0001F548  01 95 00 00 7E 00 00 00... move.l  r18, #126
0001F550  44 06 88 90 38 00 00 00... bge     r17, r18, .sh_copy_done
0001F558  20 9E 70 88 00 00 00 00... add     r19, r14, r17
0001F560  10 A0 98 00 00 00 00 00... load.b  r20, (r19)
0001F568  20 9E 78 88 00 00 00 00... add     r19, r15, r17
0001F570  11 A0 98 00 00 00 00 00... store.b r20, (r19)
0001F578  20 8F 88 00 01 00 00 00... add     r17, r17, #1
0001F580  40 06 00 00 C0 FF FF FF... bra     .sh_copy_line
                         .sh_copy_done:
0001F588  20 9E 78 88 00 00 00 00... add     r19, r15, r17
0001F590  11 00 98 00 00 00 00 00... store.b r0, (r19)
                         .sh_line_sanitize:
0001F598  20 7F E8 00 F0 00 00 00... add     r15, r29, #240
                         .sh_strip_trail:
0001F5A0  41 06 88 00 60 00 00 00... beq r17, r0, .sh_strip_done
0001F5A8  21 97 88 00 01 00 00 00... sub     r18, r17, #1
0001F5B0  20 9E 78 90 00 00 00 00... add     r19, r15, r18
0001F5B8  10 A0 98 00 00 00 00 00... load.b  r20, (r19)
0001F5C0  01 AD 00 00 0D 00 00 00... move.l  r21, #0x0D
0001F5C8  41 06 A0 A8 20 00 00 00... beq     r20, r21, .sh_strip_char
0001F5D0  01 AD 00 00 0A 00 00 00... move.l  r21, #0x0A
0001F5D8  41 06 A0 A8 10 00 00 00... beq     r20, r21, .sh_strip_char
0001F5E0  40 06 00 00 20 00 00 00... bra     .sh_strip_done
                         .sh_strip_char:
0001F5E8  11 00 98 00 00 00 00 00... store.b r0, (r19)
0001F5F0  01 8E 90 00 00 00 00 00... move.q  r17, r18
0001F5F8  40 06 00 00 A8 FF FF FF... bra     .sh_strip_trail
                         .sh_strip_done:
0001F600  20 7F E8 00 F0 00 00 00... add     r15, r29, #240
0001F608  10 A0 78 00 00 00 00 00... load.b  r20, (r15)
0001F610  01 AD 00 00 31 00 00 00... move.l  r21, #0x31
0001F618  42 06 A0 A8 78 00 00 00... bne     r20, r21, .sh_no_prompt_strip
0001F620  10 A1 78 00 01 00 00 00... load.b  r20, 1(r15)
0001F628  01 AD 00 00 3E 00 00 00... move.l  r21, #0x3E
0001F630  42 06 A0 A8 60 00 00 00... bne     r20, r21, .sh_no_prompt_strip
0001F638  10 A1 78 00 02 00 00 00... load.b  r20, 2(r15)
0001F640  01 AD 00 00 20 00 00 00... move.l  r21, #0x20
0001F648  42 06 A0 A8 48 00 00 00... bne     r20, r21, .sh_no_prompt_strip
0001F650  20 7F E8 00 F3 00 00 00... add     r15, r29, #243
0001F658  20 77 E8 00 F0 00 00 00... add     r14, r29, #240
                         .sh_prompt_copy:
0001F660  10 A0 78 00 00 00 00 00... load.b  r20, (r15)
0001F668  11 A0 70 00 00 00 00 00... store.b r20, (r14)
0001F670  41 06 A0 00 20 00 00 00... beq r20, r0, .sh_no_prompt_strip
0001F678  20 7F 78 00 01 00 00 00... add     r15, r15, #1
0001F680  20 77 70 00 01 00 00 00... add     r14, r14, #1
0001F688  40 06 00 00 D8 FF FF FF... bra     .sh_prompt_copy
                         .sh_no_prompt_strip:
                         .sh_line_ready:
0001F690  20 7F E8 00 F0 00 00 00... add     r15, r29, #240
0001F698  10 A0 78 00 00 00 00 00... load.b  r20, (r15)
0001F6A0  41 06 A0 00 C0 FD FF FF... beq r20, r0, .sh_main_loop
0001F6A8  20 7F E8 00 F0 00 00 00... add     r15, r29, #240
0001F6B0  01 86 78 00 00 00 00 00... move.q  r16, r15
                         .sh_scan_word:
0001F6B8  10 88 80 00 00 00 00 00... load.b  r17, (r16)
0001F6C0  41 06 88 00 28 00 00 00... beq r17, r0, .sh_word_end
0001F6C8  01 95 00 00 20 00 00 00... move.l  r18, #0x20
0001F6D0  41 06 88 90 18 00 00 00... beq     r17, r18, .sh_word_end
0001F6D8  20 87 80 00 01 00 00 00... add     r16, r16, #1
0001F6E0  40 06 00 00 D8 FF FF FF... bra     .sh_scan_word
                         .sh_word_end:
0001F6E8  21 8E 80 78 00 00 00 00... sub     r17, r16, r15
0001F6F0  41 06 88 00 70 FD FF FF... beq r17, r0, .sh_main_loop
                         .sh_dispatch_command:
0001F6F8  10 77 E8 00 A0 00 00 00... load.q  r14, 160(r29)
0001F700  01 96 78 00 00 00 00 00... move.q  r18, r15
0001F708  01 9E 70 00 00 00 00 00... move.q  r19, r14
0001F710  01 A5 00 00 00 00 00 00... move.l  r20, #0
                         .sh_cp_cmd:
0001F718  44 06 A0 88 38 00 00 00... bge     r20, r17, .sh_cp_cmd_done
0001F720  10 A8 90 00 00 00 00 00... load.b  r21, (r18)
0001F728  11 A8 98 00 00 00 00 00... store.b r21, (r19)
0001F730  20 97 90 00 01 00 00 00... add     r18, r18, #1
0001F738  20 9F 98 00 01 00 00 00... add     r19, r19, #1
0001F740  20 A7 A0 00 01 00 00 00... add     r20, r20, #1
0001F748  40 06 00 00 D0 FF FF FF... bra     .sh_cp_cmd
                         .sh_cp_cmd_done:
0001F750  11 00 98 00 00 00 00 00... store.b r0, (r19)
0001F758  01 A5 00 00 04 00 00 00... move.l  r20, #4
0001F760  42 06 88 A0 C8 00 00 00... bne     r17, r20, .sh_list_alias_done
0001F768  10 A0 78 00 00 00 00 00... load.b  r20, (r15)
0001F770  31 A7 A0 00 20 00 00 00... or      r20, r20, #0x20
0001F778  01 AD 00 00 6C 00 00 00... move.l  r21, #0x6C
0001F780  42 06 A0 A8 A8 00 00 00... bne     r20, r21, .sh_list_alias_done
0001F788  10 A1 78 00 01 00 00 00... load.b  r20, 1(r15)
0001F790  31 A7 A0 00 20 00 00 00... or      r20, r20, #0x20
0001F798  01 AD 00 00 69 00 00 00... move.l  r21, #0x69
0001F7A0  42 06 A0 A8 88 00 00 00... bne     r20, r21, .sh_list_alias_done
0001F7A8  10 A1 78 00 02 00 00 00... load.b  r20, 2(r15)
0001F7B0  31 A7 A0 00 20 00 00 00... or      r20, r20, #0x20
0001F7B8  01 AD 00 00 73 00 00 00... move.l  r21, #0x73
0001F7C0  42 06 A0 A8 68 00 00 00... bne     r20, r21, .sh_list_alias_done
0001F7C8  10 A1 78 00 03 00 00 00... load.b  r20, 3(r15)
0001F7D0  31 A7 A0 00 20 00 00 00... or      r20, r20, #0x20
0001F7D8  01 AD 00 00 74 00 00 00... move.l  r21, #0x74
0001F7E0  42 06 A0 A8 48 00 00 00... bne     r20, r21, .sh_list_alias_done
0001F7E8  01 A5 00 00 44 00 00 00... move.l  r20, #0x44
0001F7F0  11 A0 70 00 00 00 00 00... store.b r20, (r14)
0001F7F8  01 A5 00 00 49 00 00 00... move.l  r20, #0x49
0001F800  11 A1 70 00 01 00 00 00... store.b r20, 1(r14)
0001F808  01 A5 00 00 52 00 00 00... move.l  r20, #0x52
0001F810  11 A1 70 00 02 00 00 00... store.b r20, 2(r14)
0001F818  11 01 70 00 03 00 00 00... store.b r0, 3(r14)
0001F820  20 9F 70 00 03 00 00 00... add     r19, r14, #3
                         .sh_list_alias_done:
0001F828  20 9F 98 00 01 00 00 00... add     r19, r19, #1
0001F830  10 A8 80 00 00 00 00 00... load.b  r21, (r16)
0001F838  41 06 A8 00 D0 02 00 00... beq r21, r0, .sh_no_args
0001F840  20 87 80 00 01 00 00 00... add     r16, r16, #1
                         .sh_copy_explicit_args:
0001F848  50 06 00 00 F0 00 00 00... jsr     .sh_is_path_cmd
0001F850  41 06 18 00 90 00 00 00... beq r3, r0, .sh_cp_args_init
0001F858  20 97 E8 00 C0 00 00 00... add     r18, r29, #192
0001F860  10 A0 90 00 00 00 00 00... load.b  r20, (r18)
0001F868  41 06 A0 00 78 00 00 00... beq r20, r0, .sh_cp_args_init
0001F870  01 BE 80 00 00 00 00 00... move.q  r23, r16
                         .sh_scan_args_colon:
0001F878  10 A0 B8 00 00 00 00 00... load.b  r20, (r23)
0001F880  41 06 A0 00 28 00 00 00... beq r20, r0, .sh_prepend_cwd_init
0001F888  01 AD 00 00 3A 00 00 00... move.l  r21, #0x3A
0001F890  41 06 A0 A8 50 00 00 00... beq     r20, r21, .sh_cp_args_init
0001F898  20 BF B8 00 01 00 00 00... add     r23, r23, #1
0001F8A0  40 06 00 00 D8 FF FF FF... bra     .sh_scan_args_colon
                         .sh_prepend_cwd_init:
0001F8A8  20 97 E8 00 C0 00 00 00... add     r18, r29, #192
                         .sh_prepend_cwd:
0001F8B0  10 A0 90 00 00 00 00 00... load.b  r20, (r18)
0001F8B8  41 06 A0 00 28 00 00 00... beq r20, r0, .sh_cp_args_init
0001F8C0  11 A0 98 00 00 00 00 00... store.b r20, (r19)
0001F8C8  20 97 90 00 01 00 00 00... add     r18, r18, #1
0001F8D0  20 9F 98 00 01 00 00 00... add     r19, r19, #1
0001F8D8  40 06 00 00 D8 FF FF FF... bra     .sh_prepend_cwd
                         .sh_cp_args_init:
0001F8E0  01 A5 00 00 00 00 00 00... move.l  r20, #0
                         .sh_cp_args:
0001F8E8  10 A8 80 00 00 00 00 00... load.b  r21, (r16)
0001F8F0  11 A8 98 00 00 00 00 00... store.b r21, (r19)
0001F8F8  41 06 A8 00 38 00 00 00... beq r21, r0, .sh_args_done
0001F900  20 87 80 00 01 00 00 00... add     r16, r16, #1
0001F908  20 9F 98 00 01 00 00 00... add     r19, r19, #1
0001F910  20 A7 A0 00 01 00 00 00... add     r20, r20, #1
0001F918  01 B5 00 00 00 01 00 00... move.l  r22, #DATA_ARGS_MAX
0001F920  43 06 A0 B0 C8 FF FF FF... blt     r20, r22, .sh_cp_args
0001F928  11 00 98 00 00 00 00 00... store.b r0, (r19)
                         .sh_args_done:
0001F930  40 06 00 00 A8 04 00 00... bra     .sh_send_run
                         .sh_is_path_cmd:
0001F938  01 A5 00 00 03 00 00 00... move.l  r20, #3
0001F940  41 06 88 A0 28 00 00 00... beq     r17, r20, .sipc_maybe_dir
0001F948  01 A5 00 00 04 00 00 00... move.l  r20, #4
0001F950  41 06 88 A0 88 00 00 00... beq     r17, r20, .sipc_maybe_list_or_type
0001F958  01 1E 00 00 00 00 00 00... move.q  r3, r0
0001F960  51 00 00 00 00 00 00 00... rts
                         .sipc_maybe_dir:
0001F968  10 A8 78 00 00 00 00 00... load.b  r21, (r15)
0001F970  31 AF A8 00 20 00 00 00... or      r21, r21, #0x20
0001F978  01 B5 00 00 64 00 00 00... move.l  r22, #0x64
0001F980  42 06 A8 B0 78 01 00 00... bne     r21, r22, .sipc_no
0001F988  10 A9 78 00 01 00 00 00... load.b  r21, 1(r15)
0001F990  31 AF A8 00 20 00 00 00... or      r21, r21, #0x20
0001F998  01 B5 00 00 69 00 00 00... move.l  r22, #0x69
0001F9A0  42 06 A8 B0 58 01 00 00... bne     r21, r22, .sipc_no
0001F9A8  10 A9 78 00 02 00 00 00... load.b  r21, 2(r15)
0001F9B0  31 AF A8 00 20 00 00 00... or      r21, r21, #0x20
0001F9B8  01 B5 00 00 72 00 00 00... move.l  r22, #0x72
0001F9C0  42 06 A8 B0 38 01 00 00... bne     r21, r22, .sipc_no
0001F9C8  01 1D 00 00 01 00 00 00... move.l  r3, #1
0001F9D0  51 00 00 00 00 00 00 00... rts
                         .sipc_maybe_list_or_type:
0001F9D8  10 A8 78 00 00 00 00 00... load.b  r21, (r15)
0001F9E0  31 AF A8 00 20 00 00 00... or      r21, r21, #0x20
0001F9E8  01 B5 00 00 6C 00 00 00... move.l  r22, #0x6C
0001F9F0  41 06 A8 B0 28 00 00 00... beq     r21, r22, .sipc_check_list
0001F9F8  01 B5 00 00 74 00 00 00... move.l  r22, #0x74
0001FA00  41 06 A8 B0 88 00 00 00... beq     r21, r22, .sipc_check_type
0001FA08  01 1E 00 00 00 00 00 00... move.q  r3, r0
0001FA10  51 00 00 00 00 00 00 00... rts
                         .sipc_check_list:
0001FA18  10 A9 78 00 01 00 00 00... load.b  r21, 1(r15)
0001FA20  31 AF A8 00 20 00 00 00... or      r21, r21, #0x20
0001FA28  01 B5 00 00 69 00 00 00... move.l  r22, #0x69
0001FA30  42 06 A8 B0 C8 00 00 00... bne     r21, r22, .sipc_no
0001FA38  10 A9 78 00 02 00 00 00... load.b  r21, 2(r15)
0001FA40  31 AF A8 00 20 00 00 00... or      r21, r21, #0x20
0001FA48  01 B5 00 00 73 00 00 00... move.l  r22, #0x73
0001FA50  42 06 A8 B0 A8 00 00 00... bne     r21, r22, .sipc_no
0001FA58  10 A9 78 00 03 00 00 00... load.b  r21, 3(r15)
0001FA60  31 AF A8 00 20 00 00 00... or      r21, r21, #0x20
0001FA68  01 B5 00 00 74 00 00 00... move.l  r22, #0x74
0001FA70  42 06 A8 B0 88 00 00 00... bne     r21, r22, .sipc_no
0001FA78  01 1D 00 00 01 00 00 00... move.l  r3, #1
0001FA80  51 00 00 00 00 00 00 00... rts
                         .sipc_check_type:
0001FA88  10 A9 78 00 01 00 00 00... load.b  r21, 1(r15)
0001FA90  31 AF A8 00 20 00 00 00... or      r21, r21, #0x20
0001FA98  01 B5 00 00 79 00 00 00... move.l  r22, #0x79
0001FAA0  42 06 A8 B0 58 00 00 00... bne     r21, r22, .sipc_no
0001FAA8  10 A9 78 00 02 00 00 00... load.b  r21, 2(r15)
0001FAB0  31 AF A8 00 20 00 00 00... or      r21, r21, #0x20
0001FAB8  01 B5 00 00 70 00 00 00... move.l  r22, #0x70
0001FAC0  42 06 A8 B0 38 00 00 00... bne     r21, r22, .sipc_no
0001FAC8  10 A9 78 00 03 00 00 00... load.b  r21, 3(r15)
0001FAD0  31 AF A8 00 20 00 00 00... or      r21, r21, #0x20
0001FAD8  01 B5 00 00 65 00 00 00... move.l  r22, #0x65
0001FAE0  42 06 A8 B0 18 00 00 00... bne     r21, r22, .sipc_no
0001FAE8  01 1D 00 00 01 00 00 00... move.l  r3, #1
0001FAF0  51 00 00 00 00 00 00 00... rts
                         .sipc_no:
0001FAF8  01 1E 00 00 00 00 00 00... move.q  r3, r0
0001FB00  51 00 00 00 00 00 00 00... rts
                         .sh_no_args:
0001FB08  01 AD 00 00 02 00 00 00... move.l  r21, #2
0001FB10  43 06 88 A8 30 01 00 00... blt     r17, r21, .sh_no_args_maybe_command
0001FB18  21 97 98 00 02 00 00 00... sub     r18, r19, #2
0001FB20  10 A0 90 00 00 00 00 00... load.b  r20, (r18)
0001FB28  01 AD 00 00 3A 00 00 00... move.l  r21, #0x3A
0001FB30  42 06 A0 A8 10 01 00 00... bne     r20, r21, .sh_no_args_maybe_command
0001FB38  10 77 E8 00 A0 00 00 00... load.q  r14, 160(r29)
0001FB40  01 A5 00 00 00 00 00 00... move.l  r20, #0
                         .sh_cv_copy_query_name:
0001FB48  21 AF 88 00 01 00 00 00... sub     r21, r17, #1
0001FB50  44 06 A0 A8 38 00 00 00... bge     r20, r21, .sh_cv_query_name_done
0001FB58  20 B6 78 A0 00 00 00 00... add     r22, r15, r20
0001FB60  10 B8 B0 00 00 00 00 00... load.b  r23, (r22)
0001FB68  20 B6 70 A0 00 00 00 00... add     r22, r14, r20
0001FB70  11 B8 B0 00 00 00 00 00... store.b r23, (r22)
0001FB78  20 A7 A0 00 01 00 00 00... add     r20, r20, #1
0001FB80  40 06 00 00 C8 FF FF FF... bra     .sh_cv_copy_query_name
                         .sh_cv_query_name_done:
0001FB88  20 B6 70 A0 00 00 00 00... add     r22, r14, r20
0001FB90  11 00 B0 00 00 00 00 00... store.b r0, (r22)
0001FB98  11 7F F8 00 08 00 00 00... store.q r15, 8(sp)
0001FBA0  01 15 00 00 0A 00 00 00... move.l  r2, #DOS_ASSIGN
0001FBA8  01 1D 00 00 01 00 00 00... move.l  r3, #DOS_ASSIGN_QUERY
0001FBB0  01 26 00 00 00 00 00 00... move.q  r4, r0
0001FBB8  10 2F E8 00 98 00 00 00... load.q  r5, 152(r29)
0001FBC0  10 35 E8 00 A8 00 00 00... load.l  r6, 168(r29)
0001FBC8  10 0F E8 00 90 00 00 00... load.q  r1, 144(r29)
0001FBD0  EB 01 00 00 11 00 00 00... syscall #SYS_PUT_MSG
0001FBD8  10 EE F8 00 00 00 00 00... load.q  r29, (sp)
0001FBE0  10 0F E8 00 98 00 00 00... load.q  r1, 152(r29)
0001FBE8  EB 01 00 00 13 00 00 00... syscall #SYS_WAIT_PORT
0001FBF0  10 EE F8 00 00 00 00 00... load.q  r29, (sp)
0001FBF8  42 06 08 00 50 02 00 00... bne r1, r0, .sh_unknown_cmd
                         .sh_current_volume_ok:
0001FC00  10 97 F8 00 08 00 00 00... load.q  r18, 8(sp)
0001FC08  20 AF E8 00 C0 00 00 00... add     r21, r29, #192
                         .sh_set_current_volume:
0001FC10  10 A0 90 00 00 00 00 00... load.b  r20, (r18)
0001FC18  11 A0 A8 00 00 00 00 00... store.b r20, (r21)
0001FC20  41 06 A0 00 40 F8 FF FF... beq r20, r0, .sh_main_loop
0001FC28  20 97 90 00 01 00 00 00... add     r18, r18, #1
0001FC30  20 AF A8 00 01 00 00 00... add     r21, r21, #1
0001FC38  40 06 00 00 D8 FF FF FF... bra     .sh_set_current_volume
                         .sh_no_args_maybe_command:
0001FC40  01 96 70 00 00 00 00 00... move.q  r18, r14
0001FC48  10 A0 90 00 00 00 00 00... load.b  r20, (r18)
0001FC50  01 AD 00 00 44 00 00 00... move.l  r21, #0x44
0001FC58  41 06 A0 A8 48 00 00 00... beq     r20, r21, .sh_maybe_inject_dir
0001FC60  01 AD 00 00 64 00 00 00... move.l  r21, #0x64
0001FC68  41 06 A0 A8 38 00 00 00... beq     r20, r21, .sh_maybe_inject_dir
0001FC70  01 AD 00 00 4C 00 00 00... move.l  r21, #0x4C
0001FC78  41 06 A0 A8 70 00 00 00... beq     r20, r21, .sh_maybe_inject_list
0001FC80  01 AD 00 00 6C 00 00 00... move.l  r21, #0x6C
0001FC88  41 06 A0 A8 60 00 00 00... beq     r20, r21, .sh_maybe_inject_list
0001FC90  11 00 98 00 00 00 00 00... store.b r0, (r19)
0001FC98  40 06 00 00 98 FC FF FF... bra     .sh_args_done
                         .sh_maybe_inject_dir:
0001FCA0  01 AD 00 00 03 00 00 00... move.l  r21, #3
0001FCA8  42 06 88 A8 D8 00 00 00... bne     r17, r21, .sh_no_args_plain
0001FCB0  20 97 90 00 01 00 00 00... add     r18, r18, #1
0001FCB8  10 A0 90 00 00 00 00 00... load.b  r20, (r18)
0001FCC0  01 AD 00 00 49 00 00 00... move.l  r21, #0x49
0001FCC8  41 06 A0 A8 C8 00 00 00... beq     r20, r21, .sh_inject_current_volume
0001FCD0  01 AD 00 00 69 00 00 00... move.l  r21, #0x69
0001FCD8  41 06 A0 A8 B8 00 00 00... beq     r20, r21, .sh_inject_current_volume
0001FCE0  40 06 00 00 A0 00 00 00... bra     .sh_no_args_plain
                         .sh_maybe_inject_list:
0001FCE8  01 AD 00 00 04 00 00 00... move.l  r21, #4
0001FCF0  42 06 88 A8 90 00 00 00... bne     r17, r21, .sh_no_args_plain
0001FCF8  20 97 90 00 01 00 00 00... add     r18, r18, #1
0001FD00  10 A0 90 00 00 00 00 00... load.b  r20, (r18)
0001FD08  01 AD 00 00 49 00 00 00... move.l  r21, #0x49
0001FD10  42 06 A0 A8 28 00 00 00... bne     r20, r21, .sh_maybe_inject_list_lower
0001FD18  20 97 90 00 01 00 00 00... add     r18, r18, #1
0001FD20  10 A0 90 00 00 00 00 00... load.b  r20, (r18)
0001FD28  01 AD 00 00 53 00 00 00... move.l  r21, #0x53
0001FD30  41 06 A0 A8 60 00 00 00... beq     r20, r21, .sh_inject_current_volume
                         .sh_maybe_inject_list_lower:
0001FD38  21 97 90 00 01 00 00 00... sub     r18, r18, #1
0001FD40  20 97 90 00 01 00 00 00... add     r18, r18, #1
0001FD48  10 A0 90 00 00 00 00 00... load.b  r20, (r18)
0001FD50  01 AD 00 00 69 00 00 00... move.l  r21, #0x69
0001FD58  42 06 A0 A8 28 00 00 00... bne     r20, r21, .sh_no_args_plain
0001FD60  20 97 90 00 01 00 00 00... add     r18, r18, #1
0001FD68  10 A0 90 00 00 00 00 00... load.b  r20, (r18)
0001FD70  01 AD 00 00 73 00 00 00... move.l  r21, #0x73
0001FD78  41 06 A0 A8 18 00 00 00... beq     r20, r21, .sh_inject_current_volume
                         .sh_no_args_plain:
0001FD80  11 00 98 00 00 00 00 00... store.b r0, (r19)
0001FD88  40 06 00 00 A8 FB FF FF... bra     .sh_args_done
                         .sh_inject_current_volume:
0001FD90  20 97 E8 00 C0 00 00 00... add     r18, r29, #192
0001FD98  10 A0 90 00 00 00 00 00... load.b  r20, (r18)
0001FDA0  41 06 A0 00 E0 FF FF FF... beq r20, r0, .sh_no_args_plain
                         .sh_cp_current_volume:
0001FDA8  10 A0 90 00 00 00 00 00... load.b  r20, (r18)
0001FDB0  11 A0 98 00 00 00 00 00... store.b r20, (r19)
0001FDB8  41 06 A0 00 78 FB FF FF... beq r20, r0, .sh_args_done
0001FDC0  20 97 90 00 01 00 00 00... add     r18, r18, #1
0001FDC8  20 9F 98 00 01 00 00 00... add     r19, r19, #1
0001FDD0  40 06 00 00 D8 FF FF FF... bra     .sh_cp_current_volume
                         .sh_send_run:
0001FDD8  10 EE F8 00 00 00 00 00... load.q  r29, (sp)
0001FDE0  01 15 00 00 06 00 00 00... move.l  r2, #DOS_RUN
0001FDE8  01 1E 00 00 00 00 00 00... move.q  r3, r0
0001FDF0  01 26 00 00 00 00 00 00... move.q  r4, r0
0001FDF8  10 2F E8 00 98 00 00 00... load.q  r5, 152(r29)
0001FE00  10 35 E8 00 A8 00 00 00... load.l  r6, 168(r29)
0001FE08  10 0F E8 00 90 00 00 00... load.q  r1, 144(r29)
0001FE10  EB 01 00 00 11 00 00 00... syscall #SYS_PUT_MSG
0001FE18  10 EE F8 00 00 00 00 00... load.q  r29, (sp)
0001FE20  10 0F E8 00 98 00 00 00... load.q  r1, 152(r29)
0001FE28  EB 01 00 00 13 00 00 00... syscall #SYS_WAIT_PORT
0001FE30  10 EE F8 00 00 00 00 00... load.q  r29, (sp)
0001FE38  01 75 00 00 01 00 00 00... move.l  r14, #DOS_ERR_NOTFOUND
0001FE40  42 06 08 70 28 00 00 00... bne     r1, r14, .sh_cmd_ok
                         .sh_unknown_cmd:
0001FE48  10 EE F8 00 00 00 00 00... load.q  r29, (sp)
0001FE50  20 A7 E8 00 58 00 00 00... add     r20, r29, #88
0001FE58  50 06 00 00 60 01 00 00... jsr     .sh_send_string
0001FE60  40 06 00 00 00 F6 FF FF... bra     .sh_main_loop
                         .sh_cmd_ok:
0001FE68  01 A5 00 00 C8 00 00 00... move.l  r20, #200
0001FE70  10 97 E8 00 A0 00 00 00... load.q  r18, 160(r29)
0001FE78  10 A8 90 00 00 00 00 00... load.b  r21, (r18)
0001FE80  01 B5 00 00 44 00 00 00... move.l  r22, #0x44
0001FE88  41 06 A8 B0 40 00 00 00... beq     r21, r22, .sh_cmd_settle_dir
0001FE90  01 B5 00 00 64 00 00 00... move.l  r22, #0x64
0001FE98  41 06 A8 B0 30 00 00 00... beq     r21, r22, .sh_cmd_settle_dir
0001FEA0  01 B5 00 00 4C 00 00 00... move.l  r22, #0x4C
0001FEA8  41 06 A8 B0 58 00 00 00... beq     r21, r22, .sh_cmd_settle_list
0001FEB0  01 B5 00 00 6C 00 00 00... move.l  r22, #0x6C
0001FEB8  41 06 A8 B0 48 00 00 00... beq     r21, r22, .sh_cmd_settle_list
0001FEC0  40 06 00 00 B0 00 00 00... bra     .sh_cmd_settle_ready
                         .sh_cmd_settle_dir:
0001FEC8  20 97 90 00 01 00 00 00... add     r18, r18, #1
0001FED0  10 A8 90 00 00 00 00 00... load.b  r21, (r18)
0001FED8  01 B5 00 00 49 00 00 00... move.l  r22, #0x49
0001FEE0  41 06 A8 B0 88 00 00 00... beq     r21, r22, .sh_cmd_settle_long
0001FEE8  01 B5 00 00 69 00 00 00... move.l  r22, #0x69
0001FEF0  41 06 A8 B0 78 00 00 00... beq     r21, r22, .sh_cmd_settle_long
0001FEF8  40 06 00 00 78 00 00 00... bra     .sh_cmd_settle_ready
                         .sh_cmd_settle_list:
0001FF00  20 97 90 00 01 00 00 00... add     r18, r18, #1
0001FF08  10 A8 90 00 00 00 00 00... load.b  r21, (r18)
0001FF10  01 B5 00 00 49 00 00 00... move.l  r22, #0x49
0001FF18  41 06 A8 B0 18 00 00 00... beq     r21, r22, .sh_cmd_settle_list_2
0001FF20  01 B5 00 00 69 00 00 00... move.l  r22, #0x69
0001FF28  42 06 A8 B0 48 00 00 00... bne     r21, r22, .sh_cmd_settle_ready
                         .sh_cmd_settle_list_2:
0001FF30  20 97 90 00 01 00 00 00... add     r18, r18, #1
0001FF38  10 A8 90 00 00 00 00 00... load.b  r21, (r18)
0001FF40  01 B5 00 00 53 00 00 00... move.l  r22, #0x53
0001FF48  41 06 A8 B0 20 00 00 00... beq     r21, r22, .sh_cmd_settle_long
0001FF50  01 B5 00 00 73 00 00 00... move.l  r22, #0x73
0001FF58  41 06 A8 B0 10 00 00 00... beq     r21, r22, .sh_cmd_settle_long
0001FF60  40 06 00 00 10 00 00 00... bra     .sh_cmd_settle_ready
                         .sh_cmd_settle_long:
0001FF68  01 A5 00 00 00 08 00 00... move.l  r20, #2048
                         .sh_cmd_settle_ready:
0001FF70  11 A7 F8 00 08 00 00 00... store.q r20, 8(sp)
                         .sh_delay:
0001FF78  10 A7 F8 00 08 00 00 00... load.q  r20, 8(sp)
0001FF80  41 06 A0 00 30 00 00 00... beq r20, r0, .sh_delay_done
0001FF88  21 A7 A0 00 01 00 00 00... sub     r20, r20, #1
0001FF90  11 A7 F8 00 08 00 00 00... store.q r20, 8(sp)
0001FF98  EB 01 00 00 1A 00 00 00... syscall #SYS_YIELD
0001FFA0  10 EE F8 00 00 00 00 00... load.q  r29, (sp)
0001FFA8  40 06 00 00 D0 FF FF FF... bra     .sh_delay
                         .sh_delay_done:
0001FFB0  40 06 00 00 B0 F4 FF FF... bra     .sh_main_loop
                         .sh_send_string:
0001FFB8  21 FF F8 00 10 00 00 00... sub     sp, sp, #16
0001FFC0  10 EF F8 00 18 00 00 00... load.q  r29, 24(sp)
0001FFC8  11 EE F8 00 00 00 00 00... store.q r29, (sp)
                         .sh_ss_loop:
0001FFD0  11 A7 F8 00 08 00 00 00... store.q r20, 8(sp)
0001FFD8  10 A7 F8 00 08 00 00 00... load.q  r20, 8(sp)
0001FFE0  10 08 A0 00 00 00 00 00... load.b  r1, (r20)
0001FFE8  41 06 08 00 98 00 00 00... beq r1, r0, .sh_ss_done
                         .sh_ss_retry:
0001FFF0  10 A7 F8 00 08 00 00 00... load.q  r20, 8(sp)
0001FFF8  10 18 A0 00 00 00 00 00... load.b  r3, (r20)
00020000  01 15 00 00 00 00 00 00... move.l  r2, #0
00020008  01 26 00 00 00 00 00 00... move.q  r4, r0
00020010  01 2D 00 00 FF FF 00 00... move.l  r5, #REPLY_PORT_NONE
00020018  01 36 00 00 00 00 00 00... move.q  r6, r0
00020020  10 EE F8 00 00 00 00 00... load.q  r29, (sp)
00020028  10 0F E8 00 88 00 00 00... load.q  r1, 136(r29)
00020030  EB 01 00 00 11 00 00 00... syscall #SYS_PUT_MSG
00020038  10 EE F8 00 00 00 00 00... load.q  r29, (sp)
00020040  01 E5 00 00 09 00 00 00... move.l  r28, #ERR_FULL
00020048  41 06 10 E0 20 00 00 00... beq     r2, r28, .sh_ss_full
00020050  10 A7 F8 00 08 00 00 00... load.q  r20, 8(sp)
00020058  20 A7 A0 00 01 00 00 00... add     r20, r20, #1
00020060  40 06 00 00 70 FF FF FF... bra     .sh_ss_loop
                         .sh_ss_full:
00020068  EB 01 00 00 1A 00 00 00... syscall #SYS_YIELD
00020070  10 EE F8 00 00 00 00 00... load.q  r29, (sp)
00020078  40 06 00 00 78 FF FF FF... bra     .sh_ss_retry
                         .sh_ss_done:
00020080  20 FF F8 00 10 00 00 00... add     sp, sp, #16
00020088  51 00 00 00 00 00 00 00... rts
                         prog_shell_code_end:
                         prog_shell_data:
00020090  63 6F 6E 73 6F 6C 65 2E... dc.b    "console.handler", 0
000200A0  64 6F 73 2E 6C 69 62 72... dc.b    "dos.library", 0, 0, 0, 0, 0
000200B0  53 68 65 6C 6C 20 4D 31... dc.b    "Shell M10 [Task ", 0
                         ds.b    7  ; 7 bytes reserved
                         ds.b    24  ; 24 bytes reserved
000200E0  31 3E 20 00              dc.b    "1> ", 0
                         ds.b    4  ; 4 bytes reserved
000200E8  55 6E 6B 6E 6F 77 6E 20... dc.b    "Unknown command", 0x0D, 0x0A, 0
                         ds.b    22  ; 22 bytes reserved
                         ds.b    8  ; 8 bytes reserved
                         ds.b    8  ; 8 bytes reserved
                         ds.b    8  ; 8 bytes reserved
                         ds.b    8  ; 8 bytes reserved
                         ds.b    8  ; 8 bytes reserved
                         ds.b    8  ; 8 bytes reserved
                         ds.b    8  ; 8 bytes reserved
                         ds.b    8  ; 8 bytes reserved
                         ds.b    8  ; 8 bytes reserved
                         ds.b    16  ; 16 bytes reserved
                         ds.b    8  ; 8 bytes reserved
                         ds.b    16  ; 16 bytes reserved
                         ds.b    128  ; 128 bytes reserved
                         ds.b    320  ; 320 bytes reserved
                         prog_shell_iosm:
                         prog_shell_data_end:
                         prog_shell_end:
                         prog_doslib_data_end:
                         prog_doslib_end:
